Study ID	Patient ID	Sample ID	Diagnosis Age	Age Group at Diagnosis in Years	American Joint Committee on Cancer Metastasis Stage Code	Neoplasm Disease Lymph Node Stage American Joint Committee on Cancer Code	Neoplasm Disease Stage American Joint Committee on Cancer Code	American Joint Committee on Cancer Publication Version Type	American Joint Committee on Cancer Tumor Stage Code	Barretts Esophagus	Bone Scan Result	Cancer Type	Cancer Type Detailed	City of Procurement	Neoplasm American Joint Committee on Cancer Clinical Group Stage	Neoplasm American Joint Committee on Cancer Clinical Distant Metastasis M Stage	Neoplasm American Joint Committee on Cancer Clinical Regional Lymph Node N Stage	Neoplasm American Joint Committee on Cancer Clinical Primary Tumor T Stage	Cohort	Days to Sample Collection.	Last Alive Less Initial Pathologic Diagnosis Date Calculated Day Value	days_to_patient_progression_free	Days to Sample Procurement	days_to_tumor_progression	Disease Free (Months)	Disease Free Status	Disease code	EBV Status	Ethnicity Category	Lymphomatous Extranodal Site Involvement Indicator	Family History of Stomach Cancer	Form completion date	Fraction Genome Altered	Neoplasm Histologic Grade	HER2 ihc score	Neoplasm Histologic Type Name	Neoadjuvant Therapy Type Administered Prior To Resection Text	Prior Cancer Diagnosis Occurence	H-PYLORI Infection	ICD-10 Classification	International Classification of Diseases for Oncology, Third Edition ICD-O-3 Histology Code	International Classification of Diseases for Oncology, Third Edition ICD-O-3 Site Code	Informed consent verified	Year Cancer Initial Diagnosis	Is FFPE	Laurens classification	Lauren Class	Longest Dimension	Primary Lymph Node Presentation Assessment Ind-3	Positive Finding Lymph Node Hematoxylin and Eosin Staining Microscopy Count	Lymph Node(s) Examined Number	First Pathologic Diagnosis Biospecimen Acquisition Method Type	Molecular subtype	MSI Status	Mutation Count	M Stage	Neoadjuvant Chemotherapy	New Neoplasm Event Post Initial Therapy Indicator	Number of lymphnodes positive by ihc	Number of Relatives w/Stomach Cancer	N Stage	Oct embedded	Oncotree Code	Overall Survival (Months)	Overall Survival Status	Specimen Collection Method	Other Patient ID	Other Sample ID	Pathology Lauren	Pathology Report File Name	Pathology report uuid	Patient Death Reason	Patient Primary Tumor Site	Project code	Tissue Prospective Collection Indicator	Race Category	Did patient start adjuvant postoperative radiotherapy?	Reflux History	Surgical Margin Resection Status	Tissue Retrospective Collection Indicator	RHOA Mutation	Sample Class	Number of Samples Per Patient	Sample Initial Weight	Sample Type	Sample type id	Sex	Shortest Dimension	Tumor Tissue Site	Somatic Status	Specimen Current Weight	Specimen Freezing Means	Specimen Second Longest Dimension	Stage	Stage M	Stage N	Stage Other	Stage T	Adjuvant Postoperative Targeted Therapy Administered Indicator	Time between clamping and freezing	Time between excision and freezing	Tissue Source Site	TMB (nonsynonymous)	Treatment	Primary Therapy Outcome Success Type	Treatment Type	tumor content	Tumor Differentiation 	Tumor sample procurement country	Tumor Site	Person Neoplasm Status	Type of Surgery	T Stage	UICC Tumor Stage	Vial number	Patient's Vital Status	xcell ADC	xcell ADIPOCYTES	xcell ASTROCYTES	xcell B-CELLS	xcell BASOPHILS	xcell CD4+ MEMORY T-CELLS	xcell CD4+ NAIVE T-CELLS	xcell CD4+ T-CELLS	xcell CD4+ TCM	xcell CD4+ TEM	xcell CD8+ NAIVE T-CELLS	xcell CD8+ T-CELLS	xcell CD8+ TCM	xcell CD8+ TEM	xcell CDC	xcell CHONDROCYTES	xcell CLASS-SWITCHED MEMORY B-CELLS	xcell CLP	xcell CMP	xcell DC	xcell ENDOTHELIAL CELLS	xcell EOSINOPHILS	xcell EPITHELIAL CELLS	xcell ERYTHROCYTES	xcell FIBROBLASTS	xcell GMP	xcell HEPATOCYTES	xcell HSC	xcell IDC	xcell IMMUNESCORE	xcell KERATINOCYTES	xcell LY ENDOTHELIAL CELLS	xcell MACROPHAGES	xcell MACROPHAGES M1	xcell MACROPHAGES M2	xcell MAST CELLS	xcell MEGAKARYOCYTES	xcell MELANOCYTES	xcell MEMORY B-CELLS	xcell MEP	xcell MESANGIAL CELLS	xcell MICROENVIRONMENTSCORE	xcell MONOCYTES	xcell MPP	xcell MSC	xcell MV ENDOTHELIAL CELLS	xcell MYOCYTES	xcell NAIVE B-CELLS	xcell NEURONS	xcell NEUTROPHILS	xcell NK CELLS	xcell NKT	xcell OSTEOBLAST	xcell PDC	xcell PERICYTES	xcell PLASMA CELLS	xcell PLATELETS	xcell PREADIPOCYTES	xcell PRO B-CELLS	xcell SEBOCYTES	xcell SKELETAL MUSCLE	xcell SMOOTH MUSCLE	xcell STROMASCORE	xcell TGD CELLS	xcell TH1 CELLS	xcell TH2 CELLS	xcell TREGS
stad_utokyo	GC289	GC_289T-GC_289N	NA	NA	NA	NA	NA	NA	NA	NA	NA	Esophagogastric Cancer	Stomach Adenocarcinoma	NA	NA	NA	NA	NA	NA	NA	NA	NA	NA	NA	NA	NA	NA	NA	NA	NA	NA	NA	NA	NA	NA	NA	NA	NA	NA	NA	NA	NA	NA	NA	NA	NA	NA	NA	NA	NA	NA	NA	NA	NA	24	NA	NA	NA	NA	NA	NA	NA	STAD	NA	NA	NA	NA	NA	NA	NA	NA	NA	NA	NA	NA	NA	NA	NA	NA	NA	NA	NA	1	NA	NA	NA	NA	NA	NA	Matched	NA	NA	NA	NA	NA	NA	NA	NA	NA	NA	NA	NA	0.833333333333	NA	NA	NA	NA	NA	NA	NA	NA	NA	NA	NA	NA	NA	NA	NA	NA	NA	NA	NA	NA	NA	NA	NA	NA	NA	NA	NA	NA	NA	NA	NA	NA	NA	NA	NA	NA	NA	NA	NA	NA	NA	NA	NA	NA	NA	NA	NA	NA	NA	NA	NA	NA	NA	NA	NA	NA	NA	NA	NA	NA	NA	NA	NA	NA	NA	NA	NA	NA	NA	NA	NA	NA	NA	NA	NA	NA	NA	NA	NA	NA
stad_utokyo	GC296	GC_296T1-GC_296N	NA	NA	NA	NA	NA	NA	NA	NA	NA	Esophagogastric Cancer	Stomach Adenocarcinoma	NA	NA	NA	NA	NA	NA	NA	NA	NA	NA	NA	NA	NA	NA	NA	NA	NA	NA	NA	NA	NA	NA	NA	NA	NA	NA	NA	NA	NA	NA	NA	NA	NA	NA	NA	NA	NA	NA	NA	NA	NA	81	NA	NA	NA	NA	NA	NA	NA	STAD	NA	NA	NA	NA	NA	NA	NA	NA	NA	NA	NA	NA	NA	NA	NA	NA	NA	NA	NA	1	NA	NA	NA	NA	NA	NA	Matched	NA	NA	NA	NA	NA	NA	NA	NA	NA	NA	NA	NA	2.7	NA	NA	NA	NA	NA	NA	NA	NA	NA	NA	NA	NA	NA	NA	NA	NA	NA	NA	NA	NA	NA	NA	NA	NA	NA	NA	NA	NA	NA	NA	NA	NA	NA	NA	NA	NA	NA	NA	NA	NA	NA	NA	NA	NA	NA	NA	NA	NA	NA	NA	NA	NA	NA	NA	NA	NA	NA	NA	NA	NA	NA	NA	NA	NA	NA	NA	NA	NA	NA	NA	NA	NA	NA	NA	NA	NA	NA	NA	NA	NA
stad_utokyo	GC297	GC_297_T-GC_297_N	NA	NA	NA	NA	NA	NA	NA	NA	NA	Esophagogastric Cancer	Stomach Adenocarcinoma	NA	NA	NA	NA	NA	NA	NA	NA	NA	NA	NA	NA	NA	NA	NA	NA	NA	NA	NA	NA	NA	NA	NA	NA	NA	NA	NA	NA	NA	NA	NA	NA	NA	NA	NA	NA	NA	NA	NA	NA	NA	20	NA	NA	NA	NA	NA	NA	NA	STAD	NA	NA	NA	NA	NA	NA	NA	NA	NA	NA	NA	NA	NA	NA	NA	NA	NA	NA	NA	1	NA	NA	NA	NA	NA	NA	Matched	NA	NA	NA	NA	NA	NA	NA	NA	NA	NA	NA	NA	0.766666666667	NA	NA	NA	NA	NA	NA	NA	NA	NA	NA	NA	NA	NA	NA	NA	NA	NA	NA	NA	NA	NA	NA	NA	NA	NA	NA	NA	NA	NA	NA	NA	NA	NA	NA	NA	NA	NA	NA	NA	NA	NA	NA	NA	NA	NA	NA	NA	NA	NA	NA	NA	NA	NA	NA	NA	NA	NA	NA	NA	NA	NA	NA	NA	NA	NA	NA	NA	NA	NA	NA	NA	NA	NA	NA	NA	NA	NA	NA	NA	NA
stad_utokyo	GC299	GC_299T1-GC_299N	NA	70-80	NA	NA	NA	NA	NA	NA	0(IIa+IIc)	Esophagogastric Cancer	Stomach Adenocarcinoma	NA	NA	NA	NA	NA	NA	NA	NA	NA	NA	NA	NA	NA	NA	NA	NA	NA	NA	NA	NA	Poor	1	NA	NA	NA	NA	NA	NA	NA	NA	NA	NA	NA	Diffuse	NA	NA	NA	NA	NA	NA	NA	84	M0	NA	NA	NA	NA	N1	NA	STAD	NA	NA	NA	NA	NA	NA	NA	NA	NA	NA	NA	NA	NA	NA	NA	NA	NA	Y42C	NA	1	NA	NA	NA	Male	NA	NA	Matched	NA	NA	NA	NA	NA	NA	NA	NA	NA	NA	NA	NA	2.96666666667	NA	NA	NA	NA	NA	NA	U	NA	NA	T1b	IB	NA	NA	NA	NA	NA	NA	NA	NA	NA	NA	NA	NA	NA	NA	NA	NA	NA	NA	NA	NA	NA	NA	NA	NA	NA	NA	NA	NA	NA	NA	NA	NA	NA	NA	NA	NA	NA	NA	NA	NA	NA	NA	NA	NA	NA	NA	NA	NA	NA	NA	NA	NA	NA	NA	NA	NA	NA	NA	NA	NA	NA	NA	NA	NA	NA	NA	NA	NA	NA
stad_utokyo	GC302	GC_302T-GC_302N	NA	60-70	NA	NA	NA	NA	NA	NA	3	Esophagogastric Cancer	Stomach Adenocarcinoma	NA	NA	NA	NA	NA	NA	NA	NA	NA	NA	NA	NA	NA	NA	NA	NA	NA	NA	NA	NA	Poor	0	NA	NA	NA	NA	NA	NA	NA	NA	NA	NA	NA	Diffuse	NA	NA	NA	NA	NA	NA	NA	40	M0	NA	NA	NA	NA	N1	NA	STAD	NA	NA	NA	NA	NA	NA	NA	NA	NA	NA	NA	NA	NA	NA	NA	NA	NA	L22R	NA	1	NA	NA	NA	Male	NA	NA	Matched	NA	NA	NA	NA	NA	NA	NA	NA	NA	NA	NA	NA	1.36666666667	NA	NA	NA	NA	NA	NA	L	NA	NA	T2	IIA	NA	NA	NA	NA	NA	NA	NA	NA	NA	NA	NA	NA	NA	NA	NA	NA	NA	NA	NA	NA	NA	NA	NA	NA	NA	NA	NA	NA	NA	NA	NA	NA	NA	NA	NA	NA	NA	NA	NA	NA	NA	NA	NA	NA	NA	NA	NA	NA	NA	NA	NA	NA	NA	NA	NA	NA	NA	NA	NA	NA	NA	NA	NA	NA	NA	NA	NA	NA	NA
stad_utokyo	GC304	GC_304T-GC_304N	NA	NA	NA	NA	NA	NA	NA	NA	NA	Esophagogastric Cancer	Stomach Adenocarcinoma	NA	NA	NA	NA	NA	NA	NA	NA	NA	NA	NA	NA	NA	NA	NA	NA	NA	NA	NA	NA	NA	NA	NA	NA	NA	NA	NA	NA	NA	NA	NA	NA	NA	NA	NA	NA	NA	NA	NA	NA	NA	29	NA	NA	NA	NA	NA	NA	NA	STAD	NA	NA	NA	NA	NA	NA	NA	NA	NA	NA	NA	NA	NA	NA	NA	NA	NA	NA	NA	1	NA	NA	NA	NA	NA	NA	Matched	NA	NA	NA	NA	NA	NA	NA	NA	NA	NA	NA	NA	1.03333333333	NA	NA	NA	NA	NA	NA	NA	NA	NA	NA	NA	NA	NA	NA	NA	NA	NA	NA	NA	NA	NA	NA	NA	NA	NA	NA	NA	NA	NA	NA	NA	NA	NA	NA	NA	NA	NA	NA	NA	NA	NA	NA	NA	NA	NA	NA	NA	NA	NA	NA	NA	NA	NA	NA	NA	NA	NA	NA	NA	NA	NA	NA	NA	NA	NA	NA	NA	NA	NA	NA	NA	NA	NA	NA	NA	NA	NA	NA	NA	NA
stad_utokyo	GC306	GC_306T-GC_306N	NA	NA	NA	NA	NA	NA	NA	NA	NA	Esophagogastric Cancer	Stomach Adenocarcinoma	NA	NA	NA	NA	NA	NA	NA	NA	NA	NA	NA	NA	NA	NA	NA	NA	NA	NA	NA	NA	NA	NA	NA	NA	NA	NA	NA	NA	NA	NA	NA	NA	NA	NA	NA	NA	NA	NA	NA	NA	NA	14	NA	NA	NA	NA	NA	NA	NA	STAD	NA	NA	NA	NA	NA	NA	NA	NA	NA	NA	NA	NA	NA	NA	NA	NA	NA	NA	NA	1	NA	NA	NA	NA	NA	NA	Matched	NA	NA	NA	NA	NA	NA	NA	NA	NA	NA	NA	NA	0.533333333333	NA	NA	NA	NA	NA	NA	NA	NA	NA	NA	NA	NA	NA	NA	NA	NA	NA	NA	NA	NA	NA	NA	NA	NA	NA	NA	NA	NA	NA	NA	NA	NA	NA	NA	NA	NA	NA	NA	NA	NA	NA	NA	NA	NA	NA	NA	NA	NA	NA	NA	NA	NA	NA	NA	NA	NA	NA	NA	NA	NA	NA	NA	NA	NA	NA	NA	NA	NA	NA	NA	NA	NA	NA	NA	NA	NA	NA	NA	NA	NA
stad_utokyo	GC307	GC_307T-GC_307N	NA	70-80	NA	NA	NA	NA	NA	NA	5	Esophagogastric Cancer	Stomach Adenocarcinoma	NA	NA	NA	NA	NA	NA	NA	NA	NA	NA	NA	NA	NA	NA	NA	NA	NA	NA	NA	NA	Poor	0	NA	NA	NA	NA	NA	NA	NA	NA	NA	NA	NA	Diffuse	NA	NA	NA	NA	NA	NA	NA	79	M0	NA	NA	NA	NA	N0	NA	STAD	NA	NA	NA	NA	NA	NA	NA	NA	NA	NA	NA	NA	NA	NA	NA	NA	NA	R5W	NA	1	NA	NA	NA	Male	NA	NA	Matched	NA	NA	NA	NA	NA	NA	NA	NA	NA	NA	NA	NA	2.86666666667	NA	NA	NA	NA	NA	NA	L	NA	NA	T2	IB	NA	NA	NA	NA	NA	NA	NA	NA	NA	NA	NA	NA	NA	NA	NA	NA	NA	NA	NA	NA	NA	NA	NA	NA	NA	NA	NA	NA	NA	NA	NA	NA	NA	NA	NA	NA	NA	NA	NA	NA	NA	NA	NA	NA	NA	NA	NA	NA	NA	NA	NA	NA	NA	NA	NA	NA	NA	NA	NA	NA	NA	NA	NA	NA	NA	NA	NA	NA	NA
stad_utokyo	GC310	GC_310T-GC_310N	NA	NA	NA	NA	NA	NA	NA	NA	NA	Esophagogastric Cancer	Stomach Adenocarcinoma	NA	NA	NA	NA	NA	NA	NA	NA	NA	NA	NA	NA	NA	NA	NA	NA	NA	NA	NA	NA	NA	NA	NA	NA	NA	NA	NA	NA	NA	NA	NA	NA	NA	NA	NA	NA	NA	NA	NA	NA	NA	11	NA	NA	NA	NA	NA	NA	NA	STAD	NA	NA	NA	NA	NA	NA	NA	NA	NA	NA	NA	NA	NA	NA	NA	NA	NA	NA	NA	1	NA	NA	NA	NA	NA	NA	Matched	NA	NA	NA	NA	NA	NA	NA	NA	NA	NA	NA	NA	0.366666666667	NA	NA	NA	NA	NA	NA	NA	NA	NA	NA	NA	NA	NA	NA	NA	NA	NA	NA	NA	NA	NA	NA	NA	NA	NA	NA	NA	NA	NA	NA	NA	NA	NA	NA	NA	NA	NA	NA	NA	NA	NA	NA	NA	NA	NA	NA	NA	NA	NA	NA	NA	NA	NA	NA	NA	NA	NA	NA	NA	NA	NA	NA	NA	NA	NA	NA	NA	NA	NA	NA	NA	NA	NA	NA	NA	NA	NA	NA	NA	NA
stad_utokyo	GC312	GC_312T-GC_312N	NA	NA	NA	NA	NA	NA	NA	NA	NA	Esophagogastric Cancer	Stomach Adenocarcinoma	NA	NA	NA	NA	NA	NA	NA	NA	NA	NA	NA	NA	NA	NA	NA	NA	NA	NA	NA	NA	NA	NA	NA	NA	NA	NA	NA	NA	NA	NA	NA	NA	NA	NA	NA	NA	NA	NA	NA	NA	NA	63	NA	NA	NA	NA	NA	NA	NA	STAD	NA	NA	NA	NA	NA	NA	NA	NA	NA	NA	NA	NA	NA	NA	NA	NA	NA	NA	NA	1	NA	NA	NA	NA	NA	NA	Matched	NA	NA	NA	NA	NA	NA	NA	NA	NA	NA	NA	NA	2.23333333333	NA	NA	NA	NA	NA	NA	NA	NA	NA	NA	NA	NA	NA	NA	NA	NA	NA	NA	NA	NA	NA	NA	NA	NA	NA	NA	NA	NA	NA	NA	NA	NA	NA	NA	NA	NA	NA	NA	NA	NA	NA	NA	NA	NA	NA	NA	NA	NA	NA	NA	NA	NA	NA	NA	NA	NA	NA	NA	NA	NA	NA	NA	NA	NA	NA	NA	NA	NA	NA	NA	NA	NA	NA	NA	NA	NA	NA	NA	NA	NA
stad_utokyo	GC313	GC_313T-GC_313N	NA	80-90	NA	NA	NA	NA	NA	NA	3	Esophagogastric Cancer	Stomach Adenocarcinoma	NA	NA	NA	NA	NA	NA	NA	NA	NA	NA	NA	NA	NA	NA	NA	NA	NA	NA	NA	NA	Poor	0	NA	NA	NA	NA	NA	NA	NA	NA	NA	NA	NA	Diffuse	NA	NA	NA	NA	NA	NA	NA	111	M1	NA	NA	NA	NA	N3a	NA	STAD	NA	NA	NA	NA	NA	NA	NA	NA	NA	NA	NA	NA	NA	NA	NA	NA	NA	Y42C	NA	1	NA	NA	NA	Male	NA	NA	Matched	NA	NA	NA	NA	NA	NA	NA	NA	NA	NA	NA	NA	3.73333333333	NA	NA	NA	NA	NA	NA	L	NA	NA	T4a	IV	NA	NA	NA	NA	NA	NA	NA	NA	NA	NA	NA	NA	NA	NA	NA	NA	NA	NA	NA	NA	NA	NA	NA	NA	NA	NA	NA	NA	NA	NA	NA	NA	NA	NA	NA	NA	NA	NA	NA	NA	NA	NA	NA	NA	NA	NA	NA	NA	NA	NA	NA	NA	NA	NA	NA	NA	NA	NA	NA	NA	NA	NA	NA	NA	NA	NA	NA	NA	NA
stad_utokyo	GC314	GC_314T-GC_314N	NA	NA	NA	NA	NA	NA	NA	NA	NA	Esophagogastric Cancer	Stomach Adenocarcinoma	NA	NA	NA	NA	NA	NA	NA	NA	NA	NA	NA	NA	NA	NA	NA	NA	NA	NA	NA	NA	NA	NA	NA	NA	NA	NA	NA	NA	NA	NA	NA	NA	NA	NA	NA	NA	NA	NA	NA	NA	NA	55	NA	NA	NA	NA	NA	NA	NA	STAD	NA	NA	NA	NA	NA	NA	NA	NA	NA	NA	NA	NA	NA	NA	NA	NA	NA	NA	NA	1	NA	NA	NA	NA	NA	NA	Matched	NA	NA	NA	NA	NA	NA	NA	NA	NA	NA	NA	NA	1.93333333333	NA	NA	NA	NA	NA	NA	NA	NA	NA	NA	NA	NA	NA	NA	NA	NA	NA	NA	NA	NA	NA	NA	NA	NA	NA	NA	NA	NA	NA	NA	NA	NA	NA	NA	NA	NA	NA	NA	NA	NA	NA	NA	NA	NA	NA	NA	NA	NA	NA	NA	NA	NA	NA	NA	NA	NA	NA	NA	NA	NA	NA	NA	NA	NA	NA	NA	NA	NA	NA	NA	NA	NA	NA	NA	NA	NA	NA	NA	NA	NA
stad_utokyo	GC315	GC_315T-GC_315N	NA	60-70	NA	NA	NA	NA	NA	NA	3	Esophagogastric Cancer	Stomach Adenocarcinoma	NA	NA	NA	NA	NA	NA	NA	NA	NA	NA	NA	NA	NA	NA	NA	NA	NA	NA	NA	NA	Poor	0	NA	NA	NA	NA	NA	NA	NA	NA	NA	NA	NA	Diffuse	NA	NA	NA	NA	NA	NA	NA	115	M0	NA	NA	NA	NA	N2	NA	STAD	NA	NA	NA	NA	NA	NA	NA	NA	NA	NA	NA	NA	NA	NA	NA	NA	NA	Y42C	NA	1	NA	NA	NA	Female	NA	NA	Matched	NA	NA	NA	NA	NA	NA	NA	NA	NA	NA	NA	NA	3.96666666667	NA	NA	NA	NA	NA	NA	M	NA	NA	T4a	IIIB	NA	NA	NA	NA	NA	NA	NA	NA	NA	NA	NA	NA	NA	NA	NA	NA	NA	NA	NA	NA	NA	NA	NA	NA	NA	NA	NA	NA	NA	NA	NA	NA	NA	NA	NA	NA	NA	NA	NA	NA	NA	NA	NA	NA	NA	NA	NA	NA	NA	NA	NA	NA	NA	NA	NA	NA	NA	NA	NA	NA	NA	NA	NA	NA	NA	NA	NA	NA	NA
stad_utokyo	GC319	GC_319T-GC_319N	NA	NA	NA	NA	NA	NA	NA	NA	NA	Esophagogastric Cancer	Stomach Adenocarcinoma	NA	NA	NA	NA	NA	NA	NA	NA	NA	NA	NA	NA	NA	NA	NA	NA	NA	NA	NA	NA	NA	NA	NA	NA	NA	NA	NA	NA	NA	NA	NA	NA	NA	NA	NA	NA	NA	NA	NA	NA	NA	47	NA	NA	NA	NA	NA	NA	NA	STAD	NA	NA	NA	NA	NA	NA	NA	NA	NA	NA	NA	NA	NA	NA	NA	NA	NA	NA	NA	1	NA	NA	NA	NA	NA	NA	Matched	NA	NA	NA	NA	NA	NA	NA	NA	NA	NA	NA	NA	1.63333333333	NA	NA	NA	NA	NA	NA	NA	NA	NA	NA	NA	NA	NA	NA	NA	NA	NA	NA	NA	NA	NA	NA	NA	NA	NA	NA	NA	NA	NA	NA	NA	NA	NA	NA	NA	NA	NA	NA	NA	NA	NA	NA	NA	NA	NA	NA	NA	NA	NA	NA	NA	NA	NA	NA	NA	NA	NA	NA	NA	NA	NA	NA	NA	NA	NA	NA	NA	NA	NA	NA	NA	NA	NA	NA	NA	NA	NA	NA	NA	NA
stad_utokyo	GC325	GC_325T-GC_325N	NA	NA	NA	NA	NA	NA	NA	NA	NA	Esophagogastric Cancer	Stomach Adenocarcinoma	NA	NA	NA	NA	NA	NA	NA	NA	NA	NA	NA	NA	NA	NA	NA	NA	NA	NA	NA	NA	NA	NA	NA	NA	NA	NA	NA	NA	NA	NA	NA	NA	NA	NA	NA	NA	NA	NA	NA	NA	NA	46	NA	NA	NA	NA	NA	NA	NA	STAD	NA	NA	NA	NA	NA	NA	NA	NA	NA	NA	NA	NA	NA	NA	NA	NA	NA	NA	NA	1	NA	NA	NA	NA	NA	NA	Matched	NA	NA	NA	NA	NA	NA	NA	NA	NA	NA	NA	NA	1.56666666667	NA	NA	NA	NA	NA	NA	NA	NA	NA	NA	NA	NA	NA	NA	NA	NA	NA	NA	NA	NA	NA	NA	NA	NA	NA	NA	NA	NA	NA	NA	NA	NA	NA	NA	NA	NA	NA	NA	NA	NA	NA	NA	NA	NA	NA	NA	NA	NA	NA	NA	NA	NA	NA	NA	NA	NA	NA	NA	NA	NA	NA	NA	NA	NA	NA	NA	NA	NA	NA	NA	NA	NA	NA	NA	NA	NA	NA	NA	NA	NA
stad_utokyo	GC332	GC_332T-GC_332N	NA	70-80	NA	NA	NA	NA	NA	NA	3	Esophagogastric Cancer	Stomach Adenocarcinoma	NA	NA	NA	NA	NA	NA	NA	NA	NA	NA	NA	NA	NA	NA	NA	NA	NA	NA	NA	NA	Poor	0	NA	NA	NA	NA	NA	NA	NA	NA	NA	NA	NA	Diffuse	NA	NA	NA	NA	NA	NA	NA	28	M0	NA	NA	NA	NA	N2	NA	STAD	NA	NA	NA	NA	NA	NA	NA	NA	NA	NA	NA	NA	NA	NA	NA	NA	NA	Y42C	NA	1	NA	NA	NA	Female	NA	NA	Matched	NA	NA	NA	NA	NA	NA	NA	NA	NA	NA	NA	NA	0.933333333333	NA	NA	NA	NA	NA	NA	M	NA	NA	T4a	IIIB	NA	NA	NA	NA	NA	NA	NA	NA	NA	NA	NA	NA	NA	NA	NA	NA	NA	NA	NA	NA	NA	NA	NA	NA	NA	NA	NA	NA	NA	NA	NA	NA	NA	NA	NA	NA	NA	NA	NA	NA	NA	NA	NA	NA	NA	NA	NA	NA	NA	NA	NA	NA	NA	NA	NA	NA	NA	NA	NA	NA	NA	NA	NA	NA	NA	NA	NA	NA	NA
stad_utokyo	GC337	GC_337T-GC_337N	NA	NA	NA	NA	NA	NA	NA	NA	NA	Esophagogastric Cancer	Stomach Adenocarcinoma	NA	NA	NA	NA	NA	NA	NA	NA	NA	NA	NA	NA	NA	NA	NA	NA	NA	NA	NA	NA	NA	NA	NA	NA	NA	NA	NA	NA	NA	NA	NA	NA	NA	NA	NA	NA	NA	NA	NA	NA	NA	38	NA	NA	NA	NA	NA	NA	NA	STAD	NA	NA	NA	NA	NA	NA	NA	NA	NA	NA	NA	NA	NA	NA	NA	NA	NA	NA	NA	1	NA	NA	NA	NA	NA	NA	Matched	NA	NA	NA	NA	NA	NA	NA	NA	NA	NA	NA	NA	1.26666666667	NA	NA	NA	NA	NA	NA	NA	NA	NA	NA	NA	NA	NA	NA	NA	NA	NA	NA	NA	NA	NA	NA	NA	NA	NA	NA	NA	NA	NA	NA	NA	NA	NA	NA	NA	NA	NA	NA	NA	NA	NA	NA	NA	NA	NA	NA	NA	NA	NA	NA	NA	NA	NA	NA	NA	NA	NA	NA	NA	NA	NA	NA	NA	NA	NA	NA	NA	NA	NA	NA	NA	NA	NA	NA	NA	NA	NA	NA	NA	NA
stad_utokyo	GC340	GC_340T-GC_340N	NA	NA	NA	NA	NA	NA	NA	NA	NA	Esophagogastric Cancer	Stomach Adenocarcinoma	NA	NA	NA	NA	NA	NA	NA	NA	NA	NA	NA	NA	NA	NA	NA	NA	NA	NA	NA	NA	NA	NA	NA	NA	NA	NA	NA	NA	NA	NA	NA	NA	NA	NA	NA	NA	NA	NA	NA	NA	NA	6	NA	NA	NA	NA	NA	NA	NA	STAD	NA	NA	NA	NA	NA	NA	NA	NA	NA	NA	NA	NA	NA	NA	NA	NA	NA	NA	NA	1	NA	NA	NA	NA	NA	NA	Matched	NA	NA	NA	NA	NA	NA	NA	NA	NA	NA	NA	NA	0.233333333333	NA	NA	NA	NA	NA	NA	NA	NA	NA	NA	NA	NA	NA	NA	NA	NA	NA	NA	NA	NA	NA	NA	NA	NA	NA	NA	NA	NA	NA	NA	NA	NA	NA	NA	NA	NA	NA	NA	NA	NA	NA	NA	NA	NA	NA	NA	NA	NA	NA	NA	NA	NA	NA	NA	NA	NA	NA	NA	NA	NA	NA	NA	NA	NA	NA	NA	NA	NA	NA	NA	NA	NA	NA	NA	NA	NA	NA	NA	NA	NA
stad_utokyo	GC342	GC_342T_a-GC_342N	NA	60-70	NA	NA	NA	NA	NA	NA	3	Esophagogastric Cancer	Stomach Adenocarcinoma	NA	NA	NA	NA	NA	NA	NA	NA	NA	NA	NA	NA	NA	NA	NA	NA	NA	NA	NA	NA	Poor	0	NA	NA	NA	NA	NA	NA	NA	NA	NA	NA	NA	Diffuse	NA	NA	NA	NA	NA	NA	NA	30	M0	NA	NA	NA	NA	N2	NA	STAD	NA	NA	NA	NA	NA	NA	NA	NA	NA	NA	NA	NA	NA	NA	NA	NA	NA	R5W	NA	1	NA	NA	NA	Male	NA	NA	Matched	NA	NA	NA	NA	NA	NA	NA	NA	NA	NA	NA	NA	1.0	NA	NA	NA	NA	NA	NA	M	NA	NA	T3	IIIA	NA	NA	NA	NA	NA	NA	NA	NA	NA	NA	NA	NA	NA	NA	NA	NA	NA	NA	NA	NA	NA	NA	NA	NA	NA	NA	NA	NA	NA	NA	NA	NA	NA	NA	NA	NA	NA	NA	NA	NA	NA	NA	NA	NA	NA	NA	NA	NA	NA	NA	NA	NA	NA	NA	NA	NA	NA	NA	NA	NA	NA	NA	NA	NA	NA	NA	NA	NA	NA
stad_utokyo	GC343	GC_343T-GC_343N_a	NA	NA	NA	NA	NA	NA	NA	NA	NA	Esophagogastric Cancer	Stomach Adenocarcinoma	NA	NA	NA	NA	NA	NA	NA	NA	NA	NA	NA	NA	NA	NA	NA	NA	NA	NA	NA	NA	NA	NA	NA	NA	NA	NA	NA	NA	NA	NA	NA	NA	NA	NA	NA	NA	NA	NA	NA	NA	NA	52	NA	NA	NA	NA	NA	NA	NA	STAD	NA	NA	NA	NA	NA	NA	NA	NA	NA	NA	NA	NA	NA	NA	NA	NA	NA	NA	NA	1	NA	NA	NA	NA	NA	NA	Matched	NA	NA	NA	NA	NA	NA	NA	NA	NA	NA	NA	NA	1.76666666667	NA	NA	NA	NA	NA	NA	NA	NA	NA	NA	NA	NA	NA	NA	NA	NA	NA	NA	NA	NA	NA	NA	NA	NA	NA	NA	NA	NA	NA	NA	NA	NA	NA	NA	NA	NA	NA	NA	NA	NA	NA	NA	NA	NA	NA	NA	NA	NA	NA	NA	NA	NA	NA	NA	NA	NA	NA	NA	NA	NA	NA	NA	NA	NA	NA	NA	NA	NA	NA	NA	NA	NA	NA	NA	NA	NA	NA	NA	NA	NA
stad_utokyo	GC350	GC_350T-GC_350N	NA	NA	NA	NA	NA	NA	NA	NA	NA	Esophagogastric Cancer	Stomach Adenocarcinoma	NA	NA	NA	NA	NA	NA	NA	NA	NA	NA	NA	NA	NA	NA	NA	NA	NA	NA	NA	NA	NA	NA	NA	NA	NA	NA	NA	NA	NA	NA	NA	NA	NA	NA	NA	NA	NA	NA	NA	NA	NA	93	NA	NA	NA	NA	NA	NA	NA	STAD	NA	NA	NA	NA	NA	NA	NA	NA	NA	NA	NA	NA	NA	NA	NA	NA	NA	NA	NA	1	NA	NA	NA	NA	NA	NA	Matched	NA	NA	NA	NA	NA	NA	NA	NA	NA	NA	NA	NA	3.33333333333	NA	NA	NA	NA	NA	NA	NA	NA	NA	NA	NA	NA	NA	NA	NA	NA	NA	NA	NA	NA	NA	NA	NA	NA	NA	NA	NA	NA	NA	NA	NA	NA	NA	NA	NA	NA	NA	NA	NA	NA	NA	NA	NA	NA	NA	NA	NA	NA	NA	NA	NA	NA	NA	NA	NA	NA	NA	NA	NA	NA	NA	NA	NA	NA	NA	NA	NA	NA	NA	NA	NA	NA	NA	NA	NA	NA	NA	NA	NA	NA
stad_utokyo	GC351	GC_351T-GC_351N	NA	NA	NA	NA	NA	NA	NA	NA	NA	Esophagogastric Cancer	Stomach Adenocarcinoma	NA	NA	NA	NA	NA	NA	NA	NA	NA	NA	NA	NA	NA	NA	NA	NA	NA	NA	NA	NA	NA	NA	NA	NA	NA	NA	NA	NA	NA	NA	NA	NA	NA	NA	NA	NA	NA	NA	NA	NA	NA	59	NA	NA	NA	NA	NA	NA	NA	STAD	NA	NA	NA	NA	NA	NA	NA	NA	NA	NA	NA	NA	NA	NA	NA	NA	NA	NA	NA	1	NA	NA	NA	NA	NA	NA	Matched	NA	NA	NA	NA	NA	NA	NA	NA	NA	NA	NA	NA	2.13333333333	NA	NA	NA	NA	NA	NA	NA	NA	NA	NA	NA	NA	NA	NA	NA	NA	NA	NA	NA	NA	NA	NA	NA	NA	NA	NA	NA	NA	NA	NA	NA	NA	NA	NA	NA	NA	NA	NA	NA	NA	NA	NA	NA	NA	NA	NA	NA	NA	NA	NA	NA	NA	NA	NA	NA	NA	NA	NA	NA	NA	NA	NA	NA	NA	NA	NA	NA	NA	NA	NA	NA	NA	NA	NA	NA	NA	NA	NA	NA	NA
stad_utokyo	GC353	GC_353T-GC_353N	NA	NA	NA	NA	NA	NA	NA	NA	NA	Esophagogastric Cancer	Stomach Adenocarcinoma	NA	NA	NA	NA	NA	NA	NA	NA	NA	NA	NA	NA	NA	NA	NA	NA	NA	NA	NA	NA	NA	NA	NA	NA	NA	NA	NA	NA	NA	NA	NA	NA	NA	NA	NA	NA	NA	NA	NA	NA	NA	147	NA	NA	NA	NA	NA	NA	NA	STAD	NA	NA	NA	NA	NA	NA	NA	NA	NA	NA	NA	NA	NA	NA	NA	NA	NA	NA	NA	1	NA	NA	NA	NA	NA	NA	Matched	NA	NA	NA	NA	NA	NA	NA	NA	NA	NA	NA	NA	4.96666666667	NA	NA	NA	NA	NA	NA	NA	NA	NA	NA	NA	NA	NA	NA	NA	NA	NA	NA	NA	NA	NA	NA	NA	NA	NA	NA	NA	NA	NA	NA	NA	NA	NA	NA	NA	NA	NA	NA	NA	NA	NA	NA	NA	NA	NA	NA	NA	NA	NA	NA	NA	NA	NA	NA	NA	NA	NA	NA	NA	NA	NA	NA	NA	NA	NA	NA	NA	NA	NA	NA	NA	NA	NA	NA	NA	NA	NA	NA	NA	NA
stad_utokyo	GC356	GC_356T-GC_356N	NA	60-70	NA	NA	NA	NA	NA	NA	0(IIc+IIa)	Esophagogastric Cancer	Stomach Adenocarcinoma	NA	NA	NA	NA	NA	NA	NA	NA	NA	NA	NA	NA	NA	NA	NA	NA	NA	NA	NA	NA	Poor  (signet)	0	NA	NA	NA	NA	NA	NA	NA	NA	NA	NA	NA	Diffuse	NA	NA	NA	NA	NA	NA	NA	86	M0	NA	NA	NA	NA	N3b	NA	STAD	NA	NA	NA	NA	NA	NA	NA	NA	NA	NA	NA	NA	NA	NA	NA	NA	NA	Y74D	NA	1	NA	NA	NA	Female	NA	NA	Matched	NA	NA	NA	NA	NA	NA	NA	NA	NA	NA	NA	NA	2.96666666667	NA	NA	NA	NA	NA	NA	U	NA	NA	T1b	IIB	NA	NA	NA	NA	NA	NA	NA	NA	NA	NA	NA	NA	NA	NA	NA	NA	NA	NA	NA	NA	NA	NA	NA	NA	NA	NA	NA	NA	NA	NA	NA	NA	NA	NA	NA	NA	NA	NA	NA	NA	NA	NA	NA	NA	NA	NA	NA	NA	NA	NA	NA	NA	NA	NA	NA	NA	NA	NA	NA	NA	NA	NA	NA	NA	NA	NA	NA	NA	NA
stad_utokyo	GC357	GC_357T-GC_357N	NA	NA	NA	NA	NA	NA	NA	NA	NA	Esophagogastric Cancer	Stomach Adenocarcinoma	NA	NA	NA	NA	NA	NA	NA	NA	NA	NA	NA	NA	NA	NA	NA	NA	NA	NA	NA	NA	NA	NA	NA	NA	NA	NA	NA	NA	NA	NA	NA	NA	NA	NA	NA	NA	NA	NA	NA	NA	NA	138	NA	NA	NA	NA	NA	NA	NA	STAD	NA	NA	NA	NA	NA	NA	NA	NA	NA	NA	NA	NA	NA	NA	NA	NA	NA	NA	NA	1	NA	NA	NA	NA	NA	NA	Matched	NA	NA	NA	NA	NA	NA	NA	NA	NA	NA	NA	NA	4.86666666667	NA	NA	NA	NA	NA	NA	NA	NA	NA	NA	NA	NA	NA	NA	NA	NA	NA	NA	NA	NA	NA	NA	NA	NA	NA	NA	NA	NA	NA	NA	NA	NA	NA	NA	NA	NA	NA	NA	NA	NA	NA	NA	NA	NA	NA	NA	NA	NA	NA	NA	NA	NA	NA	NA	NA	NA	NA	NA	NA	NA	NA	NA	NA	NA	NA	NA	NA	NA	NA	NA	NA	NA	NA	NA	NA	NA	NA	NA	NA	NA
stad_utokyo	GC359	GC_359T-GC_359N	NA	40-80	NA	NA	NA	NA	NA	NA	3	Esophagogastric Cancer	Stomach Adenocarcinoma	NA	NA	NA	NA	NA	NA	NA	NA	NA	NA	NA	NA	NA	NA	NA	NA	NA	NA	NA	NA	Poor	0	NA	NA	NA	NA	NA	NA	NA	NA	NA	NA	NA	Diffuse	NA	NA	NA	NA	NA	NA	NA	39	M0	NA	NA	NA	NA	N1	NA	STAD	NA	NA	NA	NA	NA	NA	NA	NA	NA	NA	NA	NA	NA	NA	NA	NA	NA	R5Q	NA	1	NA	NA	NA	Male	NA	NA	Matched	NA	NA	NA	NA	NA	NA	NA	NA	NA	NA	NA	NA	1.4	NA	NA	NA	NA	NA	NA	L	NA	NA	T3	IIB	NA	NA	NA	NA	NA	NA	NA	NA	NA	NA	NA	NA	NA	NA	NA	NA	NA	NA	NA	NA	NA	NA	NA	NA	NA	NA	NA	NA	NA	NA	NA	NA	NA	NA	NA	NA	NA	NA	NA	NA	NA	NA	NA	NA	NA	NA	NA	NA	NA	NA	NA	NA	NA	NA	NA	NA	NA	NA	NA	NA	NA	NA	NA	NA	NA	NA	NA	NA	NA
stad_utokyo	GC361	GC_361T-GC_361N	NA	NA	NA	NA	NA	NA	NA	NA	NA	Esophagogastric Cancer	Stomach Adenocarcinoma	NA	NA	NA	NA	NA	NA	NA	NA	NA	NA	NA	NA	NA	NA	NA	NA	NA	NA	NA	NA	NA	NA	NA	NA	NA	NA	NA	NA	NA	NA	NA	NA	NA	NA	NA	NA	NA	NA	NA	NA	NA	35	NA	NA	NA	NA	NA	NA	NA	STAD	NA	NA	NA	NA	NA	NA	NA	NA	NA	NA	NA	NA	NA	NA	NA	NA	NA	NA	NA	1	NA	NA	NA	NA	NA	NA	Matched	NA	NA	NA	NA	NA	NA	NA	NA	NA	NA	NA	NA	1.16666666667	NA	NA	NA	NA	NA	NA	NA	NA	NA	NA	NA	NA	NA	NA	NA	NA	NA	NA	NA	NA	NA	NA	NA	NA	NA	NA	NA	NA	NA	NA	NA	NA	NA	NA	NA	NA	NA	NA	NA	NA	NA	NA	NA	NA	NA	NA	NA	NA	NA	NA	NA	NA	NA	NA	NA	NA	NA	NA	NA	NA	NA	NA	NA	NA	NA	NA	NA	NA	NA	NA	NA	NA	NA	NA	NA	NA	NA	NA	NA	NA
stad_utokyo	GC364	GC_364T-GC_364N	NA	NA	NA	NA	NA	NA	NA	NA	NA	Esophagogastric Cancer	Stomach Adenocarcinoma	NA	NA	NA	NA	NA	NA	NA	NA	NA	NA	NA	NA	NA	NA	NA	NA	NA	NA	NA	NA	NA	NA	NA	NA	NA	NA	NA	NA	NA	NA	NA	NA	NA	NA	NA	NA	NA	NA	NA	NA	NA	20	NA	NA	NA	NA	NA	NA	NA	STAD	NA	NA	NA	NA	NA	NA	NA	NA	NA	NA	NA	NA	NA	NA	NA	NA	NA	NA	NA	1	NA	NA	NA	NA	NA	NA	Matched	NA	NA	NA	NA	NA	NA	NA	NA	NA	NA	NA	NA	0.633333333333	NA	NA	NA	NA	NA	NA	NA	NA	NA	NA	NA	NA	NA	NA	NA	NA	NA	NA	NA	NA	NA	NA	NA	NA	NA	NA	NA	NA	NA	NA	NA	NA	NA	NA	NA	NA	NA	NA	NA	NA	NA	NA	NA	NA	NA	NA	NA	NA	NA	NA	NA	NA	NA	NA	NA	NA	NA	NA	NA	NA	NA	NA	NA	NA	NA	NA	NA	NA	NA	NA	NA	NA	NA	NA	NA	NA	NA	NA	NA	NA
stad_utokyo	GC370	GC_370T-GC_370N	NA	NA	NA	NA	NA	NA	NA	NA	NA	Esophagogastric Cancer	Stomach Adenocarcinoma	NA	NA	NA	NA	NA	NA	NA	NA	NA	NA	NA	NA	NA	NA	NA	NA	NA	NA	NA	NA	NA	NA	NA	NA	NA	NA	NA	NA	NA	NA	NA	NA	NA	NA	NA	NA	NA	NA	NA	NA	NA	231	NA	NA	NA	NA	NA	NA	NA	STAD	NA	NA	NA	NA	NA	NA	NA	NA	NA	NA	NA	NA	NA	NA	NA	NA	NA	NA	NA	1	NA	NA	NA	NA	NA	NA	Matched	NA	NA	NA	NA	NA	NA	NA	NA	NA	NA	NA	NA	7.96666666667	NA	NA	NA	NA	NA	NA	NA	NA	NA	NA	NA	NA	NA	NA	NA	NA	NA	NA	NA	NA	NA	NA	NA	NA	NA	NA	NA	NA	NA	NA	NA	NA	NA	NA	NA	NA	NA	NA	NA	NA	NA	NA	NA	NA	NA	NA	NA	NA	NA	NA	NA	NA	NA	NA	NA	NA	NA	NA	NA	NA	NA	NA	NA	NA	NA	NA	NA	NA	NA	NA	NA	NA	NA	NA	NA	NA	NA	NA	NA	NA
stad_utokyo	GC383	GC_383T-GC_383N	NA	70-80	NA	NA	NA	NA	NA	NA	5	Esophagogastric Cancer	Stomach Adenocarcinoma	NA	NA	NA	NA	NA	NA	NA	NA	NA	NA	NA	NA	NA	NA	NA	NA	NA	NA	NA	NA	Poor	1	NA	NA	NA	NA	NA	NA	NA	NA	NA	NA	NA	Diffuse	NA	NA	NA	NA	NA	NA	NA	53	M0	NA	NA	NA	NA	N3a	NA	STAD	NA	NA	NA	NA	NA	NA	NA	NA	NA	NA	NA	NA	NA	NA	NA	NA	NA	Y42C	NA	1	NA	NA	NA	Male	NA	NA	Matched	NA	NA	NA	NA	NA	NA	NA	NA	NA	NA	NA	NA	1.86666666667	NA	NA	NA	NA	NA	NA	U	NA	NA	T4a	IIIC	NA	NA	NA	NA	NA	NA	NA	NA	NA	NA	NA	NA	NA	NA	NA	NA	NA	NA	NA	NA	NA	NA	NA	NA	NA	NA	NA	NA	NA	NA	NA	NA	NA	NA	NA	NA	NA	NA	NA	NA	NA	NA	NA	NA	NA	NA	NA	NA	NA	NA	NA	NA	NA	NA	NA	NA	NA	NA	NA	NA	NA	NA	NA	NA	NA	NA	NA	NA	NA
stad_oncosg_2018	GIS003-CGP_donor_GC00002	GIS003-CGP_donor_GC00002	81	NA	NA	NA	NA	NA	NA	NA	NA	Esophagogastric Cancer	Stomach Adenocarcinoma	NA	NA	NA	NA	NA	ICGC	NA	NA	NA	NA	NA	NA	NA	NA	NA	NA	NA	NA	NA	NA	NA	NA	NA	NA	NA	NA	NA	NA	NA	NA	NA	NA	NA	NA	NA	NA	NA	NA	NA	NA	NA	150	NA	NA	NA	NA	NA	NA	NA	STAD	NA	NA	NA	NA	NA	NA	NA	NA	NA	NA	NA	NA	NA	NA	NA	NA	NA	NA	Tumor	1	NA	NA	NA	Male	NA	NA	Matched	NA	NA	NA	NA	NA	0	NA	T3	NA	NA	NA	NA	5.2	NA	NA	NA	NA	NA	NA	NA	NA	NA	NA	NA	NA	NA	NA	NA	NA	NA	NA	NA	NA	NA	NA	NA	NA	NA	NA	NA	NA	NA	NA	NA	NA	NA	NA	NA	NA	NA	NA	NA	NA	NA	NA	NA	NA	NA	NA	NA	NA	NA	NA	NA	NA	NA	NA	NA	NA	NA	NA	NA	NA	NA	NA	NA	NA	NA	NA	NA	NA	NA	NA	NA	NA	NA	NA	NA	NA	NA	NA	NA	NA
stad_oncosg_2018	GIS003-CGP_donor_GC00014	GIS003-CGP_donor_GC00014	61	NA	NA	NA	NA	NA	NA	NA	NA	Esophagogastric Cancer	Stomach Adenocarcinoma	NA	NA	NA	NA	NA	ICGC	NA	NA	NA	NA	NA	NA	NA	NA	NA	NA	NA	NA	NA	NA	NA	NA	NA	NA	NA	NA	NA	NA	NA	NA	NA	NA	NA	NA	NA	NA	NA	NA	NA	NA	NA	4	NA	NA	NA	NA	NA	NA	NA	STAD	NA	NA	NA	NA	NA	NA	NA	NA	NA	NA	NA	NA	NA	NA	NA	NA	NA	NA	Tumor	1	NA	NA	NA	Male	NA	NA	Matched	NA	NA	NA	IIIA	0	2	NA	T3	NA	NA	NA	NA	0.133333333333	NA	NA	NA	NA	NA	NA	NA	NA	NA	NA	NA	NA	NA	NA	NA	NA	NA	NA	NA	NA	NA	NA	NA	NA	NA	NA	NA	NA	NA	NA	NA	NA	NA	NA	NA	NA	NA	NA	NA	NA	NA	NA	NA	NA	NA	NA	NA	NA	NA	NA	NA	NA	NA	NA	NA	NA	NA	NA	NA	NA	NA	NA	NA	NA	NA	NA	NA	NA	NA	NA	NA	NA	NA	NA	NA	NA	NA	NA	NA	NA
stad_oncosg_2018	GIS003-CGP_donor_GC00015	GIS003-CGP_donor_GC00015	59	NA	NA	NA	NA	NA	NA	NA	NA	Esophagogastric Cancer	Stomach Adenocarcinoma	NA	NA	NA	NA	NA	ICGC	NA	NA	NA	NA	NA	NA	NA	NA	NA	NA	NA	NA	NA	NA	NA	NA	NA	NA	NA	NA	NA	NA	NA	NA	NA	NA	NA	NA	NA	NA	NA	NA	NA	NA	NA	46	NA	NA	NA	NA	NA	NA	NA	STAD	NA	NA	NA	NA	NA	NA	NA	NA	NA	NA	NA	NA	NA	NA	NA	NA	NA	NA	Tumor	1	NA	NA	NA	Male	NA	NA	Matched	NA	NA	NA	IIIA	0	2	NA	T3	NA	NA	NA	NA	1.6	NA	NA	NA	NA	NA	NA	NA	NA	NA	NA	NA	NA	NA	NA	NA	NA	NA	NA	NA	NA	NA	NA	NA	NA	NA	NA	NA	NA	NA	NA	NA	NA	NA	NA	NA	NA	NA	NA	NA	NA	NA	NA	NA	NA	NA	NA	NA	NA	NA	NA	NA	NA	NA	NA	NA	NA	NA	NA	NA	NA	NA	NA	NA	NA	NA	NA	NA	NA	NA	NA	NA	NA	NA	NA	NA	NA	NA	NA	NA	NA
stad_oncosg_2018	GIS003-CGP_donor_GC00017	GIS003-CGP_donor_GC00017	59	NA	NA	NA	NA	NA	NA	NA	NA	Esophagogastric Cancer	Stomach Adenocarcinoma	NA	NA	NA	NA	NA	ICGC	NA	NA	NA	NA	NA	NA	NA	NA	NA	NA	NA	NA	NA	NA	NA	NA	NA	NA	NA	NA	NA	NA	NA	NA	NA	NA	NA	NA	NA	NA	NA	NA	NA	NA	NA	34	NA	NA	NA	NA	NA	NA	NA	STAD	NA	NA	NA	NA	NA	NA	NA	NA	NA	NA	NA	NA	NA	NA	NA	NA	NA	NA	Tumor	1	NA	NA	NA	Female	NA	NA	Matched	NA	NA	NA	IV	1	1	NA	T3	NA	NA	NA	NA	1.13333333333	NA	NA	NA	NA	NA	NA	NA	NA	NA	NA	NA	NA	NA	NA	NA	NA	NA	NA	NA	NA	NA	NA	NA	NA	NA	NA	NA	NA	NA	NA	NA	NA	NA	NA	NA	NA	NA	NA	NA	NA	NA	NA	NA	NA	NA	NA	NA	NA	NA	NA	NA	NA	NA	NA	NA	NA	NA	NA	NA	NA	NA	NA	NA	NA	NA	NA	NA	NA	NA	NA	NA	NA	NA	NA	NA	NA	NA	NA	NA	NA
stad_oncosg_2018	GIS003-CGP_donor_GC00018	GIS003-CGP_donor_GC00018	55	NA	NA	NA	NA	NA	NA	NA	NA	Esophagogastric Cancer	Stomach Adenocarcinoma	NA	NA	NA	NA	NA	ICGC	NA	NA	NA	NA	NA	NA	NA	NA	NA	NA	NA	NA	NA	NA	NA	NA	NA	NA	NA	NA	NA	NA	NA	NA	NA	NA	NA	NA	NA	NA	NA	NA	NA	NA	NA	19	NA	NA	NA	NA	NA	NA	NA	STAD	NA	NA	NA	NA	NA	NA	NA	NA	NA	NA	NA	NA	NA	NA	NA	NA	NA	NA	Tumor	1	NA	NA	NA	Male	NA	NA	Matched	NA	NA	NA	IIA	0	0	NA	T3	NA	NA	NA	NA	0.666666666667	NA	NA	NA	NA	NA	NA	NA	NA	NA	NA	NA	NA	NA	NA	NA	NA	NA	NA	NA	NA	NA	NA	NA	NA	NA	NA	NA	NA	NA	NA	NA	NA	NA	NA	NA	NA	NA	NA	NA	NA	NA	NA	NA	NA	NA	NA	NA	NA	NA	NA	NA	NA	NA	NA	NA	NA	NA	NA	NA	NA	NA	NA	NA	NA	NA	NA	NA	NA	NA	NA	NA	NA	NA	NA	NA	NA	NA	NA	NA	NA
stad_oncosg_2018	GIS003-CGP_donor_GC00019	GIS003-CGP_donor_GC00019	58	NA	NA	NA	NA	NA	NA	NA	NA	Esophagogastric Cancer	Stomach Adenocarcinoma	NA	NA	NA	NA	NA	ICGC	NA	NA	NA	NA	NA	NA	NA	NA	NA	NA	NA	NA	NA	NA	NA	NA	NA	NA	NA	NA	NA	NA	NA	NA	NA	NA	NA	NA	NA	NA	NA	NA	NA	NA	NA	35	NA	NA	NA	NA	NA	NA	NA	STAD	NA	NA	NA	NA	NA	NA	NA	NA	NA	NA	NA	NA	NA	NA	NA	NA	NA	NA	Tumor	1	NA	NA	NA	Male	NA	NA	Matched	NA	NA	NA	IIB	0	2	NA	T2	NA	NA	NA	NA	1.33333333333	NA	NA	NA	NA	NA	NA	NA	NA	NA	NA	NA	NA	NA	NA	NA	NA	NA	NA	NA	NA	NA	NA	NA	NA	NA	NA	NA	NA	NA	NA	NA	NA	NA	NA	NA	NA	NA	NA	NA	NA	NA	NA	NA	NA	NA	NA	NA	NA	NA	NA	NA	NA	NA	NA	NA	NA	NA	NA	NA	NA	NA	NA	NA	NA	NA	NA	NA	NA	NA	NA	NA	NA	NA	NA	NA	NA	NA	NA	NA	NA
stad_oncosg_2018	GIS003-CGP_donor_GC00020	GIS003-CGP_donor_GC00020	66	NA	NA	NA	NA	NA	NA	NA	NA	Esophagogastric Cancer	Stomach Adenocarcinoma	NA	NA	NA	NA	NA	ICGC	NA	NA	NA	NA	NA	NA	NA	NA	NA	NA	NA	NA	NA	NA	NA	NA	NA	NA	NA	NA	NA	NA	NA	NA	NA	NA	NA	NA	NA	NA	NA	NA	NA	NA	NA	65	NA	NA	NA	NA	NA	NA	NA	STAD	NA	NA	NA	NA	NA	NA	NA	NA	NA	NA	NA	NA	NA	NA	NA	NA	NA	NA	Tumor	1	NA	NA	NA	Male	NA	NA	Matched	NA	NA	NA	IIIC	0	2	NA	T4	NA	NA	NA	NA	2.26666666667	NA	NA	NA	NA	NA	NA	NA	NA	NA	NA	NA	NA	NA	NA	NA	NA	NA	NA	NA	NA	NA	NA	NA	NA	NA	NA	NA	NA	NA	NA	NA	NA	NA	NA	NA	NA	NA	NA	NA	NA	NA	NA	NA	NA	NA	NA	NA	NA	NA	NA	NA	NA	NA	NA	NA	NA	NA	NA	NA	NA	NA	NA	NA	NA	NA	NA	NA	NA	NA	NA	NA	NA	NA	NA	NA	NA	NA	NA	NA	NA
stad_oncosg_2018	GIS003-CGP_donor_GC00027	GIS003-CGP_donor_GC00027	79	NA	NA	NA	NA	NA	NA	NA	NA	Esophagogastric Cancer	Stomach Adenocarcinoma	NA	NA	NA	NA	NA	ICGC	NA	NA	NA	NA	NA	NA	NA	NA	NA	NA	NA	NA	NA	NA	NA	NA	NA	NA	NA	NA	NA	NA	NA	NA	NA	NA	NA	NA	NA	NA	NA	NA	NA	NA	NA	8	NA	NA	NA	NA	NA	NA	NA	STAD	NA	NA	NA	NA	NA	NA	NA	NA	NA	NA	NA	NA	NA	NA	NA	NA	NA	NA	Tumor	1	NA	NA	NA	Male	NA	NA	Matched	NA	NA	NA	IIIB	0	3	NA	T3	NA	NA	NA	NA	0.266666666667	NA	NA	NA	NA	NA	NA	NA	NA	NA	NA	NA	NA	NA	NA	NA	NA	NA	NA	NA	NA	NA	NA	NA	NA	NA	NA	NA	NA	NA	NA	NA	NA	NA	NA	NA	NA	NA	NA	NA	NA	NA	NA	NA	NA	NA	NA	NA	NA	NA	NA	NA	NA	NA	NA	NA	NA	NA	NA	NA	NA	NA	NA	NA	NA	NA	NA	NA	NA	NA	NA	NA	NA	NA	NA	NA	NA	NA	NA	NA	NA
stad_oncosg_2018	GIS003-CGP_donor_GC00028	GIS003-CGP_donor_GC00028	74	NA	NA	NA	NA	NA	NA	NA	NA	Esophagogastric Cancer	Stomach Adenocarcinoma	NA	NA	NA	NA	NA	ICGC	NA	NA	NA	NA	NA	NA	NA	NA	NA	NA	NA	NA	NA	NA	NA	NA	NA	NA	NA	NA	NA	NA	NA	NA	NA	NA	NA	NA	NA	NA	NA	NA	NA	NA	NA	24	NA	NA	NA	NA	NA	NA	NA	STAD	NA	NA	NA	NA	NA	NA	NA	NA	NA	NA	NA	NA	NA	NA	NA	NA	NA	NA	Tumor	1	NA	NA	NA	Male	NA	NA	Matched	NA	NA	NA	IIIC	0	3	NA	T4	NA	NA	NA	NA	0.833333333333	NA	NA	NA	NA	NA	NA	NA	NA	NA	NA	NA	NA	NA	NA	NA	NA	NA	NA	NA	NA	NA	NA	NA	NA	NA	NA	NA	NA	NA	NA	NA	NA	NA	NA	NA	NA	NA	NA	NA	NA	NA	NA	NA	NA	NA	NA	NA	NA	NA	NA	NA	NA	NA	NA	NA	NA	NA	NA	NA	NA	NA	NA	NA	NA	NA	NA	NA	NA	NA	NA	NA	NA	NA	NA	NA	NA	NA	NA	NA	NA
stad_oncosg_2018	GIS003-CGP_donor_GC00029	GIS003-CGP_donor_GC00029	73	NA	NA	NA	NA	NA	NA	NA	NA	Esophagogastric Cancer	Stomach Adenocarcinoma	NA	NA	NA	NA	NA	ICGC	NA	NA	NA	NA	NA	NA	NA	NA	NA	NA	NA	NA	NA	NA	NA	NA	NA	NA	NA	NA	NA	NA	NA	NA	NA	NA	NA	NA	NA	NA	NA	NA	NA	NA	NA	85	NA	NA	NA	NA	NA	NA	NA	STAD	NA	NA	NA	NA	NA	NA	NA	NA	NA	NA	NA	NA	NA	NA	NA	NA	NA	NA	Tumor	1	NA	NA	NA	Male	NA	NA	Matched	NA	NA	NA	IIA	0	1	NA	T2	NA	NA	NA	NA	2.93333333333	NA	NA	NA	NA	NA	NA	NA	NA	NA	NA	NA	NA	NA	NA	NA	NA	NA	NA	NA	NA	NA	NA	NA	NA	NA	NA	NA	NA	NA	NA	NA	NA	NA	NA	NA	NA	NA	NA	NA	NA	NA	NA	NA	NA	NA	NA	NA	NA	NA	NA	NA	NA	NA	NA	NA	NA	NA	NA	NA	NA	NA	NA	NA	NA	NA	NA	NA	NA	NA	NA	NA	NA	NA	NA	NA	NA	NA	NA	NA	NA
stad_oncosg_2018	GIS003-CGP_donor_GC00030	GIS003-CGP_donor_GC00030	46	NA	NA	NA	NA	NA	NA	NA	NA	Esophagogastric Cancer	Stomach Adenocarcinoma	NA	NA	NA	NA	NA	ICGC	NA	NA	NA	NA	NA	NA	NA	NA	NA	NA	NA	NA	NA	NA	NA	NA	NA	NA	NA	NA	NA	NA	NA	NA	NA	NA	NA	NA	NA	NA	NA	NA	NA	NA	NA	5	NA	NA	NA	NA	NA	NA	NA	STAD	NA	NA	NA	NA	NA	NA	NA	NA	NA	NA	NA	NA	NA	NA	NA	NA	NA	NA	Tumor	1	NA	NA	NA	Male	NA	NA	Matched	NA	NA	NA	IIIC	0	3	NA	T4	NA	NA	NA	NA	0.166666666667	NA	NA	NA	NA	NA	NA	NA	NA	NA	NA	NA	NA	NA	NA	NA	NA	NA	NA	NA	NA	NA	NA	NA	NA	NA	NA	NA	NA	NA	NA	NA	NA	NA	NA	NA	NA	NA	NA	NA	NA	NA	NA	NA	NA	NA	NA	NA	NA	NA	NA	NA	NA	NA	NA	NA	NA	NA	NA	NA	NA	NA	NA	NA	NA	NA	NA	NA	NA	NA	NA	NA	NA	NA	NA	NA	NA	NA	NA	NA	NA
stad_oncosg_2018	GIS003-CGP_donor_GC00031	GIS003-CGP_donor_GC00031	79	NA	NA	NA	NA	NA	NA	NA	NA	Esophagogastric Cancer	Stomach Adenocarcinoma	NA	NA	NA	NA	NA	ICGC	NA	NA	NA	NA	NA	NA	NA	NA	NA	NA	NA	NA	NA	NA	NA	NA	NA	NA	NA	NA	NA	NA	NA	NA	NA	NA	NA	NA	NA	NA	NA	NA	NA	MSI	NA	793	NA	NA	NA	NA	NA	NA	NA	STAD	NA	NA	NA	NA	NA	NA	NA	NA	NA	NA	NA	NA	NA	NA	NA	NA	NA	NA	Tumor	1	NA	NA	NA	Male	NA	NA	Matched	NA	NA	NA	IB	0	0	NA	T2	NA	NA	NA	NA	28.0333333333	NA	NA	NA	NA	NA	NA	NA	NA	NA	NA	NA	NA	NA	NA	NA	NA	NA	NA	NA	NA	NA	NA	NA	NA	NA	NA	NA	NA	NA	NA	NA	NA	NA	NA	NA	NA	NA	NA	NA	NA	NA	NA	NA	NA	NA	NA	NA	NA	NA	NA	NA	NA	NA	NA	NA	NA	NA	NA	NA	NA	NA	NA	NA	NA	NA	NA	NA	NA	NA	NA	NA	NA	NA	NA	NA	NA	NA	NA	NA	NA
stad_oncosg_2018	GIS003-CGP_donor_GC00033	GIS003-CGP_donor_GC00033	61	NA	NA	NA	NA	NA	NA	NA	NA	Esophagogastric Cancer	Stomach Adenocarcinoma	NA	NA	NA	NA	NA	ICGC	NA	NA	NA	NA	NA	NA	NA	NA	NA	NA	NA	NA	NA	NA	NA	NA	NA	NA	NA	NA	NA	NA	NA	NA	NA	NA	NA	NA	NA	NA	NA	NA	NA	NA	NA	88	NA	NA	NA	NA	NA	NA	NA	STAD	NA	NA	NA	NA	NA	NA	NA	NA	NA	NA	NA	NA	NA	NA	NA	NA	NA	NA	Tumor	1	NA	NA	NA	Male	NA	NA	Matched	NA	NA	NA	NA	NA	0	NA	T3	NA	NA	NA	NA	3.03333333333	NA	NA	NA	NA	NA	NA	NA	NA	NA	NA	NA	NA	NA	NA	NA	NA	NA	NA	NA	NA	NA	NA	NA	NA	NA	NA	NA	NA	NA	NA	NA	NA	NA	NA	NA	NA	NA	NA	NA	NA	NA	NA	NA	NA	NA	NA	NA	NA	NA	NA	NA	NA	NA	NA	NA	NA	NA	NA	NA	NA	NA	NA	NA	NA	NA	NA	NA	NA	NA	NA	NA	NA	NA	NA	NA	NA	NA	NA	NA	NA
stad_oncosg_2018	GIS003-CGP_donor_GC00037	GIS003-CGP_donor_GC00037	80	NA	NA	NA	NA	NA	NA	NA	NA	Esophagogastric Cancer	Stomach Adenocarcinoma	NA	NA	NA	NA	NA	ICGC	NA	NA	NA	NA	NA	NA	NA	NA	NA	NA	NA	NA	NA	NA	NA	NA	NA	NA	NA	NA	NA	NA	NA	NA	NA	NA	NA	NA	NA	NA	NA	NA	NA	NA	NA	21	NA	NA	NA	NA	NA	NA	NA	STAD	NA	NA	NA	NA	NA	NA	NA	NA	NA	NA	NA	NA	NA	NA	NA	NA	NA	NA	Tumor	1	NA	NA	NA	Female	NA	NA	Matched	NA	NA	NA	NA	NA	NA	NA	NA	NA	NA	NA	NA	0.733333333333	NA	NA	NA	NA	NA	NA	NA	NA	NA	NA	NA	NA	NA	NA	NA	NA	NA	NA	NA	NA	NA	NA	NA	NA	NA	NA	NA	NA	NA	NA	NA	NA	NA	NA	NA	NA	NA	NA	NA	NA	NA	NA	NA	NA	NA	NA	NA	NA	NA	NA	NA	NA	NA	NA	NA	NA	NA	NA	NA	NA	NA	NA	NA	NA	NA	NA	NA	NA	NA	NA	NA	NA	NA	NA	NA	NA	NA	NA	NA	NA
stad_oncosg_2018	GIS003-CGP_donor_GC00038	GIS003-CGP_donor_GC00038	64	NA	NA	NA	NA	NA	NA	NA	NA	Esophagogastric Cancer	Stomach Adenocarcinoma	NA	NA	NA	NA	NA	ICGC	NA	NA	NA	NA	NA	NA	NA	NA	NA	NA	NA	NA	NA	NA	NA	NA	NA	NA	NA	NA	NA	NA	NA	NA	NA	NA	NA	NA	NA	NA	NA	NA	NA	NA	NA	43	NA	NA	NA	NA	NA	NA	NA	STAD	NA	NA	NA	NA	NA	NA	NA	NA	NA	NA	NA	NA	NA	NA	NA	NA	NA	NA	Tumor	1	NA	NA	NA	Male	NA	NA	Matched	NA	NA	NA	NA	0	0	NA	T3	NA	NA	NA	NA	1.46666666667	NA	NA	NA	NA	NA	NA	NA	NA	NA	NA	NA	NA	NA	NA	NA	NA	NA	NA	NA	NA	NA	NA	NA	NA	NA	NA	NA	NA	NA	NA	NA	NA	NA	NA	NA	NA	NA	NA	NA	NA	NA	NA	NA	NA	NA	NA	NA	NA	NA	NA	NA	NA	NA	NA	NA	NA	NA	NA	NA	NA	NA	NA	NA	NA	NA	NA	NA	NA	NA	NA	NA	NA	NA	NA	NA	NA	NA	NA	NA	NA
stad_oncosg_2018	GIS003-CGP_donor_GC00039	GIS003-CGP_donor_GC00039	52	NA	NA	NA	NA	NA	NA	NA	NA	Esophagogastric Cancer	Stomach Adenocarcinoma	NA	NA	NA	NA	NA	ICGC	NA	NA	NA	NA	NA	NA	NA	NA	NA	NA	NA	NA	NA	NA	NA	NA	NA	NA	NA	NA	NA	NA	NA	NA	NA	NA	NA	NA	NA	NA	NA	NA	NA	NA	NA	110	NA	NA	NA	NA	NA	NA	NA	STAD	NA	NA	NA	NA	NA	NA	NA	NA	NA	NA	NA	NA	NA	NA	NA	NA	NA	NA	Tumor	1	NA	NA	NA	Male	NA	NA	Matched	NA	NA	NA	NA	0	1	NA	T3	NA	NA	NA	NA	3.96666666667	NA	NA	NA	NA	NA	NA	NA	NA	NA	NA	NA	NA	NA	NA	NA	NA	NA	NA	NA	NA	NA	NA	NA	NA	NA	NA	NA	NA	NA	NA	NA	NA	NA	NA	NA	NA	NA	NA	NA	NA	NA	NA	NA	NA	NA	NA	NA	NA	NA	NA	NA	NA	NA	NA	NA	NA	NA	NA	NA	NA	NA	NA	NA	NA	NA	NA	NA	NA	NA	NA	NA	NA	NA	NA	NA	NA	NA	NA	NA	NA
stad_oncosg_2018	GIS003-CGP_donor_GC00047	GIS003-CGP_donor_GC00047	58	NA	NA	NA	NA	NA	NA	NA	NA	Esophagogastric Cancer	Stomach Adenocarcinoma	NA	NA	NA	NA	NA	ICGC	NA	NA	NA	NA	NA	NA	NA	NA	NA	NA	NA	NA	NA	NA	NA	NA	NA	NA	NA	NA	NA	NA	NA	NA	NA	NA	NA	NA	NA	NA	NA	NA	NA	NA	NA	72	NA	NA	NA	NA	NA	NA	NA	STAD	NA	NA	NA	NA	NA	NA	NA	NA	NA	NA	NA	NA	NA	NA	NA	NA	NA	NA	Tumor	1	NA	NA	NA	Male	NA	NA	Matched	NA	NA	NA	NA	0	0	NA	T4	NA	NA	NA	NA	2.4	NA	NA	NA	NA	NA	NA	NA	NA	NA	NA	NA	NA	NA	NA	NA	NA	NA	NA	NA	NA	NA	NA	NA	NA	NA	NA	NA	NA	NA	NA	NA	NA	NA	NA	NA	NA	NA	NA	NA	NA	NA	NA	NA	NA	NA	NA	NA	NA	NA	NA	NA	NA	NA	NA	NA	NA	NA	NA	NA	NA	NA	NA	NA	NA	NA	NA	NA	NA	NA	NA	NA	NA	NA	NA	NA	NA	NA	NA	NA	NA
stad_oncosg_2018	GIS003-CGP_donor_GC00048	GIS003-CGP_donor_GC00048	55	NA	NA	NA	NA	NA	NA	NA	NA	Esophagogastric Cancer	Stomach Adenocarcinoma	NA	NA	NA	NA	NA	ICGC	NA	NA	NA	NA	NA	NA	NA	NA	NA	NA	NA	NA	NA	NA	NA	NA	NA	NA	NA	NA	NA	NA	NA	NA	NA	NA	NA	NA	NA	NA	NA	NA	NA	NA	NA	85	NA	NA	NA	NA	NA	NA	NA	STAD	NA	NA	NA	NA	NA	NA	NA	NA	NA	NA	NA	NA	NA	NA	NA	NA	NA	NA	Tumor	1	NA	NA	NA	Male	NA	NA	Matched	NA	NA	NA	NA	0	0	NA	T1	NA	NA	NA	NA	2.93333333333	NA	NA	NA	NA	NA	NA	NA	NA	NA	NA	NA	NA	NA	NA	NA	NA	NA	NA	NA	NA	NA	NA	NA	NA	NA	NA	NA	NA	NA	NA	NA	NA	NA	NA	NA	NA	NA	NA	NA	NA	NA	NA	NA	NA	NA	NA	NA	NA	NA	NA	NA	NA	NA	NA	NA	NA	NA	NA	NA	NA	NA	NA	NA	NA	NA	NA	NA	NA	NA	NA	NA	NA	NA	NA	NA	NA	NA	NA	NA	NA
stad_oncosg_2018	GIS003-CGP_donor_GC00049	GIS003-CGP_donor_GC00049	69	NA	NA	NA	NA	NA	NA	NA	NA	Esophagogastric Cancer	Stomach Adenocarcinoma	NA	NA	NA	NA	NA	ICGC	NA	NA	NA	NA	NA	NA	NA	NA	NA	NA	NA	NA	NA	NA	NA	NA	NA	NA	NA	NA	NA	NA	NA	NA	NA	NA	NA	NA	NA	NA	NA	NA	NA	NA	NA	48	NA	NA	NA	NA	NA	NA	NA	STAD	NA	NA	NA	NA	NA	NA	NA	NA	NA	NA	NA	NA	NA	NA	NA	NA	NA	NA	Tumor	1	NA	NA	NA	Male	NA	NA	Matched	NA	NA	NA	NA	0	1	NA	T3	NA	NA	NA	NA	1.63333333333	NA	NA	NA	NA	NA	NA	NA	NA	NA	NA	NA	NA	NA	NA	NA	NA	NA	NA	NA	NA	NA	NA	NA	NA	NA	NA	NA	NA	NA	NA	NA	NA	NA	NA	NA	NA	NA	NA	NA	NA	NA	NA	NA	NA	NA	NA	NA	NA	NA	NA	NA	NA	NA	NA	NA	NA	NA	NA	NA	NA	NA	NA	NA	NA	NA	NA	NA	NA	NA	NA	NA	NA	NA	NA	NA	NA	NA	NA	NA	NA
stad_oncosg_2018	GIS003-CGP_donor_GC00050	GIS003-CGP_donor_GC00050	63	NA	NA	NA	NA	NA	NA	NA	NA	Esophagogastric Cancer	Stomach Adenocarcinoma	NA	NA	NA	NA	NA	ICGC	NA	NA	NA	NA	NA	NA	NA	NA	NA	NA	NA	NA	NA	NA	NA	NA	NA	NA	NA	NA	NA	NA	NA	NA	NA	NA	NA	NA	NA	NA	NA	NA	NA	NA	NA	20	NA	NA	NA	NA	NA	NA	NA	STAD	NA	NA	NA	NA	NA	NA	NA	NA	NA	NA	NA	NA	NA	NA	NA	NA	NA	NA	Tumor	1	NA	NA	NA	Male	NA	NA	Matched	NA	NA	NA	NA	0	2	NA	T3	NA	NA	NA	NA	0.666666666667	NA	NA	NA	NA	NA	NA	NA	NA	NA	NA	NA	NA	NA	NA	NA	NA	NA	NA	NA	NA	NA	NA	NA	NA	NA	NA	NA	NA	NA	NA	NA	NA	NA	NA	NA	NA	NA	NA	NA	NA	NA	NA	NA	NA	NA	NA	NA	NA	NA	NA	NA	NA	NA	NA	NA	NA	NA	NA	NA	NA	NA	NA	NA	NA	NA	NA	NA	NA	NA	NA	NA	NA	NA	NA	NA	NA	NA	NA	NA	NA
stad_oncosg_2018	GIS003-CGP_donor_GC00051	GIS003-CGP_donor_GC00051	65	NA	NA	NA	NA	NA	NA	NA	NA	Esophagogastric Cancer	Stomach Adenocarcinoma	NA	NA	NA	NA	NA	ICGC	NA	NA	NA	NA	NA	NA	NA	NA	NA	NA	NA	NA	NA	NA	NA	NA	NA	NA	NA	NA	NA	NA	NA	NA	NA	NA	NA	NA	NA	NA	NA	NA	NA	NA	NA	66	NA	NA	NA	NA	NA	NA	NA	STAD	NA	NA	NA	NA	NA	NA	NA	NA	NA	NA	NA	NA	NA	NA	NA	NA	NA	NA	Tumor	1	NA	NA	NA	Male	NA	NA	Matched	NA	NA	NA	NA	1	2	NA	T4	NA	NA	NA	NA	2.23333333333	NA	NA	NA	NA	NA	NA	NA	NA	NA	NA	NA	NA	NA	NA	NA	NA	NA	NA	NA	NA	NA	NA	NA	NA	NA	NA	NA	NA	NA	NA	NA	NA	NA	NA	NA	NA	NA	NA	NA	NA	NA	NA	NA	NA	NA	NA	NA	NA	NA	NA	NA	NA	NA	NA	NA	NA	NA	NA	NA	NA	NA	NA	NA	NA	NA	NA	NA	NA	NA	NA	NA	NA	NA	NA	NA	NA	NA	NA	NA	NA
stad_oncosg_2018	GIS003-CGP_donor_GC00052	GIS003-CGP_donor_GC00052	71	NA	NA	NA	NA	NA	NA	NA	NA	Esophagogastric Cancer	Stomach Adenocarcinoma	NA	NA	NA	NA	NA	ICGC	NA	NA	NA	NA	NA	NA	NA	NA	NA	NA	NA	NA	NA	NA	NA	NA	NA	NA	NA	NA	NA	NA	NA	NA	NA	NA	NA	NA	NA	NA	NA	NA	NA	NA	NA	127	NA	NA	NA	NA	NA	NA	NA	STAD	NA	NA	NA	NA	NA	NA	NA	NA	NA	NA	NA	NA	NA	NA	NA	NA	NA	NA	Tumor	1	NA	NA	NA	Male	NA	NA	Matched	NA	NA	NA	NA	0	1	NA	T2	NA	NA	NA	NA	4.43333333333	NA	NA	NA	NA	NA	NA	NA	NA	NA	NA	NA	NA	NA	NA	NA	NA	NA	NA	NA	NA	NA	NA	NA	NA	NA	NA	NA	NA	NA	NA	NA	NA	NA	NA	NA	NA	NA	NA	NA	NA	NA	NA	NA	NA	NA	NA	NA	NA	NA	NA	NA	NA	NA	NA	NA	NA	NA	NA	NA	NA	NA	NA	NA	NA	NA	NA	NA	NA	NA	NA	NA	NA	NA	NA	NA	NA	NA	NA	NA	NA
stad_oncosg_2018	GIS003-CGP_donor_GC00053	GIS003-CGP_donor_GC00053	47	NA	NA	NA	NA	NA	NA	NA	NA	Esophagogastric Cancer	Stomach Adenocarcinoma	NA	NA	NA	NA	NA	ICGC	NA	NA	NA	NA	NA	NA	NA	NA	NA	NA	NA	NA	NA	NA	NA	NA	NA	NA	NA	NA	NA	NA	NA	NA	NA	NA	NA	NA	NA	NA	NA	NA	NA	NA	NA	102	NA	NA	NA	NA	NA	NA	NA	STAD	NA	NA	NA	NA	NA	NA	NA	NA	NA	NA	NA	NA	NA	NA	NA	NA	NA	NA	Tumor	1	NA	NA	NA	Female	NA	NA	Matched	NA	NA	NA	NA	0	1	NA	T4	NA	NA	NA	NA	3.53333333333	NA	NA	NA	NA	NA	NA	NA	NA	NA	NA	NA	NA	NA	NA	NA	NA	NA	NA	NA	NA	NA	NA	NA	NA	NA	NA	NA	NA	NA	NA	NA	NA	NA	NA	NA	NA	NA	NA	NA	NA	NA	NA	NA	NA	NA	NA	NA	NA	NA	NA	NA	NA	NA	NA	NA	NA	NA	NA	NA	NA	NA	NA	NA	NA	NA	NA	NA	NA	NA	NA	NA	NA	NA	NA	NA	NA	NA	NA	NA	NA
stad_oncosg_2018	GIS003-CGP_donor_GC00054	GIS003-CGP_donor_GC00054	46	NA	NA	NA	NA	NA	NA	NA	NA	Esophagogastric Cancer	Stomach Adenocarcinoma	NA	NA	NA	NA	NA	ICGC	NA	NA	NA	NA	NA	NA	NA	NA	NA	NA	NA	NA	NA	NA	NA	NA	NA	NA	NA	NA	NA	NA	NA	NA	NA	NA	NA	NA	NA	NA	NA	NA	NA	NA	NA	79	NA	NA	NA	NA	NA	NA	NA	STAD	NA	NA	NA	NA	NA	NA	NA	NA	NA	NA	NA	NA	NA	NA	NA	NA	NA	NA	Tumor	1	NA	NA	NA	Female	NA	NA	Matched	NA	NA	NA	NA	0	3	NA	T2	NA	NA	NA	NA	2.76666666667	NA	NA	NA	NA	NA	NA	NA	NA	NA	NA	NA	NA	NA	NA	NA	NA	NA	NA	NA	NA	NA	NA	NA	NA	NA	NA	NA	NA	NA	NA	NA	NA	NA	NA	NA	NA	NA	NA	NA	NA	NA	NA	NA	NA	NA	NA	NA	NA	NA	NA	NA	NA	NA	NA	NA	NA	NA	NA	NA	NA	NA	NA	NA	NA	NA	NA	NA	NA	NA	NA	NA	NA	NA	NA	NA	NA	NA	NA	NA	NA
stad_oncosg_2018	GIS003-HK-pfg005	GIS003-HK-pfg005	71	NA	NA	NA	NA	NA	NA	NA	NA	Esophagogastric Cancer	Stomach Adenocarcinoma	NA	NA	NA	NA	NA	HK	NA	NA	NA	NA	NA	NA	NA	NA	NA	NA	NA	NA	NA	NA	NA	NA	NA	NA	NA	NA	NA	NA	NA	NA	NA	NA	Diffuse	NA	NA	NA	NA	NA	NA	NA	NA	11	NA	NA	NA	NA	NA	NA	NA	STAD	NA	NA	NA	NA	NA	NA	NA	NA	NA	NA	NA	NA	NA	NA	NA	NA	NA	NA	Tumor	1	NA	NA	NA	Female	NA	NA	Matched	NA	NA	NA	IV	0	3	NA	T2a	NA	NA	NA	NA	0.433333333333	NA	NA	NA	NA	NA	NA	Antrum	NA	NA	NA	NA	NA	NA	NA	NA	NA	NA	NA	NA	NA	NA	NA	NA	NA	NA	NA	NA	NA	NA	NA	NA	NA	NA	NA	NA	NA	NA	NA	NA	NA	NA	NA	NA	NA	NA	NA	NA	NA	NA	NA	NA	NA	NA	NA	NA	NA	NA	NA	NA	NA	NA	NA	NA	NA	NA	NA	NA	NA	NA	NA	NA	NA	NA	NA	NA	NA	NA	NA	NA	NA
stad_oncosg_2018	GIS003-HK-pfg008	GIS003-HK-pfg008	68	NA	NA	NA	NA	NA	NA	NA	NA	Esophagogastric Cancer	Stomach Adenocarcinoma	NA	NA	NA	NA	NA	HK	NA	NA	NA	NA	NA	NA	NA	NA	NA	NA	NA	NA	NA	NA	NA	NA	NA	NA	NA	NA	NA	NA	NA	NA	NA	NA	Intestinal	NA	NA	NA	NA	NA	NA	MSI	NA	1650	NA	NA	NA	NA	NA	NA	NA	STAD	NA	NA	NA	NA	NA	NA	NA	NA	NA	NA	NA	NA	NA	NA	NA	NA	NA	NA	Tumor	1	NA	NA	NA	Female	NA	NA	Matched	NA	NA	NA	II	0	1	NA	T2b	NA	NA	NA	NA	57.3333333333	NA	NA	NA	NA	NA	NA	Antrum	NA	NA	NA	NA	NA	NA	NA	NA	NA	NA	NA	NA	NA	NA	NA	NA	NA	NA	NA	NA	NA	NA	NA	NA	NA	NA	NA	NA	NA	NA	NA	NA	NA	NA	NA	NA	NA	NA	NA	NA	NA	NA	NA	NA	NA	NA	NA	NA	NA	NA	NA	NA	NA	NA	NA	NA	NA	NA	NA	NA	NA	NA	NA	NA	NA	NA	NA	NA	NA	NA	NA	NA	NA
stad_oncosg_2018	GIS003-HK-pfg022	GIS003-HK-pfg022	61	NA	NA	NA	NA	NA	NA	NA	NA	Esophagogastric Cancer	Stomach Adenocarcinoma	NA	NA	NA	NA	NA	HK	NA	NA	NA	NA	NA	NA	NA	NA	NA	NA	NA	NA	NA	NA	NA	NA	NA	NA	NA	NA	NA	NA	NA	NA	NA	NA	Intestinal	NA	NA	NA	NA	NA	NA	EBV	NA	66	NA	NA	NA	NA	NA	NA	NA	STAD	NA	NA	NA	NA	NA	NA	NA	NA	NA	NA	NA	NA	NA	NA	NA	NA	NA	NA	Tumor	1	NA	NA	NA	Male	NA	NA	Matched	NA	NA	NA	IIIB	0	2	NA	T3	NA	NA	NA	NA	2.26666666667	NA	NA	NA	NA	NA	NA	Body	NA	NA	NA	NA	NA	NA	NA	NA	NA	NA	NA	NA	NA	NA	NA	NA	NA	NA	NA	NA	NA	NA	NA	NA	NA	NA	NA	NA	NA	NA	NA	NA	NA	NA	NA	NA	NA	NA	NA	NA	NA	NA	NA	NA	NA	NA	NA	NA	NA	NA	NA	NA	NA	NA	NA	NA	NA	NA	NA	NA	NA	NA	NA	NA	NA	NA	NA	NA	NA	NA	NA	NA	NA
stad_oncosg_2018	GIS003-HK-pfg030	GIS003-HK-pfg030	74	NA	NA	NA	NA	NA	NA	NA	NA	Esophagogastric Cancer	Stomach Adenocarcinoma	NA	NA	NA	NA	NA	HK	NA	NA	NA	NA	NA	NA	NA	NA	NA	NA	NA	NA	NA	NA	NA	NA	NA	NA	NA	NA	NA	NA	NA	NA	NA	NA	Intestinal	NA	NA	NA	NA	NA	NA	NA	NA	90	NA	NA	NA	NA	NA	NA	NA	STAD	NA	NA	NA	NA	NA	NA	NA	NA	NA	NA	NA	NA	NA	NA	NA	NA	NA	NA	Tumor	1	NA	NA	NA	Female	NA	NA	Matched	NA	NA	NA	IIIA	0	2	NA	T2b	NA	NA	NA	NA	3.13333333333	NA	NA	NA	NA	NA	NA	Antrum	NA	NA	NA	NA	NA	NA	NA	NA	NA	NA	NA	NA	NA	NA	NA	NA	NA	NA	NA	NA	NA	NA	NA	NA	NA	NA	NA	NA	NA	NA	NA	NA	NA	NA	NA	NA	NA	NA	NA	NA	NA	NA	NA	NA	NA	NA	NA	NA	NA	NA	NA	NA	NA	NA	NA	NA	NA	NA	NA	NA	NA	NA	NA	NA	NA	NA	NA	NA	NA	NA	NA	NA	NA
stad_oncosg_2018	GIS003-HK-pfg031	GIS003-HK-pfg031	53	NA	NA	NA	NA	NA	NA	NA	NA	Esophagogastric Cancer	Stomach Adenocarcinoma	NA	NA	NA	NA	NA	HK	NA	NA	NA	NA	NA	NA	NA	NA	NA	NA	NA	NA	NA	NA	NA	NA	NA	NA	NA	NA	NA	NA	NA	NA	NA	NA	Mixed	NA	NA	NA	NA	NA	NA	NA	NA	10	NA	NA	NA	NA	NA	NA	NA	STAD	NA	NA	NA	NA	NA	NA	NA	NA	NA	NA	NA	NA	NA	NA	NA	NA	NA	NA	Tumor	1	NA	NA	NA	Female	NA	NA	Matched	NA	NA	NA	IV	0	3	NA	T4	NA	NA	NA	NA	0.333333333333	NA	NA	NA	NA	NA	NA	Body	NA	NA	NA	NA	NA	NA	NA	NA	NA	NA	NA	NA	NA	NA	NA	NA	NA	NA	NA	NA	NA	NA	NA	NA	NA	NA	NA	NA	NA	NA	NA	NA	NA	NA	NA	NA	NA	NA	NA	NA	NA	NA	NA	NA	NA	NA	NA	NA	NA	NA	NA	NA	NA	NA	NA	NA	NA	NA	NA	NA	NA	NA	NA	NA	NA	NA	NA	NA	NA	NA	NA	NA	NA
stad_oncosg_2018	GIS003-HK-pfg032	GIS003-HK-pfg032	84	NA	NA	NA	NA	NA	NA	NA	NA	Esophagogastric Cancer	Stomach Adenocarcinoma	NA	NA	NA	NA	NA	HK	NA	NA	NA	NA	NA	NA	NA	NA	NA	NA	NA	NA	NA	NA	NA	NA	NA	NA	NA	NA	NA	NA	NA	NA	NA	NA	Intestinal	NA	NA	NA	NA	NA	NA	NA	NA	44	NA	NA	NA	NA	NA	NA	NA	STAD	NA	NA	NA	NA	NA	NA	NA	NA	NA	NA	NA	NA	NA	NA	NA	NA	NA	NA	Tumor	1	NA	NA	NA	Male	NA	NA	Matched	NA	NA	NA	IV	0	3	NA	T3	NA	NA	NA	NA	1.4	NA	NA	NA	NA	NA	NA	Antrum	NA	NA	NA	NA	NA	NA	NA	NA	NA	NA	NA	NA	NA	NA	NA	NA	NA	NA	NA	NA	NA	NA	NA	NA	NA	NA	NA	NA	NA	NA	NA	NA	NA	NA	NA	NA	NA	NA	NA	NA	NA	NA	NA	NA	NA	NA	NA	NA	NA	NA	NA	NA	NA	NA	NA	NA	NA	NA	NA	NA	NA	NA	NA	NA	NA	NA	NA	NA	NA	NA	NA	NA	NA
stad_oncosg_2018	GIS003-HK-pfg034	GIS003-HK-pfg034	63	NA	NA	NA	NA	NA	NA	NA	NA	Esophagogastric Cancer	Stomach Adenocarcinoma	NA	NA	NA	NA	NA	HK	NA	NA	NA	NA	NA	NA	NA	NA	NA	NA	NA	NA	NA	NA	NA	NA	NA	NA	NA	NA	NA	NA	NA	NA	NA	NA	Mixed	NA	NA	NA	NA	NA	NA	NA	NA	148	NA	NA	NA	NA	NA	NA	NA	STAD	NA	NA	NA	NA	NA	NA	NA	NA	NA	NA	NA	NA	NA	NA	NA	NA	NA	NA	Tumor	1	NA	NA	NA	Male	NA	NA	Matched	NA	NA	NA	IV	0	3	NA	T2a	NA	NA	NA	NA	5.1	NA	NA	NA	NA	NA	NA	Antrum	NA	NA	NA	NA	NA	NA	NA	NA	NA	NA	NA	NA	NA	NA	NA	NA	NA	NA	NA	NA	NA	NA	NA	NA	NA	NA	NA	NA	NA	NA	NA	NA	NA	NA	NA	NA	NA	NA	NA	NA	NA	NA	NA	NA	NA	NA	NA	NA	NA	NA	NA	NA	NA	NA	NA	NA	NA	NA	NA	NA	NA	NA	NA	NA	NA	NA	NA	NA	NA	NA	NA	NA	NA
stad_oncosg_2018	GIS003-HK-pfg035	GIS003-HK-pfg035	74	NA	NA	NA	NA	NA	NA	NA	NA	Esophagogastric Cancer	Stomach Adenocarcinoma	NA	NA	NA	NA	NA	HK	NA	NA	NA	NA	NA	NA	NA	NA	NA	NA	NA	NA	NA	NA	NA	NA	NA	NA	NA	NA	NA	NA	NA	NA	NA	NA	Intestinal	NA	NA	NA	NA	NA	NA	NA	NA	53	NA	NA	NA	NA	NA	NA	NA	STAD	NA	NA	NA	NA	NA	NA	NA	NA	NA	NA	NA	NA	NA	NA	NA	NA	NA	NA	Tumor	1	NA	NA	NA	Male	NA	NA	Matched	NA	NA	NA	IV	0	1	NA	T4	NA	NA	NA	NA	1.8	NA	NA	NA	NA	NA	NA	Cardia	NA	NA	NA	NA	NA	NA	NA	NA	NA	NA	NA	NA	NA	NA	NA	NA	NA	NA	NA	NA	NA	NA	NA	NA	NA	NA	NA	NA	NA	NA	NA	NA	NA	NA	NA	NA	NA	NA	NA	NA	NA	NA	NA	NA	NA	NA	NA	NA	NA	NA	NA	NA	NA	NA	NA	NA	NA	NA	NA	NA	NA	NA	NA	NA	NA	NA	NA	NA	NA	NA	NA	NA	NA
stad_oncosg_2018	GIS003-HK-pfg036	GIS003-HK-pfg036	81	NA	NA	NA	NA	NA	NA	NA	NA	Esophagogastric Cancer	Stomach Adenocarcinoma	NA	NA	NA	NA	NA	HK	NA	NA	NA	NA	NA	NA	NA	NA	NA	NA	NA	NA	NA	NA	NA	NA	NA	NA	NA	NA	NA	NA	NA	NA	NA	NA	Intestinal	NA	NA	NA	NA	NA	NA	EBV	NA	42	NA	NA	NA	NA	NA	NA	NA	STAD	NA	NA	NA	NA	NA	NA	NA	NA	NA	NA	NA	NA	NA	NA	NA	NA	NA	NA	Tumor	1	NA	NA	NA	Male	NA	NA	Matched	NA	NA	NA	IIIB	0	2	NA	T3	NA	NA	NA	NA	1.43333333333	NA	NA	NA	NA	NA	NA	Body	NA	NA	NA	NA	NA	NA	NA	NA	NA	NA	NA	NA	NA	NA	NA	NA	NA	NA	NA	NA	NA	NA	NA	NA	NA	NA	NA	NA	NA	NA	NA	NA	NA	NA	NA	NA	NA	NA	NA	NA	NA	NA	NA	NA	NA	NA	NA	NA	NA	NA	NA	NA	NA	NA	NA	NA	NA	NA	NA	NA	NA	NA	NA	NA	NA	NA	NA	NA	NA	NA	NA	NA	NA
stad_oncosg_2018	GIS003-HK-pfg038	GIS003-HK-pfg038	67	NA	NA	NA	NA	NA	NA	NA	NA	Esophagogastric Cancer	Stomach Adenocarcinoma	NA	NA	NA	NA	NA	HK	NA	NA	NA	NA	NA	NA	NA	NA	NA	NA	NA	NA	NA	NA	NA	NA	NA	NA	NA	NA	NA	NA	NA	NA	NA	NA	Intestinal	NA	NA	NA	NA	NA	NA	NA	NA	103	NA	NA	NA	NA	NA	NA	NA	STAD	NA	NA	NA	NA	NA	NA	NA	NA	NA	NA	NA	NA	NA	NA	NA	NA	NA	NA	Tumor	1	NA	NA	NA	Male	NA	NA	Matched	NA	NA	NA	IV	0	2	NA	T4	NA	NA	NA	NA	3.53333333333	NA	NA	NA	NA	NA	NA	Antrum	NA	NA	NA	NA	NA	NA	NA	NA	NA	NA	NA	NA	NA	NA	NA	NA	NA	NA	NA	NA	NA	NA	NA	NA	NA	NA	NA	NA	NA	NA	NA	NA	NA	NA	NA	NA	NA	NA	NA	NA	NA	NA	NA	NA	NA	NA	NA	NA	NA	NA	NA	NA	NA	NA	NA	NA	NA	NA	NA	NA	NA	NA	NA	NA	NA	NA	NA	NA	NA	NA	NA	NA	NA
stad_oncosg_2018	GIS003-HK-pfg039	GIS003-HK-pfg039	49	NA	NA	NA	NA	NA	NA	NA	NA	Esophagogastric Cancer	Stomach Adenocarcinoma	NA	NA	NA	NA	NA	HK	NA	NA	NA	NA	NA	NA	NA	NA	NA	NA	NA	NA	NA	NA	NA	NA	NA	NA	NA	NA	NA	NA	NA	NA	NA	NA	Intestinal	NA	NA	NA	NA	NA	NA	NA	NA	45	NA	NA	NA	NA	NA	NA	NA	STAD	NA	NA	NA	NA	NA	NA	NA	NA	NA	NA	NA	NA	NA	NA	NA	NA	NA	NA	Tumor	1	NA	NA	NA	Male	NA	NA	Matched	NA	NA	NA	IV	0	3	NA	T2b	NA	NA	NA	NA	1.56666666667	NA	NA	NA	NA	NA	NA	Cardia	NA	NA	NA	NA	NA	NA	NA	NA	NA	NA	NA	NA	NA	NA	NA	NA	NA	NA	NA	NA	NA	NA	NA	NA	NA	NA	NA	NA	NA	NA	NA	NA	NA	NA	NA	NA	NA	NA	NA	NA	NA	NA	NA	NA	NA	NA	NA	NA	NA	NA	NA	NA	NA	NA	NA	NA	NA	NA	NA	NA	NA	NA	NA	NA	NA	NA	NA	NA	NA	NA	NA	NA	NA
stad_oncosg_2018	GIS003-HK-pfg043	GIS003-HK-pfg043	76	NA	NA	NA	NA	NA	NA	NA	NA	Esophagogastric Cancer	Stomach Adenocarcinoma	NA	NA	NA	NA	NA	HK	NA	NA	NA	NA	NA	NA	NA	NA	NA	NA	NA	NA	NA	NA	NA	NA	NA	NA	NA	NA	NA	NA	NA	NA	NA	NA	Intestinal	NA	NA	NA	NA	NA	NA	EBV	NA	557	NA	NA	NA	NA	NA	NA	NA	STAD	NA	NA	NA	NA	NA	NA	NA	NA	NA	NA	NA	NA	NA	NA	NA	NA	NA	NA	Tumor	1	NA	NA	NA	Male	NA	NA	Matched	NA	NA	NA	IIIA	0	1	NA	T3	NA	NA	NA	NA	18.9333333333	NA	NA	NA	NA	NA	NA	Cardia	NA	NA	NA	NA	NA	NA	NA	NA	NA	NA	NA	NA	NA	NA	NA	NA	NA	NA	NA	NA	NA	NA	NA	NA	NA	NA	NA	NA	NA	NA	NA	NA	NA	NA	NA	NA	NA	NA	NA	NA	NA	NA	NA	NA	NA	NA	NA	NA	NA	NA	NA	NA	NA	NA	NA	NA	NA	NA	NA	NA	NA	NA	NA	NA	NA	NA	NA	NA	NA	NA	NA	NA	NA
stad_oncosg_2018	GIS003-HK-pfg050	GIS003-HK-pfg050	61	NA	NA	NA	NA	NA	NA	NA	NA	Esophagogastric Cancer	Stomach Adenocarcinoma	NA	NA	NA	NA	NA	HK	NA	NA	NA	NA	NA	NA	NA	NA	NA	NA	NA	NA	NA	NA	NA	NA	NA	NA	NA	NA	NA	NA	NA	NA	NA	NA	Diffuse	NA	NA	NA	NA	NA	NA	NA	NA	14	NA	NA	NA	NA	NA	NA	NA	STAD	NA	NA	NA	NA	NA	NA	NA	NA	NA	NA	NA	NA	NA	NA	NA	NA	NA	NA	Tumor	1	NA	NA	NA	Male	NA	NA	Matched	NA	NA	NA	IIIB	0	2	NA	T3	NA	NA	NA	NA	0.466666666667	NA	NA	NA	NA	NA	NA	Antrum	NA	NA	NA	NA	NA	NA	NA	NA	NA	NA	NA	NA	NA	NA	NA	NA	NA	NA	NA	NA	NA	NA	NA	NA	NA	NA	NA	NA	NA	NA	NA	NA	NA	NA	NA	NA	NA	NA	NA	NA	NA	NA	NA	NA	NA	NA	NA	NA	NA	NA	NA	NA	NA	NA	NA	NA	NA	NA	NA	NA	NA	NA	NA	NA	NA	NA	NA	NA	NA	NA	NA	NA	NA
stad_oncosg_2018	GIS003-HK-pfg052	GIS003-HK-pfg052	70	NA	NA	NA	NA	NA	NA	NA	NA	Esophagogastric Cancer	Stomach Adenocarcinoma	NA	NA	NA	NA	NA	HK	NA	NA	NA	NA	NA	NA	NA	NA	NA	NA	NA	NA	NA	NA	NA	NA	NA	NA	NA	NA	NA	NA	NA	NA	NA	NA	Intestinal	NA	NA	NA	NA	NA	NA	NA	NA	40	NA	NA	NA	NA	NA	NA	NA	STAD	NA	NA	NA	NA	NA	NA	NA	NA	NA	NA	NA	NA	NA	NA	NA	NA	NA	NA	Tumor	1	NA	NA	NA	Male	NA	NA	Matched	NA	NA	NA	IIIA	0	1	NA	T3	NA	NA	NA	NA	1.46666666667	NA	NA	NA	NA	NA	NA	Body	NA	NA	NA	NA	NA	NA	NA	NA	NA	NA	NA	NA	NA	NA	NA	NA	NA	NA	NA	NA	NA	NA	NA	NA	NA	NA	NA	NA	NA	NA	NA	NA	NA	NA	NA	NA	NA	NA	NA	NA	NA	NA	NA	NA	NA	NA	NA	NA	NA	NA	NA	NA	NA	NA	NA	NA	NA	NA	NA	NA	NA	NA	NA	NA	NA	NA	NA	NA	NA	NA	NA	NA	NA
stad_oncosg_2018	GIS003-HK-pfg054	GIS003-HK-pfg054	72	NA	NA	NA	NA	NA	NA	NA	NA	Esophagogastric Cancer	Stomach Adenocarcinoma	NA	NA	NA	NA	NA	HK	NA	NA	NA	NA	NA	NA	NA	NA	NA	NA	NA	NA	NA	NA	NA	NA	NA	NA	NA	NA	NA	NA	NA	NA	NA	NA	Intestinal	NA	NA	NA	NA	NA	NA	NA	NA	163	NA	NA	NA	NA	NA	NA	NA	STAD	NA	NA	NA	NA	NA	NA	NA	NA	NA	NA	NA	NA	NA	NA	NA	NA	NA	NA	Tumor	1	NA	NA	NA	Male	NA	NA	Matched	NA	NA	NA	IV	0	2	NA	T4	NA	NA	NA	NA	5.53333333333	NA	NA	NA	NA	NA	NA	Antrum	NA	NA	NA	NA	NA	NA	NA	NA	NA	NA	NA	NA	NA	NA	NA	NA	NA	NA	NA	NA	NA	NA	NA	NA	NA	NA	NA	NA	NA	NA	NA	NA	NA	NA	NA	NA	NA	NA	NA	NA	NA	NA	NA	NA	NA	NA	NA	NA	NA	NA	NA	NA	NA	NA	NA	NA	NA	NA	NA	NA	NA	NA	NA	NA	NA	NA	NA	NA	NA	NA	NA	NA	NA
stad_oncosg_2018	GIS003-HK-pfg057	GIS003-HK-pfg057	41	NA	NA	NA	NA	NA	NA	NA	NA	Esophagogastric Cancer	Stomach Adenocarcinoma	NA	NA	NA	NA	NA	HK	NA	NA	NA	NA	NA	NA	NA	NA	NA	NA	NA	NA	NA	NA	NA	NA	NA	NA	NA	NA	NA	NA	NA	NA	NA	NA	Intestinal	NA	NA	NA	NA	NA	NA	MSI	NA	585	NA	NA	NA	NA	NA	NA	NA	STAD	NA	NA	NA	NA	NA	NA	NA	NA	NA	NA	NA	NA	NA	NA	NA	NA	NA	NA	Tumor	1	NA	NA	NA	Female	NA	NA	Matched	NA	NA	NA	IV	1	2	NA	T2b	NA	NA	NA	NA	20.1666666667	NA	NA	NA	NA	NA	NA	Cardia	NA	NA	NA	NA	NA	NA	NA	NA	NA	NA	NA	NA	NA	NA	NA	NA	NA	NA	NA	NA	NA	NA	NA	NA	NA	NA	NA	NA	NA	NA	NA	NA	NA	NA	NA	NA	NA	NA	NA	NA	NA	NA	NA	NA	NA	NA	NA	NA	NA	NA	NA	NA	NA	NA	NA	NA	NA	NA	NA	NA	NA	NA	NA	NA	NA	NA	NA	NA	NA	NA	NA	NA	NA
stad_oncosg_2018	GIS003-HK-pfg058	GIS003-HK-pfg058	59	NA	NA	NA	NA	NA	NA	NA	NA	Esophagogastric Cancer	Stomach Adenocarcinoma	NA	NA	NA	NA	NA	HK	NA	NA	NA	NA	NA	NA	NA	NA	NA	NA	NA	NA	NA	NA	NA	NA	NA	NA	NA	NA	NA	NA	NA	NA	NA	NA	Intestinal	NA	NA	NA	NA	NA	NA	NA	NA	86	NA	NA	NA	NA	NA	NA	NA	STAD	NA	NA	NA	NA	NA	NA	NA	NA	NA	NA	NA	NA	NA	NA	NA	NA	NA	NA	Tumor	1	NA	NA	NA	Male	NA	NA	Matched	NA	NA	NA	IIIB	0	2	NA	T3	NA	NA	NA	NA	3.1	NA	NA	NA	NA	NA	NA	Antrum	NA	NA	NA	NA	NA	NA	NA	NA	NA	NA	NA	NA	NA	NA	NA	NA	NA	NA	NA	NA	NA	NA	NA	NA	NA	NA	NA	NA	NA	NA	NA	NA	NA	NA	NA	NA	NA	NA	NA	NA	NA	NA	NA	NA	NA	NA	NA	NA	NA	NA	NA	NA	NA	NA	NA	NA	NA	NA	NA	NA	NA	NA	NA	NA	NA	NA	NA	NA	NA	NA	NA	NA	NA
stad_oncosg_2018	GIS003-HK-pfg059	GIS003-HK-pfg059	67	NA	NA	NA	NA	NA	NA	NA	NA	Esophagogastric Cancer	Stomach Adenocarcinoma	NA	NA	NA	NA	NA	HK	NA	NA	NA	NA	NA	NA	NA	NA	NA	NA	NA	NA	NA	NA	NA	NA	NA	NA	NA	NA	NA	NA	NA	NA	NA	NA	Diffuse	NA	NA	NA	NA	NA	NA	NA	NA	166	NA	NA	NA	NA	NA	NA	NA	STAD	NA	NA	NA	NA	NA	NA	NA	NA	NA	NA	NA	NA	NA	NA	NA	NA	NA	NA	Tumor	1	NA	NA	NA	Male	NA	NA	Matched	NA	NA	NA	IV	0	2	NA	T4	NA	NA	NA	NA	5.73333333333	NA	NA	NA	NA	NA	NA	Antrum	NA	NA	NA	NA	NA	NA	NA	NA	NA	NA	NA	NA	NA	NA	NA	NA	NA	NA	NA	NA	NA	NA	NA	NA	NA	NA	NA	NA	NA	NA	NA	NA	NA	NA	NA	NA	NA	NA	NA	NA	NA	NA	NA	NA	NA	NA	NA	NA	NA	NA	NA	NA	NA	NA	NA	NA	NA	NA	NA	NA	NA	NA	NA	NA	NA	NA	NA	NA	NA	NA	NA	NA	NA
stad_oncosg_2018	GIS003-HK-pfg060	GIS003-HK-pfg060	83	NA	NA	NA	NA	NA	NA	NA	NA	Esophagogastric Cancer	Stomach Adenocarcinoma	NA	NA	NA	NA	NA	HK	NA	NA	NA	NA	NA	NA	NA	NA	NA	NA	NA	NA	NA	NA	NA	NA	NA	NA	NA	NA	NA	NA	NA	NA	NA	NA	Intestinal	NA	NA	NA	NA	NA	NA	NA	NA	113	NA	NA	NA	NA	NA	NA	NA	STAD	NA	NA	NA	NA	NA	NA	NA	NA	NA	NA	NA	NA	NA	NA	NA	NA	NA	NA	Tumor	1	NA	NA	NA	Female	NA	NA	Matched	NA	NA	NA	IIIA	0	2	NA	T2b	NA	NA	NA	NA	3.83333333333	NA	NA	NA	NA	NA	NA	Cardia	NA	NA	NA	NA	NA	NA	NA	NA	NA	NA	NA	NA	NA	NA	NA	NA	NA	NA	NA	NA	NA	NA	NA	NA	NA	NA	NA	NA	NA	NA	NA	NA	NA	NA	NA	NA	NA	NA	NA	NA	NA	NA	NA	NA	NA	NA	NA	NA	NA	NA	NA	NA	NA	NA	NA	NA	NA	NA	NA	NA	NA	NA	NA	NA	NA	NA	NA	NA	NA	NA	NA	NA	NA
stad_oncosg_2018	GIS003-HK-pfg062	GIS003-HK-pfg062	75	NA	NA	NA	NA	NA	NA	NA	NA	Esophagogastric Cancer	Stomach Adenocarcinoma	NA	NA	NA	NA	NA	HK	NA	NA	NA	NA	NA	NA	NA	NA	NA	NA	NA	NA	NA	NA	NA	NA	NA	NA	NA	NA	NA	NA	NA	NA	NA	NA	Intestinal	NA	NA	NA	NA	NA	NA	EBV	NA	125	NA	NA	NA	NA	NA	NA	NA	STAD	NA	NA	NA	NA	NA	NA	NA	NA	NA	NA	NA	NA	NA	NA	NA	NA	NA	NA	Tumor	1	NA	NA	NA	Female	NA	NA	Matched	NA	NA	NA	IV	0	2	NA	T4	NA	NA	NA	NA	4.3	NA	NA	NA	NA	NA	NA	Body	NA	NA	NA	NA	NA	NA	NA	NA	NA	NA	NA	NA	NA	NA	NA	NA	NA	NA	NA	NA	NA	NA	NA	NA	NA	NA	NA	NA	NA	NA	NA	NA	NA	NA	NA	NA	NA	NA	NA	NA	NA	NA	NA	NA	NA	NA	NA	NA	NA	NA	NA	NA	NA	NA	NA	NA	NA	NA	NA	NA	NA	NA	NA	NA	NA	NA	NA	NA	NA	NA	NA	NA	NA
stad_oncosg_2018	GIS003-HK-pfg064	GIS003-HK-pfg064	84	NA	NA	NA	NA	NA	NA	NA	NA	Esophagogastric Cancer	Stomach Adenocarcinoma	NA	NA	NA	NA	NA	HK	NA	NA	NA	NA	NA	NA	NA	NA	NA	NA	NA	NA	NA	NA	NA	NA	NA	NA	NA	NA	NA	NA	NA	NA	NA	NA	Diffuse	NA	NA	NA	NA	NA	NA	NA	NA	90	NA	NA	NA	NA	NA	NA	NA	STAD	NA	NA	NA	NA	NA	NA	NA	NA	NA	NA	NA	NA	NA	NA	NA	NA	NA	NA	Tumor	1	NA	NA	NA	Female	NA	NA	Matched	NA	NA	NA	IV	0	3	NA	T3	NA	NA	NA	NA	3.03333333333	NA	NA	NA	NA	NA	NA	Body	NA	NA	NA	NA	NA	NA	NA	NA	NA	NA	NA	NA	NA	NA	NA	NA	NA	NA	NA	NA	NA	NA	NA	NA	NA	NA	NA	NA	NA	NA	NA	NA	NA	NA	NA	NA	NA	NA	NA	NA	NA	NA	NA	NA	NA	NA	NA	NA	NA	NA	NA	NA	NA	NA	NA	NA	NA	NA	NA	NA	NA	NA	NA	NA	NA	NA	NA	NA	NA	NA	NA	NA	NA
stad_oncosg_2018	GIS003-HK-pfg065	GIS003-HK-pfg065	84	NA	NA	NA	NA	NA	NA	NA	NA	Esophagogastric Cancer	Stomach Adenocarcinoma	NA	NA	NA	NA	NA	HK	NA	NA	NA	NA	NA	NA	NA	NA	NA	NA	NA	NA	NA	NA	NA	NA	NA	NA	NA	NA	NA	NA	NA	NA	NA	NA	Intestinal	NA	NA	NA	NA	NA	NA	NA	NA	149	NA	NA	NA	NA	NA	NA	NA	STAD	NA	NA	NA	NA	NA	NA	NA	NA	NA	NA	NA	NA	NA	NA	NA	NA	NA	NA	Tumor	1	NA	NA	NA	Male	NA	NA	Matched	NA	NA	NA	IIIA	0	1	NA	T3	NA	NA	NA	NA	5.0	NA	NA	NA	NA	NA	NA	Cardia	NA	NA	NA	NA	NA	NA	NA	NA	NA	NA	NA	NA	NA	NA	NA	NA	NA	NA	NA	NA	NA	NA	NA	NA	NA	NA	NA	NA	NA	NA	NA	NA	NA	NA	NA	NA	NA	NA	NA	NA	NA	NA	NA	NA	NA	NA	NA	NA	NA	NA	NA	NA	NA	NA	NA	NA	NA	NA	NA	NA	NA	NA	NA	NA	NA	NA	NA	NA	NA	NA	NA	NA	NA
stad_oncosg_2018	GIS003-HK-pfg068	GIS003-HK-pfg068	74	NA	NA	NA	NA	NA	NA	NA	NA	Esophagogastric Cancer	Stomach Adenocarcinoma	NA	NA	NA	NA	NA	HK	NA	NA	NA	NA	NA	NA	NA	NA	NA	NA	NA	NA	NA	NA	NA	NA	NA	NA	NA	NA	NA	NA	NA	NA	NA	NA	Intestinal	NA	NA	NA	NA	NA	NA	MSI	NA	1370	NA	NA	NA	NA	NA	NA	NA	STAD	NA	NA	NA	NA	NA	NA	NA	NA	NA	NA	NA	NA	NA	NA	NA	NA	NA	NA	Tumor	1	NA	NA	NA	Female	NA	NA	Matched	NA	NA	NA	IIIA	0	2	NA	T2b	NA	NA	NA	NA	48.4	NA	NA	NA	NA	NA	NA	Antrum	NA	NA	NA	NA	NA	NA	NA	NA	NA	NA	NA	NA	NA	NA	NA	NA	NA	NA	NA	NA	NA	NA	NA	NA	NA	NA	NA	NA	NA	NA	NA	NA	NA	NA	NA	NA	NA	NA	NA	NA	NA	NA	NA	NA	NA	NA	NA	NA	NA	NA	NA	NA	NA	NA	NA	NA	NA	NA	NA	NA	NA	NA	NA	NA	NA	NA	NA	NA	NA	NA	NA	NA	NA
stad_oncosg_2018	GIS003-HK-pfg069	GIS003-HK-pfg069	72	NA	NA	NA	NA	NA	NA	NA	NA	Esophagogastric Cancer	Stomach Adenocarcinoma	NA	NA	NA	NA	NA	HK	NA	NA	NA	NA	NA	NA	NA	NA	NA	NA	NA	NA	NA	NA	NA	NA	NA	NA	NA	NA	NA	NA	NA	NA	NA	NA	Intestinal	NA	NA	NA	NA	NA	NA	NA	NA	126	NA	NA	NA	NA	NA	NA	NA	STAD	NA	NA	NA	NA	NA	NA	NA	NA	NA	NA	NA	NA	NA	NA	NA	NA	NA	NA	Tumor	1	NA	NA	NA	Female	NA	NA	Matched	NA	NA	NA	IIIA	0	1	NA	T3	NA	NA	NA	NA	4.36666666667	NA	NA	NA	NA	NA	NA	Cardia	NA	NA	NA	NA	NA	NA	NA	NA	NA	NA	NA	NA	NA	NA	NA	NA	NA	NA	NA	NA	NA	NA	NA	NA	NA	NA	NA	NA	NA	NA	NA	NA	NA	NA	NA	NA	NA	NA	NA	NA	NA	NA	NA	NA	NA	NA	NA	NA	NA	NA	NA	NA	NA	NA	NA	NA	NA	NA	NA	NA	NA	NA	NA	NA	NA	NA	NA	NA	NA	NA	NA	NA	NA
stad_oncosg_2018	GIS003-HK-pfg072	GIS003-HK-pfg072	78	NA	NA	NA	NA	NA	NA	NA	NA	Esophagogastric Cancer	Stomach Adenocarcinoma	NA	NA	NA	NA	NA	HK	NA	NA	NA	NA	NA	NA	NA	NA	NA	NA	NA	NA	NA	NA	NA	NA	NA	NA	NA	NA	NA	NA	NA	NA	NA	NA	Intestinal	NA	NA	NA	NA	NA	NA	NA	NA	97	NA	NA	NA	NA	NA	NA	NA	STAD	NA	NA	NA	NA	NA	NA	NA	NA	NA	NA	NA	NA	NA	NA	NA	NA	NA	NA	Tumor	1	NA	NA	NA	Male	NA	NA	Matched	NA	NA	NA	IV	1	2	NA	T3	NA	NA	NA	NA	3.23333333333	NA	NA	NA	NA	NA	NA	Antrum	NA	NA	NA	NA	NA	NA	NA	NA	NA	NA	NA	NA	NA	NA	NA	NA	NA	NA	NA	NA	NA	NA	NA	NA	NA	NA	NA	NA	NA	NA	NA	NA	NA	NA	NA	NA	NA	NA	NA	NA	NA	NA	NA	NA	NA	NA	NA	NA	NA	NA	NA	NA	NA	NA	NA	NA	NA	NA	NA	NA	NA	NA	NA	NA	NA	NA	NA	NA	NA	NA	NA	NA	NA
stad_oncosg_2018	GIS003-HK-pfg073	GIS003-HK-pfg073	63	NA	NA	NA	NA	NA	NA	NA	NA	Esophagogastric Cancer	Stomach Adenocarcinoma	NA	NA	NA	NA	NA	HK	NA	NA	NA	NA	NA	NA	NA	NA	NA	NA	NA	NA	NA	NA	NA	NA	NA	NA	NA	NA	NA	NA	NA	NA	NA	NA	Diffuse	NA	NA	NA	NA	NA	NA	NA	NA	57	NA	NA	NA	NA	NA	NA	NA	STAD	NA	NA	NA	NA	NA	NA	NA	NA	NA	NA	NA	NA	NA	NA	NA	NA	NA	NA	Tumor	1	NA	NA	NA	Female	NA	NA	Matched	NA	NA	NA	IIIA	0	2	NA	T2b	NA	NA	NA	NA	1.93333333333	NA	NA	NA	NA	NA	NA	Antrum	NA	NA	NA	NA	NA	NA	NA	NA	NA	NA	NA	NA	NA	NA	NA	NA	NA	NA	NA	NA	NA	NA	NA	NA	NA	NA	NA	NA	NA	NA	NA	NA	NA	NA	NA	NA	NA	NA	NA	NA	NA	NA	NA	NA	NA	NA	NA	NA	NA	NA	NA	NA	NA	NA	NA	NA	NA	NA	NA	NA	NA	NA	NA	NA	NA	NA	NA	NA	NA	NA	NA	NA	NA
stad_oncosg_2018	GIS003-HK-pfg076	GIS003-HK-pfg076	88	NA	NA	NA	NA	NA	NA	NA	NA	Esophagogastric Cancer	Stomach Adenocarcinoma	NA	NA	NA	NA	NA	HK	NA	NA	NA	NA	NA	NA	NA	NA	NA	NA	NA	NA	NA	NA	NA	NA	NA	NA	NA	NA	NA	NA	NA	NA	NA	NA	Intestinal	NA	NA	NA	NA	NA	NA	NA	NA	174	NA	NA	NA	NA	NA	NA	NA	STAD	NA	NA	NA	NA	NA	NA	NA	NA	NA	NA	NA	NA	NA	NA	NA	NA	NA	NA	Tumor	1	NA	NA	NA	Female	NA	NA	Matched	NA	NA	NA	II	0	0	NA	T3	NA	NA	NA	NA	6.0	NA	NA	NA	NA	NA	NA	Antrum	NA	NA	NA	NA	NA	NA	NA	NA	NA	NA	NA	NA	NA	NA	NA	NA	NA	NA	NA	NA	NA	NA	NA	NA	NA	NA	NA	NA	NA	NA	NA	NA	NA	NA	NA	NA	NA	NA	NA	NA	NA	NA	NA	NA	NA	NA	NA	NA	NA	NA	NA	NA	NA	NA	NA	NA	NA	NA	NA	NA	NA	NA	NA	NA	NA	NA	NA	NA	NA	NA	NA	NA	NA
stad_oncosg_2018	GIS003-HK-pfg081	GIS003-HK-pfg081	72	NA	NA	NA	NA	NA	NA	NA	NA	Esophagogastric Cancer	Stomach Adenocarcinoma	NA	NA	NA	NA	NA	HK	NA	NA	NA	NA	NA	NA	NA	NA	NA	NA	NA	NA	NA	NA	NA	NA	NA	NA	NA	NA	NA	NA	NA	NA	NA	NA	Intestinal	NA	NA	NA	NA	NA	NA	NA	NA	102	NA	NA	NA	NA	NA	NA	NA	STAD	NA	NA	NA	NA	NA	NA	NA	NA	NA	NA	NA	NA	NA	NA	NA	NA	NA	NA	Tumor	1	NA	NA	NA	Male	NA	NA	Matched	NA	NA	NA	IV	0	3	NA	T4	NA	NA	NA	NA	3.4	NA	NA	NA	NA	NA	NA	Antrum	NA	NA	NA	NA	NA	NA	NA	NA	NA	NA	NA	NA	NA	NA	NA	NA	NA	NA	NA	NA	NA	NA	NA	NA	NA	NA	NA	NA	NA	NA	NA	NA	NA	NA	NA	NA	NA	NA	NA	NA	NA	NA	NA	NA	NA	NA	NA	NA	NA	NA	NA	NA	NA	NA	NA	NA	NA	NA	NA	NA	NA	NA	NA	NA	NA	NA	NA	NA	NA	NA	NA	NA	NA
stad_oncosg_2018	GIS003-HK-pfg082	GIS003-HK-pfg082	72	NA	NA	NA	NA	NA	NA	NA	NA	Esophagogastric Cancer	Stomach Adenocarcinoma	NA	NA	NA	NA	NA	HK	NA	NA	NA	NA	NA	NA	NA	NA	NA	NA	NA	NA	NA	NA	NA	NA	NA	NA	NA	NA	NA	NA	NA	NA	NA	NA	Intestinal	NA	NA	NA	NA	NA	NA	NA	NA	47	NA	NA	NA	NA	NA	NA	NA	STAD	NA	NA	NA	NA	NA	NA	NA	NA	NA	NA	NA	NA	NA	NA	NA	NA	NA	NA	Tumor	1	NA	NA	NA	Male	NA	NA	Matched	NA	NA	NA	IV	1	2	NA	T3	NA	NA	NA	NA	1.63333333333	NA	NA	NA	NA	NA	NA	Cardia	NA	NA	NA	NA	NA	NA	NA	NA	NA	NA	NA	NA	NA	NA	NA	NA	NA	NA	NA	NA	NA	NA	NA	NA	NA	NA	NA	NA	NA	NA	NA	NA	NA	NA	NA	NA	NA	NA	NA	NA	NA	NA	NA	NA	NA	NA	NA	NA	NA	NA	NA	NA	NA	NA	NA	NA	NA	NA	NA	NA	NA	NA	NA	NA	NA	NA	NA	NA	NA	NA	NA	NA	NA
stad_oncosg_2018	GIS003-HK-pfg088	GIS003-HK-pfg088	56	NA	NA	NA	NA	NA	NA	NA	NA	Esophagogastric Cancer	Stomach Adenocarcinoma	NA	NA	NA	NA	NA	HK	NA	NA	NA	NA	NA	NA	NA	NA	NA	NA	NA	NA	NA	NA	NA	NA	NA	NA	NA	NA	NA	NA	NA	NA	NA	NA	Intestinal	NA	NA	NA	NA	NA	NA	EBV	NA	115	NA	NA	NA	NA	NA	NA	NA	STAD	NA	NA	NA	NA	NA	NA	NA	NA	NA	NA	NA	NA	NA	NA	NA	NA	NA	NA	Tumor	1	NA	NA	NA	Male	NA	NA	Matched	NA	NA	NA	IV	0	2	NA	T4	NA	NA	NA	NA	3.96666666667	NA	NA	NA	NA	NA	NA	Cardia	NA	NA	NA	NA	NA	NA	NA	NA	NA	NA	NA	NA	NA	NA	NA	NA	NA	NA	NA	NA	NA	NA	NA	NA	NA	NA	NA	NA	NA	NA	NA	NA	NA	NA	NA	NA	NA	NA	NA	NA	NA	NA	NA	NA	NA	NA	NA	NA	NA	NA	NA	NA	NA	NA	NA	NA	NA	NA	NA	NA	NA	NA	NA	NA	NA	NA	NA	NA	NA	NA	NA	NA	NA
stad_oncosg_2018	GIS003-HK-pfg089	GIS003-HK-pfg089	66	NA	NA	NA	NA	NA	NA	NA	NA	Esophagogastric Cancer	Stomach Adenocarcinoma	NA	NA	NA	NA	NA	HK	NA	NA	NA	NA	NA	NA	NA	NA	NA	NA	NA	NA	NA	NA	NA	NA	NA	NA	NA	NA	NA	NA	NA	NA	NA	NA	Mixed	NA	NA	NA	NA	NA	NA	NA	NA	110	NA	NA	NA	NA	NA	NA	NA	STAD	NA	NA	NA	NA	NA	NA	NA	NA	NA	NA	NA	NA	NA	NA	NA	NA	NA	NA	Tumor	1	NA	NA	NA	Male	NA	NA	Matched	NA	NA	NA	IV	1	2	NA	T3	NA	NA	NA	NA	3.8	NA	NA	NA	NA	NA	NA	Body	NA	NA	NA	NA	NA	NA	NA	NA	NA	NA	NA	NA	NA	NA	NA	NA	NA	NA	NA	NA	NA	NA	NA	NA	NA	NA	NA	NA	NA	NA	NA	NA	NA	NA	NA	NA	NA	NA	NA	NA	NA	NA	NA	NA	NA	NA	NA	NA	NA	NA	NA	NA	NA	NA	NA	NA	NA	NA	NA	NA	NA	NA	NA	NA	NA	NA	NA	NA	NA	NA	NA	NA	NA
stad_oncosg_2018	GIS003-HK-pfg092	GIS003-HK-pfg092	72	NA	NA	NA	NA	NA	NA	NA	NA	Esophagogastric Cancer	Stomach Adenocarcinoma	NA	NA	NA	NA	NA	HK	NA	NA	NA	NA	NA	NA	NA	NA	NA	NA	NA	NA	NA	NA	NA	NA	NA	NA	NA	NA	NA	NA	NA	NA	NA	NA	Intestinal	NA	NA	NA	NA	NA	NA	NA	NA	167	NA	NA	NA	NA	NA	NA	NA	STAD	NA	NA	NA	NA	NA	NA	NA	NA	NA	NA	NA	NA	NA	NA	NA	NA	NA	NA	Tumor	1	NA	NA	NA	Male	NA	NA	Matched	NA	NA	NA	IA	0	0	NA	T1	NA	NA	NA	NA	5.7	NA	NA	NA	NA	NA	NA	Cardia	NA	NA	NA	NA	NA	NA	NA	NA	NA	NA	NA	NA	NA	NA	NA	NA	NA	NA	NA	NA	NA	NA	NA	NA	NA	NA	NA	NA	NA	NA	NA	NA	NA	NA	NA	NA	NA	NA	NA	NA	NA	NA	NA	NA	NA	NA	NA	NA	NA	NA	NA	NA	NA	NA	NA	NA	NA	NA	NA	NA	NA	NA	NA	NA	NA	NA	NA	NA	NA	NA	NA	NA	NA
stad_oncosg_2018	GIS003-HK-pfg097	GIS003-HK-pfg097	74	NA	NA	NA	NA	NA	NA	NA	NA	Esophagogastric Cancer	Stomach Adenocarcinoma	NA	NA	NA	NA	NA	HK	NA	NA	NA	NA	NA	NA	NA	NA	NA	NA	NA	NA	NA	NA	NA	NA	NA	NA	NA	NA	NA	NA	NA	NA	NA	NA	Diffuse	NA	NA	NA	NA	NA	NA	NA	NA	62	NA	NA	NA	NA	NA	NA	NA	STAD	NA	NA	NA	NA	NA	NA	NA	NA	NA	NA	NA	NA	NA	NA	NA	NA	NA	NA	Tumor	1	NA	NA	NA	Female	NA	NA	Matched	NA	NA	NA	IV	0	3	NA	T4	NA	NA	NA	NA	2.16666666667	NA	NA	NA	NA	NA	NA	Body	NA	NA	NA	NA	NA	NA	NA	NA	NA	NA	NA	NA	NA	NA	NA	NA	NA	NA	NA	NA	NA	NA	NA	NA	NA	NA	NA	NA	NA	NA	NA	NA	NA	NA	NA	NA	NA	NA	NA	NA	NA	NA	NA	NA	NA	NA	NA	NA	NA	NA	NA	NA	NA	NA	NA	NA	NA	NA	NA	NA	NA	NA	NA	NA	NA	NA	NA	NA	NA	NA	NA	NA	NA
stad_oncosg_2018	GIS003-HK-pfg103	GIS003-HK-pfg103	45	NA	NA	NA	NA	NA	NA	NA	NA	Esophagogastric Cancer	Stomach Adenocarcinoma	NA	NA	NA	NA	NA	HK	NA	NA	NA	NA	NA	NA	NA	NA	NA	NA	NA	NA	NA	NA	NA	NA	NA	NA	NA	NA	NA	NA	NA	NA	NA	NA	Intestinal	NA	NA	NA	NA	NA	NA	MSI	NA	225	NA	NA	NA	NA	NA	NA	NA	STAD	NA	NA	NA	NA	NA	NA	NA	NA	NA	NA	NA	NA	NA	NA	NA	NA	NA	NA	Tumor	1	NA	NA	NA	Female	NA	NA	Matched	NA	NA	NA	IV	0	2	NA	T4	NA	NA	NA	NA	7.76666666667	NA	NA	NA	NA	NA	NA	Body	NA	NA	NA	NA	NA	NA	NA	NA	NA	NA	NA	NA	NA	NA	NA	NA	NA	NA	NA	NA	NA	NA	NA	NA	NA	NA	NA	NA	NA	NA	NA	NA	NA	NA	NA	NA	NA	NA	NA	NA	NA	NA	NA	NA	NA	NA	NA	NA	NA	NA	NA	NA	NA	NA	NA	NA	NA	NA	NA	NA	NA	NA	NA	NA	NA	NA	NA	NA	NA	NA	NA	NA	NA
stad_oncosg_2018	GIS003-HK-pfg104	GIS003-HK-pfg104	47	NA	NA	NA	NA	NA	NA	NA	NA	Esophagogastric Cancer	Stomach Adenocarcinoma	NA	NA	NA	NA	NA	HK	NA	NA	NA	NA	NA	NA	NA	NA	NA	NA	NA	NA	NA	NA	NA	NA	NA	NA	NA	NA	NA	NA	NA	NA	NA	NA	Intestinal	NA	NA	NA	NA	NA	NA	EBV	NA	59	NA	NA	NA	NA	NA	NA	NA	STAD	NA	NA	NA	NA	NA	NA	NA	NA	NA	NA	NA	NA	NA	NA	NA	NA	NA	NA	Tumor	1	NA	NA	NA	Male	NA	NA	Matched	NA	NA	NA	IV	0	1	NA	T4	NA	NA	NA	NA	1.96666666667	NA	NA	NA	NA	NA	NA	Cardia	NA	NA	NA	NA	NA	NA	NA	NA	NA	NA	NA	NA	NA	NA	NA	NA	NA	NA	NA	NA	NA	NA	NA	NA	NA	NA	NA	NA	NA	NA	NA	NA	NA	NA	NA	NA	NA	NA	NA	NA	NA	NA	NA	NA	NA	NA	NA	NA	NA	NA	NA	NA	NA	NA	NA	NA	NA	NA	NA	NA	NA	NA	NA	NA	NA	NA	NA	NA	NA	NA	NA	NA	NA
stad_oncosg_2018	GIS003-HK-pfg105	GIS003-HK-pfg105	73	NA	NA	NA	NA	NA	NA	NA	NA	Esophagogastric Cancer	Stomach Adenocarcinoma	NA	NA	NA	NA	NA	HK	NA	NA	NA	NA	NA	NA	NA	NA	NA	NA	NA	NA	NA	NA	NA	NA	NA	NA	NA	NA	NA	NA	NA	NA	NA	NA	Intestinal	NA	NA	NA	NA	NA	NA	NA	NA	109	NA	NA	NA	NA	NA	NA	NA	STAD	NA	NA	NA	NA	NA	NA	NA	NA	NA	NA	NA	NA	NA	NA	NA	NA	NA	NA	Tumor	1	NA	NA	NA	Male	NA	NA	Matched	NA	NA	NA	IB	0	0	NA	T2b	NA	NA	NA	NA	3.76666666667	NA	NA	NA	NA	NA	NA	Cardia	NA	NA	NA	NA	NA	NA	NA	NA	NA	NA	NA	NA	NA	NA	NA	NA	NA	NA	NA	NA	NA	NA	NA	NA	NA	NA	NA	NA	NA	NA	NA	NA	NA	NA	NA	NA	NA	NA	NA	NA	NA	NA	NA	NA	NA	NA	NA	NA	NA	NA	NA	NA	NA	NA	NA	NA	NA	NA	NA	NA	NA	NA	NA	NA	NA	NA	NA	NA	NA	NA	NA	NA	NA
stad_oncosg_2018	GIS003-HK-pfg106	GIS003-HK-pfg106	59	NA	NA	NA	NA	NA	NA	NA	NA	Esophagogastric Cancer	Stomach Adenocarcinoma	NA	NA	NA	NA	NA	HK	NA	NA	NA	NA	NA	NA	NA	NA	NA	NA	NA	NA	NA	NA	NA	NA	NA	NA	NA	NA	NA	NA	NA	NA	NA	NA	Intestinal	NA	NA	NA	NA	NA	NA	NA	NA	83	NA	NA	NA	NA	NA	NA	NA	STAD	NA	NA	NA	NA	NA	NA	NA	NA	NA	NA	NA	NA	NA	NA	NA	NA	NA	NA	Tumor	1	NA	NA	NA	Female	NA	NA	Matched	NA	NA	NA	IV	0	3	NA	T4	NA	NA	NA	NA	2.76666666667	NA	NA	NA	NA	NA	NA	Body	NA	NA	NA	NA	NA	NA	NA	NA	NA	NA	NA	NA	NA	NA	NA	NA	NA	NA	NA	NA	NA	NA	NA	NA	NA	NA	NA	NA	NA	NA	NA	NA	NA	NA	NA	NA	NA	NA	NA	NA	NA	NA	NA	NA	NA	NA	NA	NA	NA	NA	NA	NA	NA	NA	NA	NA	NA	NA	NA	NA	NA	NA	NA	NA	NA	NA	NA	NA	NA	NA	NA	NA	NA
stad_oncosg_2018	GIS003-HK-pfg107	GIS003-HK-pfg107	67	NA	NA	NA	NA	NA	NA	NA	NA	Esophagogastric Cancer	Stomach Adenocarcinoma	NA	NA	NA	NA	NA	HK	NA	NA	NA	NA	NA	NA	NA	NA	NA	NA	NA	NA	NA	NA	NA	NA	NA	NA	NA	NA	NA	NA	NA	NA	NA	NA	Intestinal	NA	NA	NA	NA	NA	NA	NA	NA	118	NA	NA	NA	NA	NA	NA	NA	STAD	NA	NA	NA	NA	NA	NA	NA	NA	NA	NA	NA	NA	NA	NA	NA	NA	NA	NA	Tumor	1	NA	NA	NA	Female	NA	NA	Matched	NA	NA	NA	IV	1	1	NA	T1	NA	NA	NA	NA	4.1	NA	NA	NA	NA	NA	NA	Cardia	NA	NA	NA	NA	NA	NA	NA	NA	NA	NA	NA	NA	NA	NA	NA	NA	NA	NA	NA	NA	NA	NA	NA	NA	NA	NA	NA	NA	NA	NA	NA	NA	NA	NA	NA	NA	NA	NA	NA	NA	NA	NA	NA	NA	NA	NA	NA	NA	NA	NA	NA	NA	NA	NA	NA	NA	NA	NA	NA	NA	NA	NA	NA	NA	NA	NA	NA	NA	NA	NA	NA	NA	NA
stad_oncosg_2018	GIS003-HK-pfg108	GIS003-HK-pfg108	64	NA	NA	NA	NA	NA	NA	NA	NA	Esophagogastric Cancer	Stomach Adenocarcinoma	NA	NA	NA	NA	NA	HK	NA	NA	NA	NA	NA	NA	NA	NA	NA	NA	NA	NA	NA	NA	NA	NA	NA	NA	NA	NA	NA	NA	NA	NA	NA	NA	Intestinal	NA	NA	NA	NA	NA	NA	NA	NA	127	NA	NA	NA	NA	NA	NA	NA	STAD	NA	NA	NA	NA	NA	NA	NA	NA	NA	NA	NA	NA	NA	NA	NA	NA	NA	NA	Tumor	1	NA	NA	NA	Male	NA	NA	Matched	NA	NA	NA	IIIB	0	2	NA	T3	NA	NA	NA	NA	4.46666666667	NA	NA	NA	NA	NA	NA	Cardia	NA	NA	NA	NA	NA	NA	NA	NA	NA	NA	NA	NA	NA	NA	NA	NA	NA	NA	NA	NA	NA	NA	NA	NA	NA	NA	NA	NA	NA	NA	NA	NA	NA	NA	NA	NA	NA	NA	NA	NA	NA	NA	NA	NA	NA	NA	NA	NA	NA	NA	NA	NA	NA	NA	NA	NA	NA	NA	NA	NA	NA	NA	NA	NA	NA	NA	NA	NA	NA	NA	NA	NA	NA
stad_oncosg_2018	GIS003-HK-pfg115	GIS003-HK-pfg115	75	NA	NA	NA	NA	NA	NA	NA	NA	Esophagogastric Cancer	Stomach Adenocarcinoma	NA	NA	NA	NA	NA	HK	NA	NA	NA	NA	NA	NA	NA	NA	NA	NA	NA	NA	NA	NA	NA	NA	NA	NA	NA	NA	NA	NA	NA	NA	NA	NA	Mixed	NA	NA	NA	NA	NA	NA	NA	NA	104	NA	NA	NA	NA	NA	NA	NA	STAD	NA	NA	NA	NA	NA	NA	NA	NA	NA	NA	NA	NA	NA	NA	NA	NA	NA	NA	Tumor	1	NA	NA	NA	Female	NA	NA	Matched	NA	NA	NA	IV	0	3	NA	T4	NA	NA	NA	NA	3.6	NA	NA	NA	NA	NA	NA	Cardia	NA	NA	NA	NA	NA	NA	NA	NA	NA	NA	NA	NA	NA	NA	NA	NA	NA	NA	NA	NA	NA	NA	NA	NA	NA	NA	NA	NA	NA	NA	NA	NA	NA	NA	NA	NA	NA	NA	NA	NA	NA	NA	NA	NA	NA	NA	NA	NA	NA	NA	NA	NA	NA	NA	NA	NA	NA	NA	NA	NA	NA	NA	NA	NA	NA	NA	NA	NA	NA	NA	NA	NA	NA
stad_oncosg_2018	GIS003-HK-pfg116	GIS003-HK-pfg116	78	NA	NA	NA	NA	NA	NA	NA	NA	Esophagogastric Cancer	Stomach Adenocarcinoma	NA	NA	NA	NA	NA	HK	NA	NA	NA	NA	NA	NA	NA	NA	NA	NA	NA	NA	NA	NA	NA	NA	NA	NA	NA	NA	NA	NA	NA	NA	NA	NA	Mixed	NA	NA	NA	NA	NA	NA	NA	NA	148	NA	NA	NA	NA	NA	NA	NA	STAD	NA	NA	NA	NA	NA	NA	NA	NA	NA	NA	NA	NA	NA	NA	NA	NA	NA	NA	Tumor	1	NA	NA	NA	Male	NA	NA	Matched	NA	NA	NA	IV	1	2	NA	T4	NA	NA	NA	NA	5.03333333333	NA	NA	NA	NA	NA	NA	Antrum	NA	NA	NA	NA	NA	NA	NA	NA	NA	NA	NA	NA	NA	NA	NA	NA	NA	NA	NA	NA	NA	NA	NA	NA	NA	NA	NA	NA	NA	NA	NA	NA	NA	NA	NA	NA	NA	NA	NA	NA	NA	NA	NA	NA	NA	NA	NA	NA	NA	NA	NA	NA	NA	NA	NA	NA	NA	NA	NA	NA	NA	NA	NA	NA	NA	NA	NA	NA	NA	NA	NA	NA	NA
stad_oncosg_2018	GIS003-HK-pfg118	GIS003-HK-pfg118	84	NA	NA	NA	NA	NA	NA	NA	NA	Esophagogastric Cancer	Stomach Adenocarcinoma	NA	NA	NA	NA	NA	HK	NA	NA	NA	NA	NA	NA	NA	NA	NA	NA	NA	NA	NA	NA	NA	NA	NA	NA	NA	NA	NA	NA	NA	NA	NA	NA	Mixed	NA	NA	NA	NA	NA	NA	NA	NA	60	NA	NA	NA	NA	NA	NA	NA	STAD	NA	NA	NA	NA	NA	NA	NA	NA	NA	NA	NA	NA	NA	NA	NA	NA	NA	NA	Tumor	1	NA	NA	NA	Female	NA	NA	Matched	NA	NA	NA	II	0	1	NA	T2a	NA	NA	NA	NA	2.13333333333	NA	NA	NA	NA	NA	NA	Antrum	NA	NA	NA	NA	NA	NA	NA	NA	NA	NA	NA	NA	NA	NA	NA	NA	NA	NA	NA	NA	NA	NA	NA	NA	NA	NA	NA	NA	NA	NA	NA	NA	NA	NA	NA	NA	NA	NA	NA	NA	NA	NA	NA	NA	NA	NA	NA	NA	NA	NA	NA	NA	NA	NA	NA	NA	NA	NA	NA	NA	NA	NA	NA	NA	NA	NA	NA	NA	NA	NA	NA	NA	NA
stad_oncosg_2018	GIS003-HK-pfg119	GIS003-HK-pfg119	84	NA	NA	NA	NA	NA	NA	NA	NA	Esophagogastric Cancer	Stomach Adenocarcinoma	NA	NA	NA	NA	NA	HK	NA	NA	NA	NA	NA	NA	NA	NA	NA	NA	NA	NA	NA	NA	NA	NA	NA	NA	NA	NA	NA	NA	NA	NA	NA	NA	Mixed	NA	NA	NA	NA	NA	NA	NA	NA	91	NA	NA	NA	NA	NA	NA	NA	STAD	NA	NA	NA	NA	NA	NA	NA	NA	NA	NA	NA	NA	NA	NA	NA	NA	NA	NA	Tumor	1	NA	NA	NA	Male	NA	NA	Matched	NA	NA	NA	IV	0	2	NA	T4	NA	NA	NA	NA	3.06666666667	NA	NA	NA	NA	NA	NA	Antrum	NA	NA	NA	NA	NA	NA	NA	NA	NA	NA	NA	NA	NA	NA	NA	NA	NA	NA	NA	NA	NA	NA	NA	NA	NA	NA	NA	NA	NA	NA	NA	NA	NA	NA	NA	NA	NA	NA	NA	NA	NA	NA	NA	NA	NA	NA	NA	NA	NA	NA	NA	NA	NA	NA	NA	NA	NA	NA	NA	NA	NA	NA	NA	NA	NA	NA	NA	NA	NA	NA	NA	NA	NA
stad_oncosg_2018	GIS003-HK-pfg120	GIS003-HK-pfg120	76	NA	NA	NA	NA	NA	NA	NA	NA	Esophagogastric Cancer	Stomach Adenocarcinoma	NA	NA	NA	NA	NA	HK	NA	NA	NA	NA	NA	NA	NA	NA	NA	NA	NA	NA	NA	NA	NA	NA	NA	NA	NA	NA	NA	NA	NA	NA	NA	NA	Intestinal	NA	NA	NA	NA	NA	NA	NA	NA	151	NA	NA	NA	NA	NA	NA	NA	STAD	NA	NA	NA	NA	NA	NA	NA	NA	NA	NA	NA	NA	NA	NA	NA	NA	NA	NA	Tumor	1	NA	NA	NA	Female	NA	NA	Matched	NA	NA	NA	IIIA	0	2	NA	T2a	NA	NA	NA	NA	5.23333333333	NA	NA	NA	NA	NA	NA	Antrum	NA	NA	NA	NA	NA	NA	NA	NA	NA	NA	NA	NA	NA	NA	NA	NA	NA	NA	NA	NA	NA	NA	NA	NA	NA	NA	NA	NA	NA	NA	NA	NA	NA	NA	NA	NA	NA	NA	NA	NA	NA	NA	NA	NA	NA	NA	NA	NA	NA	NA	NA	NA	NA	NA	NA	NA	NA	NA	NA	NA	NA	NA	NA	NA	NA	NA	NA	NA	NA	NA	NA	NA	NA
stad_oncosg_2018	GIS003-HK-pfg121	GIS003-HK-pfg121	80	NA	NA	NA	NA	NA	NA	NA	NA	Esophagogastric Cancer	Stomach Adenocarcinoma	NA	NA	NA	NA	NA	HK	NA	NA	NA	NA	NA	NA	NA	NA	NA	NA	NA	NA	NA	NA	NA	NA	NA	NA	NA	NA	NA	NA	NA	NA	NA	NA	Intestinal	NA	NA	NA	NA	NA	NA	NA	NA	79	NA	NA	NA	NA	NA	NA	NA	STAD	NA	NA	NA	NA	NA	NA	NA	NA	NA	NA	NA	NA	NA	NA	NA	NA	NA	NA	Tumor	1	NA	NA	NA	Male	NA	NA	Matched	NA	NA	NA	IIIB	0	2	NA	T3	NA	NA	NA	NA	2.76666666667	NA	NA	NA	NA	NA	NA	Antrum	NA	NA	NA	NA	NA	NA	NA	NA	NA	NA	NA	NA	NA	NA	NA	NA	NA	NA	NA	NA	NA	NA	NA	NA	NA	NA	NA	NA	NA	NA	NA	NA	NA	NA	NA	NA	NA	NA	NA	NA	NA	NA	NA	NA	NA	NA	NA	NA	NA	NA	NA	NA	NA	NA	NA	NA	NA	NA	NA	NA	NA	NA	NA	NA	NA	NA	NA	NA	NA	NA	NA	NA	NA
stad_oncosg_2018	GIS003-HK-pfg122	GIS003-HK-pfg122	83	NA	NA	NA	NA	NA	NA	NA	NA	Esophagogastric Cancer	Stomach Adenocarcinoma	NA	NA	NA	NA	NA	HK	NA	NA	NA	NA	NA	NA	NA	NA	NA	NA	NA	NA	NA	NA	NA	NA	NA	NA	NA	NA	NA	NA	NA	NA	NA	NA	Intestinal	NA	NA	NA	NA	NA	NA	MSI	NA	1127	NA	NA	NA	NA	NA	NA	NA	STAD	NA	NA	NA	NA	NA	NA	NA	NA	NA	NA	NA	NA	NA	NA	NA	NA	NA	NA	Tumor	1	NA	NA	NA	Female	NA	NA	Matched	NA	NA	NA	IV	0	2	NA	T4	NA	NA	NA	NA	38.7333333333	NA	NA	NA	NA	NA	NA	Antrum	NA	NA	NA	NA	NA	NA	NA	NA	NA	NA	NA	NA	NA	NA	NA	NA	NA	NA	NA	NA	NA	NA	NA	NA	NA	NA	NA	NA	NA	NA	NA	NA	NA	NA	NA	NA	NA	NA	NA	NA	NA	NA	NA	NA	NA	NA	NA	NA	NA	NA	NA	NA	NA	NA	NA	NA	NA	NA	NA	NA	NA	NA	NA	NA	NA	NA	NA	NA	NA	NA	NA	NA	NA
stad_oncosg_2018	GIS003-HK-pfg124	GIS003-HK-pfg124	82	NA	NA	NA	NA	NA	NA	NA	NA	Esophagogastric Cancer	Stomach Adenocarcinoma	NA	NA	NA	NA	NA	HK	NA	NA	NA	NA	NA	NA	NA	NA	NA	NA	NA	NA	NA	NA	NA	NA	NA	NA	NA	NA	NA	NA	NA	NA	NA	NA	Intestinal	NA	NA	NA	NA	NA	NA	NA	NA	70	NA	NA	NA	NA	NA	NA	NA	STAD	NA	NA	NA	NA	NA	NA	NA	NA	NA	NA	NA	NA	NA	NA	NA	NA	NA	NA	Tumor	1	NA	NA	NA	Male	NA	NA	Matched	NA	NA	NA	IIIA	0	1	NA	T3	NA	NA	NA	NA	2.33333333333	NA	NA	NA	NA	NA	NA	Antrum	NA	NA	NA	NA	NA	NA	NA	NA	NA	NA	NA	NA	NA	NA	NA	NA	NA	NA	NA	NA	NA	NA	NA	NA	NA	NA	NA	NA	NA	NA	NA	NA	NA	NA	NA	NA	NA	NA	NA	NA	NA	NA	NA	NA	NA	NA	NA	NA	NA	NA	NA	NA	NA	NA	NA	NA	NA	NA	NA	NA	NA	NA	NA	NA	NA	NA	NA	NA	NA	NA	NA	NA	NA
stad_oncosg_2018	GIS003-HK-pfg125	GIS003-HK-pfg125	55	NA	NA	NA	NA	NA	NA	NA	NA	Esophagogastric Cancer	Stomach Adenocarcinoma	NA	NA	NA	NA	NA	HK	NA	NA	NA	NA	NA	NA	NA	NA	NA	NA	NA	NA	NA	NA	NA	NA	NA	NA	NA	NA	NA	NA	NA	NA	NA	NA	Intestinal	NA	NA	NA	NA	NA	NA	NA	NA	103	NA	NA	NA	NA	NA	NA	NA	STAD	NA	NA	NA	NA	NA	NA	NA	NA	NA	NA	NA	NA	NA	NA	NA	NA	NA	NA	Tumor	1	NA	NA	NA	Male	NA	NA	Matched	NA	NA	NA	IIIA	0	2	NA	T2b	NA	NA	NA	NA	3.53333333333	NA	NA	NA	NA	NA	NA	Cardia	NA	NA	NA	NA	NA	NA	NA	NA	NA	NA	NA	NA	NA	NA	NA	NA	NA	NA	NA	NA	NA	NA	NA	NA	NA	NA	NA	NA	NA	NA	NA	NA	NA	NA	NA	NA	NA	NA	NA	NA	NA	NA	NA	NA	NA	NA	NA	NA	NA	NA	NA	NA	NA	NA	NA	NA	NA	NA	NA	NA	NA	NA	NA	NA	NA	NA	NA	NA	NA	NA	NA	NA	NA
stad_oncosg_2018	GIS003-HK-pfg127	GIS003-HK-pfg127	77	NA	NA	NA	NA	NA	NA	NA	NA	Esophagogastric Cancer	Stomach Adenocarcinoma	NA	NA	NA	NA	NA	HK	NA	NA	NA	NA	NA	NA	NA	NA	NA	NA	NA	NA	NA	NA	NA	NA	NA	NA	NA	NA	NA	NA	NA	NA	NA	NA	Intestinal	NA	NA	NA	NA	NA	NA	MSI	NA	858	NA	NA	NA	NA	NA	NA	NA	STAD	NA	NA	NA	NA	NA	NA	NA	NA	NA	NA	NA	NA	NA	NA	NA	NA	NA	NA	Tumor	1	NA	NA	NA	Male	NA	NA	Matched	NA	NA	NA	IIIA	0	1	NA	T3	NA	NA	NA	NA	29.8	NA	NA	NA	NA	NA	NA	Antrum	NA	NA	NA	NA	NA	NA	NA	NA	NA	NA	NA	NA	NA	NA	NA	NA	NA	NA	NA	NA	NA	NA	NA	NA	NA	NA	NA	NA	NA	NA	NA	NA	NA	NA	NA	NA	NA	NA	NA	NA	NA	NA	NA	NA	NA	NA	NA	NA	NA	NA	NA	NA	NA	NA	NA	NA	NA	NA	NA	NA	NA	NA	NA	NA	NA	NA	NA	NA	NA	NA	NA	NA	NA
stad_oncosg_2018	GIS003-HK-pfg129	GIS003-HK-pfg129	68	NA	NA	NA	NA	NA	NA	NA	NA	Esophagogastric Cancer	Stomach Adenocarcinoma	NA	NA	NA	NA	NA	HK	NA	NA	NA	NA	NA	NA	NA	NA	NA	NA	NA	NA	NA	NA	NA	NA	NA	NA	NA	NA	NA	NA	NA	NA	NA	NA	Intestinal	NA	NA	NA	NA	NA	NA	MSI	NA	410	NA	NA	NA	NA	NA	NA	NA	STAD	NA	NA	NA	NA	NA	NA	NA	NA	NA	NA	NA	NA	NA	NA	NA	NA	NA	NA	Tumor	1	NA	NA	NA	Male	NA	NA	Matched	NA	NA	NA	IV	0	3	NA	T3	NA	NA	NA	NA	14.0333333333	NA	NA	NA	NA	NA	NA	Cardia	NA	NA	NA	NA	NA	NA	NA	NA	NA	NA	NA	NA	NA	NA	NA	NA	NA	NA	NA	NA	NA	NA	NA	NA	NA	NA	NA	NA	NA	NA	NA	NA	NA	NA	NA	NA	NA	NA	NA	NA	NA	NA	NA	NA	NA	NA	NA	NA	NA	NA	NA	NA	NA	NA	NA	NA	NA	NA	NA	NA	NA	NA	NA	NA	NA	NA	NA	NA	NA	NA	NA	NA	NA
stad_oncosg_2018	GIS003-HK-pfg130	GIS003-HK-pfg130	67	NA	NA	NA	NA	NA	NA	NA	NA	Esophagogastric Cancer	Stomach Adenocarcinoma	NA	NA	NA	NA	NA	HK	NA	NA	NA	NA	NA	NA	NA	NA	NA	NA	NA	NA	NA	NA	NA	NA	NA	NA	NA	NA	NA	NA	NA	NA	NA	NA	Intestinal	NA	NA	NA	NA	NA	NA	NA	NA	100	NA	NA	NA	NA	NA	NA	NA	STAD	NA	NA	NA	NA	NA	NA	NA	NA	NA	NA	NA	NA	NA	NA	NA	NA	NA	NA	Tumor	1	NA	NA	NA	Male	NA	NA	Matched	NA	NA	NA	IIIA	0	1	NA	T3	NA	NA	NA	NA	3.43333333333	NA	NA	NA	NA	NA	NA	Body	NA	NA	NA	NA	NA	NA	NA	NA	NA	NA	NA	NA	NA	NA	NA	NA	NA	NA	NA	NA	NA	NA	NA	NA	NA	NA	NA	NA	NA	NA	NA	NA	NA	NA	NA	NA	NA	NA	NA	NA	NA	NA	NA	NA	NA	NA	NA	NA	NA	NA	NA	NA	NA	NA	NA	NA	NA	NA	NA	NA	NA	NA	NA	NA	NA	NA	NA	NA	NA	NA	NA	NA	NA
stad_oncosg_2018	GIS003-HK-pfg132	GIS003-HK-pfg132	45	NA	NA	NA	NA	NA	NA	NA	NA	Esophagogastric Cancer	Stomach Adenocarcinoma	NA	NA	NA	NA	NA	HK	NA	NA	NA	NA	NA	NA	NA	NA	NA	NA	NA	NA	NA	NA	NA	NA	NA	NA	NA	NA	NA	NA	NA	NA	NA	NA	Intestinal	NA	NA	NA	NA	NA	NA	NA	NA	20	NA	NA	NA	NA	NA	NA	NA	STAD	NA	NA	NA	NA	NA	NA	NA	NA	NA	NA	NA	NA	NA	NA	NA	NA	NA	NA	Tumor	1	NA	NA	NA	Male	NA	NA	Matched	NA	NA	NA	IIIA	0	1	NA	T3	NA	NA	NA	NA	0.7	NA	NA	NA	NA	NA	NA	Cardia	NA	NA	NA	NA	NA	NA	NA	NA	NA	NA	NA	NA	NA	NA	NA	NA	NA	NA	NA	NA	NA	NA	NA	NA	NA	NA	NA	NA	NA	NA	NA	NA	NA	NA	NA	NA	NA	NA	NA	NA	NA	NA	NA	NA	NA	NA	NA	NA	NA	NA	NA	NA	NA	NA	NA	NA	NA	NA	NA	NA	NA	NA	NA	NA	NA	NA	NA	NA	NA	NA	NA	NA	NA
stad_oncosg_2018	GIS003-HK-pfg135	GIS003-HK-pfg135	64	NA	NA	NA	NA	NA	NA	NA	NA	Esophagogastric Cancer	Stomach Adenocarcinoma	NA	NA	NA	NA	NA	HK	NA	NA	NA	NA	NA	NA	NA	NA	NA	NA	NA	NA	NA	NA	NA	NA	NA	NA	NA	NA	NA	NA	NA	NA	NA	NA	Intestinal	NA	NA	NA	NA	NA	NA	NA	NA	44	NA	NA	NA	NA	NA	NA	NA	STAD	NA	NA	NA	NA	NA	NA	NA	NA	NA	NA	NA	NA	NA	NA	NA	NA	NA	NA	Tumor	1	NA	NA	NA	Male	NA	NA	Matched	NA	NA	NA	IV	0	1	NA	T4	NA	NA	NA	NA	1.46666666667	NA	NA	NA	NA	NA	NA	Cardia	NA	NA	NA	NA	NA	NA	NA	NA	NA	NA	NA	NA	NA	NA	NA	NA	NA	NA	NA	NA	NA	NA	NA	NA	NA	NA	NA	NA	NA	NA	NA	NA	NA	NA	NA	NA	NA	NA	NA	NA	NA	NA	NA	NA	NA	NA	NA	NA	NA	NA	NA	NA	NA	NA	NA	NA	NA	NA	NA	NA	NA	NA	NA	NA	NA	NA	NA	NA	NA	NA	NA	NA	NA
stad_oncosg_2018	GIS003-HK-pfg136	GIS003-HK-pfg136	45	NA	NA	NA	NA	NA	NA	NA	NA	Esophagogastric Cancer	Stomach Adenocarcinoma	NA	NA	NA	NA	NA	HK	NA	NA	NA	NA	NA	NA	NA	NA	NA	NA	NA	NA	NA	NA	NA	NA	NA	NA	NA	NA	NA	NA	NA	NA	NA	NA	Diffuse	NA	NA	NA	NA	NA	NA	NA	NA	28	NA	NA	NA	NA	NA	NA	NA	STAD	NA	NA	NA	NA	NA	NA	NA	NA	NA	NA	NA	NA	NA	NA	NA	NA	NA	NA	Tumor	1	NA	NA	NA	Male	NA	NA	Matched	NA	NA	NA	IV	1	2	NA	T3	NA	NA	NA	NA	1.03333333333	NA	NA	NA	NA	NA	NA	Cardia	NA	NA	NA	NA	NA	NA	NA	NA	NA	NA	NA	NA	NA	NA	NA	NA	NA	NA	NA	NA	NA	NA	NA	NA	NA	NA	NA	NA	NA	NA	NA	NA	NA	NA	NA	NA	NA	NA	NA	NA	NA	NA	NA	NA	NA	NA	NA	NA	NA	NA	NA	NA	NA	NA	NA	NA	NA	NA	NA	NA	NA	NA	NA	NA	NA	NA	NA	NA	NA	NA	NA	NA	NA
stad_oncosg_2018	GIS003-HK-pfg142	GIS003-HK-pfg142	64	NA	NA	NA	NA	NA	NA	NA	NA	Esophagogastric Cancer	Stomach Adenocarcinoma	NA	NA	NA	NA	NA	HK	NA	NA	NA	NA	NA	NA	NA	NA	NA	NA	NA	NA	NA	NA	NA	NA	NA	NA	NA	NA	NA	NA	NA	NA	NA	NA	Diffuse	NA	NA	NA	NA	NA	NA	NA	NA	17	NA	NA	NA	NA	NA	NA	NA	STAD	NA	NA	NA	NA	NA	NA	NA	NA	NA	NA	NA	NA	NA	NA	NA	NA	NA	NA	Tumor	1	NA	NA	NA	Male	NA	NA	Matched	NA	NA	NA	IV	0	2	NA	T4	NA	NA	NA	NA	0.566666666667	NA	NA	NA	NA	NA	NA	Antrum	NA	NA	NA	NA	NA	NA	NA	NA	NA	NA	NA	NA	NA	NA	NA	NA	NA	NA	NA	NA	NA	NA	NA	NA	NA	NA	NA	NA	NA	NA	NA	NA	NA	NA	NA	NA	NA	NA	NA	NA	NA	NA	NA	NA	NA	NA	NA	NA	NA	NA	NA	NA	NA	NA	NA	NA	NA	NA	NA	NA	NA	NA	NA	NA	NA	NA	NA	NA	NA	NA	NA	NA	NA
stad_oncosg_2018	GIS003-HK-pfg143	GIS003-HK-pfg143	79	NA	NA	NA	NA	NA	NA	NA	NA	Esophagogastric Cancer	Stomach Adenocarcinoma	NA	NA	NA	NA	NA	HK	NA	NA	NA	NA	NA	NA	NA	NA	NA	NA	NA	NA	NA	NA	NA	NA	NA	NA	NA	NA	NA	NA	NA	NA	NA	NA	Intestinal	NA	NA	NA	NA	NA	NA	MSI	NA	877	NA	NA	NA	NA	NA	NA	NA	STAD	NA	NA	NA	NA	NA	NA	NA	NA	NA	NA	NA	NA	NA	NA	NA	NA	NA	NA	Tumor	1	NA	NA	NA	Female	NA	NA	Matched	NA	NA	NA	IV	0	3	NA	T4	NA	NA	NA	NA	30.3666666667	NA	NA	NA	NA	NA	NA	Antrum	NA	NA	NA	NA	NA	NA	NA	NA	NA	NA	NA	NA	NA	NA	NA	NA	NA	NA	NA	NA	NA	NA	NA	NA	NA	NA	NA	NA	NA	NA	NA	NA	NA	NA	NA	NA	NA	NA	NA	NA	NA	NA	NA	NA	NA	NA	NA	NA	NA	NA	NA	NA	NA	NA	NA	NA	NA	NA	NA	NA	NA	NA	NA	NA	NA	NA	NA	NA	NA	NA	NA	NA	NA
stad_oncosg_2018	GIS003-HK-pfg144	GIS003-HK-pfg144	77	NA	NA	NA	NA	NA	NA	NA	NA	Esophagogastric Cancer	Stomach Adenocarcinoma	NA	NA	NA	NA	NA	HK	NA	NA	NA	NA	NA	NA	NA	NA	NA	NA	NA	NA	NA	NA	NA	NA	NA	NA	NA	NA	NA	NA	NA	NA	NA	NA	Intestinal	NA	NA	NA	NA	NA	NA	NA	NA	128	NA	NA	NA	NA	NA	NA	NA	STAD	NA	NA	NA	NA	NA	NA	NA	NA	NA	NA	NA	NA	NA	NA	NA	NA	NA	NA	Tumor	1	NA	NA	NA	Male	NA	NA	Matched	NA	NA	NA	IIIA	0	2	NA	T2b	NA	NA	NA	NA	4.26666666667	NA	NA	NA	NA	NA	NA	Body	NA	NA	NA	NA	NA	NA	NA	NA	NA	NA	NA	NA	NA	NA	NA	NA	NA	NA	NA	NA	NA	NA	NA	NA	NA	NA	NA	NA	NA	NA	NA	NA	NA	NA	NA	NA	NA	NA	NA	NA	NA	NA	NA	NA	NA	NA	NA	NA	NA	NA	NA	NA	NA	NA	NA	NA	NA	NA	NA	NA	NA	NA	NA	NA	NA	NA	NA	NA	NA	NA	NA	NA	NA
stad_oncosg_2018	GIS003-HK-pfg145	GIS003-HK-pfg145	49	NA	NA	NA	NA	NA	NA	NA	NA	Esophagogastric Cancer	Stomach Adenocarcinoma	NA	NA	NA	NA	NA	HK	NA	NA	NA	NA	NA	NA	NA	NA	NA	NA	NA	NA	NA	NA	NA	NA	NA	NA	NA	NA	NA	NA	NA	NA	NA	NA	Diffuse	NA	NA	NA	NA	NA	NA	NA	NA	118	NA	NA	NA	NA	NA	NA	NA	STAD	NA	NA	NA	NA	NA	NA	NA	NA	NA	NA	NA	NA	NA	NA	NA	NA	NA	NA	Tumor	1	NA	NA	NA	Male	NA	NA	Matched	NA	NA	NA	II	0	2	NA	T1	NA	NA	NA	NA	4.06666666667	NA	NA	NA	NA	NA	NA	Body	NA	NA	NA	NA	NA	NA	NA	NA	NA	NA	NA	NA	NA	NA	NA	NA	NA	NA	NA	NA	NA	NA	NA	NA	NA	NA	NA	NA	NA	NA	NA	NA	NA	NA	NA	NA	NA	NA	NA	NA	NA	NA	NA	NA	NA	NA	NA	NA	NA	NA	NA	NA	NA	NA	NA	NA	NA	NA	NA	NA	NA	NA	NA	NA	NA	NA	NA	NA	NA	NA	NA	NA	NA
stad_oncosg_2018	GIS003-HK-pfg146	GIS003-HK-pfg146	63	NA	NA	NA	NA	NA	NA	NA	NA	Esophagogastric Cancer	Stomach Adenocarcinoma	NA	NA	NA	NA	NA	HK	NA	NA	NA	NA	NA	NA	NA	NA	NA	NA	NA	NA	NA	NA	NA	NA	NA	NA	NA	NA	NA	NA	NA	NA	NA	NA	Intestinal	NA	NA	NA	NA	NA	NA	NA	NA	114	NA	NA	NA	NA	NA	NA	NA	STAD	NA	NA	NA	NA	NA	NA	NA	NA	NA	NA	NA	NA	NA	NA	NA	NA	NA	NA	Tumor	1	NA	NA	NA	Male	NA	NA	Matched	NA	NA	NA	IIIA	0	2	NA	T2b	NA	NA	NA	NA	3.93333333333	NA	NA	NA	NA	NA	NA	Antrum	NA	NA	NA	NA	NA	NA	NA	NA	NA	NA	NA	NA	NA	NA	NA	NA	NA	NA	NA	NA	NA	NA	NA	NA	NA	NA	NA	NA	NA	NA	NA	NA	NA	NA	NA	NA	NA	NA	NA	NA	NA	NA	NA	NA	NA	NA	NA	NA	NA	NA	NA	NA	NA	NA	NA	NA	NA	NA	NA	NA	NA	NA	NA	NA	NA	NA	NA	NA	NA	NA	NA	NA	NA
stad_oncosg_2018	GIS003-HK-pfg151	GIS003-HK-pfg151	41	NA	NA	NA	NA	NA	NA	NA	NA	Esophagogastric Cancer	Stomach Adenocarcinoma	NA	NA	NA	NA	NA	HK	NA	NA	NA	NA	NA	NA	NA	NA	NA	NA	NA	NA	NA	NA	NA	NA	NA	NA	NA	NA	NA	NA	NA	NA	NA	NA	Diffuse	NA	NA	NA	NA	NA	NA	NA	NA	28	NA	NA	NA	NA	NA	NA	NA	STAD	NA	NA	NA	NA	NA	NA	NA	NA	NA	NA	NA	NA	NA	NA	NA	NA	NA	NA	Tumor	1	NA	NA	NA	Female	NA	NA	Matched	NA	NA	NA	IV	1	1	NA	T3	NA	NA	NA	NA	0.966666666667	NA	NA	NA	NA	NA	NA	Body	NA	NA	NA	NA	NA	NA	NA	NA	NA	NA	NA	NA	NA	NA	NA	NA	NA	NA	NA	NA	NA	NA	NA	NA	NA	NA	NA	NA	NA	NA	NA	NA	NA	NA	NA	NA	NA	NA	NA	NA	NA	NA	NA	NA	NA	NA	NA	NA	NA	NA	NA	NA	NA	NA	NA	NA	NA	NA	NA	NA	NA	NA	NA	NA	NA	NA	NA	NA	NA	NA	NA	NA	NA
stad_oncosg_2018	GIS003-HK-pfg156	GIS003-HK-pfg156	59	NA	NA	NA	NA	NA	NA	NA	NA	Esophagogastric Cancer	Stomach Adenocarcinoma	NA	NA	NA	NA	NA	HK	NA	NA	NA	NA	NA	NA	NA	NA	NA	NA	NA	NA	NA	NA	NA	NA	NA	NA	NA	NA	NA	NA	NA	NA	NA	NA	Diffuse	NA	NA	NA	NA	NA	NA	NA	NA	13	NA	NA	NA	NA	NA	NA	NA	STAD	NA	NA	NA	NA	NA	NA	NA	NA	NA	NA	NA	NA	NA	NA	NA	NA	NA	NA	Tumor	1	NA	NA	NA	Female	NA	NA	Matched	NA	NA	NA	IV	0	3	NA	T3	NA	NA	NA	NA	0.433333333333	NA	NA	NA	NA	NA	NA	Body	NA	NA	NA	NA	NA	NA	NA	NA	NA	NA	NA	NA	NA	NA	NA	NA	NA	NA	NA	NA	NA	NA	NA	NA	NA	NA	NA	NA	NA	NA	NA	NA	NA	NA	NA	NA	NA	NA	NA	NA	NA	NA	NA	NA	NA	NA	NA	NA	NA	NA	NA	NA	NA	NA	NA	NA	NA	NA	NA	NA	NA	NA	NA	NA	NA	NA	NA	NA	NA	NA	NA	NA	NA
stad_oncosg_2018	GIS003-HK-pfg157	GIS003-HK-pfg157	76	NA	NA	NA	NA	NA	NA	NA	NA	Esophagogastric Cancer	Stomach Adenocarcinoma	NA	NA	NA	NA	NA	HK	NA	NA	NA	NA	NA	NA	NA	NA	NA	NA	NA	NA	NA	NA	NA	NA	NA	NA	NA	NA	NA	NA	NA	NA	NA	NA	Mixed	NA	NA	NA	NA	NA	NA	NA	NA	48	NA	NA	NA	NA	NA	NA	NA	STAD	NA	NA	NA	NA	NA	NA	NA	NA	NA	NA	NA	NA	NA	NA	NA	NA	NA	NA	Tumor	1	NA	NA	NA	Male	NA	NA	Matched	NA	NA	NA	IIIA	0	1	NA	T3	NA	NA	NA	NA	1.56666666667	NA	NA	NA	NA	NA	NA	Body	NA	NA	NA	NA	NA	NA	NA	NA	NA	NA	NA	NA	NA	NA	NA	NA	NA	NA	NA	NA	NA	NA	NA	NA	NA	NA	NA	NA	NA	NA	NA	NA	NA	NA	NA	NA	NA	NA	NA	NA	NA	NA	NA	NA	NA	NA	NA	NA	NA	NA	NA	NA	NA	NA	NA	NA	NA	NA	NA	NA	NA	NA	NA	NA	NA	NA	NA	NA	NA	NA	NA	NA	NA
stad_oncosg_2018	GIS003-HK-pfg160	GIS003-HK-pfg160	82	NA	NA	NA	NA	NA	NA	NA	NA	Esophagogastric Cancer	Stomach Adenocarcinoma	NA	NA	NA	NA	NA	HK	NA	NA	NA	NA	NA	NA	NA	NA	NA	NA	NA	NA	NA	NA	NA	NA	NA	NA	NA	NA	NA	NA	NA	NA	NA	NA	Intestinal	NA	NA	NA	NA	NA	NA	NA	NA	234	NA	NA	NA	NA	NA	NA	NA	STAD	NA	NA	NA	NA	NA	NA	NA	NA	NA	NA	NA	NA	NA	NA	NA	NA	NA	NA	Tumor	1	NA	NA	NA	Male	NA	NA	Matched	NA	NA	NA	IB	0	0	NA	T2b	NA	NA	NA	NA	8.13333333333	NA	NA	NA	NA	NA	NA	Antrum	NA	NA	NA	NA	NA	NA	NA	NA	NA	NA	NA	NA	NA	NA	NA	NA	NA	NA	NA	NA	NA	NA	NA	NA	NA	NA	NA	NA	NA	NA	NA	NA	NA	NA	NA	NA	NA	NA	NA	NA	NA	NA	NA	NA	NA	NA	NA	NA	NA	NA	NA	NA	NA	NA	NA	NA	NA	NA	NA	NA	NA	NA	NA	NA	NA	NA	NA	NA	NA	NA	NA	NA	NA
stad_oncosg_2018	GIS003-HK-pfg164	GIS003-HK-pfg164	48	NA	NA	NA	NA	NA	NA	NA	NA	Esophagogastric Cancer	Stomach Adenocarcinoma	NA	NA	NA	NA	NA	HK	NA	NA	NA	NA	NA	NA	NA	NA	NA	NA	NA	NA	NA	NA	NA	NA	NA	NA	NA	NA	NA	NA	NA	NA	NA	NA	Diffuse	NA	NA	NA	NA	NA	NA	NA	NA	22	NA	NA	NA	NA	NA	NA	NA	STAD	NA	NA	NA	NA	NA	NA	NA	NA	NA	NA	NA	NA	NA	NA	NA	NA	NA	NA	Tumor	1	NA	NA	NA	Female	NA	NA	Matched	NA	NA	NA	IIIB	0	2	NA	T3	NA	NA	NA	NA	0.733333333333	NA	NA	NA	NA	NA	NA	Antrum	NA	NA	NA	NA	NA	NA	NA	NA	NA	NA	NA	NA	NA	NA	NA	NA	NA	NA	NA	NA	NA	NA	NA	NA	NA	NA	NA	NA	NA	NA	NA	NA	NA	NA	NA	NA	NA	NA	NA	NA	NA	NA	NA	NA	NA	NA	NA	NA	NA	NA	NA	NA	NA	NA	NA	NA	NA	NA	NA	NA	NA	NA	NA	NA	NA	NA	NA	NA	NA	NA	NA	NA	NA
stad_oncosg_2018	GIS003-HK-pfg166	GIS003-HK-pfg166	72	NA	NA	NA	NA	NA	NA	NA	NA	Esophagogastric Cancer	Stomach Adenocarcinoma	NA	NA	NA	NA	NA	HK	NA	NA	NA	NA	NA	NA	NA	NA	NA	NA	NA	NA	NA	NA	NA	NA	NA	NA	NA	NA	NA	NA	NA	NA	NA	NA	Intestinal	NA	NA	NA	NA	NA	NA	NA	NA	48	NA	NA	NA	NA	NA	NA	NA	STAD	NA	NA	NA	NA	NA	NA	NA	NA	NA	NA	NA	NA	NA	NA	NA	NA	NA	NA	Tumor	1	NA	NA	NA	Female	NA	NA	Matched	NA	NA	NA	IV	0	3	NA	T2b	NA	NA	NA	NA	1.63333333333	NA	NA	NA	NA	NA	NA	Cardia	NA	NA	NA	NA	NA	NA	NA	NA	NA	NA	NA	NA	NA	NA	NA	NA	NA	NA	NA	NA	NA	NA	NA	NA	NA	NA	NA	NA	NA	NA	NA	NA	NA	NA	NA	NA	NA	NA	NA	NA	NA	NA	NA	NA	NA	NA	NA	NA	NA	NA	NA	NA	NA	NA	NA	NA	NA	NA	NA	NA	NA	NA	NA	NA	NA	NA	NA	NA	NA	NA	NA	NA	NA
stad_oncosg_2018	GIS003-HK-pfg167	GIS003-HK-pfg167	73	NA	NA	NA	NA	NA	NA	NA	NA	Esophagogastric Cancer	Stomach Adenocarcinoma	NA	NA	NA	NA	NA	HK	NA	NA	NA	NA	NA	NA	NA	NA	NA	NA	NA	NA	NA	NA	NA	NA	NA	NA	NA	NA	NA	NA	NA	NA	NA	NA	Intestinal	NA	NA	NA	NA	NA	NA	NA	NA	67	NA	NA	NA	NA	NA	NA	NA	STAD	NA	NA	NA	NA	NA	NA	NA	NA	NA	NA	NA	NA	NA	NA	NA	NA	NA	NA	Tumor	1	NA	NA	NA	Male	NA	NA	Matched	NA	NA	NA	IV	1	3	NA	T4	NA	NA	NA	NA	2.3	NA	NA	NA	NA	NA	NA	Cardia	NA	NA	NA	NA	NA	NA	NA	NA	NA	NA	NA	NA	NA	NA	NA	NA	NA	NA	NA	NA	NA	NA	NA	NA	NA	NA	NA	NA	NA	NA	NA	NA	NA	NA	NA	NA	NA	NA	NA	NA	NA	NA	NA	NA	NA	NA	NA	NA	NA	NA	NA	NA	NA	NA	NA	NA	NA	NA	NA	NA	NA	NA	NA	NA	NA	NA	NA	NA	NA	NA	NA	NA	NA
stad_oncosg_2018	GIS003-HK-pfg173	GIS003-HK-pfg173	61	NA	NA	NA	NA	NA	NA	NA	NA	Esophagogastric Cancer	Stomach Adenocarcinoma	NA	NA	NA	NA	NA	HK	NA	NA	NA	NA	NA	NA	NA	NA	NA	NA	NA	NA	NA	NA	NA	NA	NA	NA	NA	NA	NA	NA	NA	NA	NA	NA	Intestinal	NA	NA	NA	NA	NA	NA	NA	NA	103	NA	NA	NA	NA	NA	NA	NA	STAD	NA	NA	NA	NA	NA	NA	NA	NA	NA	NA	NA	NA	NA	NA	NA	NA	NA	NA	Tumor	1	NA	NA	NA	Male	NA	NA	Matched	NA	NA	NA	IV	0	1	NA	T4	NA	NA	NA	NA	3.53333333333	NA	NA	NA	NA	NA	NA	Cardia	NA	NA	NA	NA	NA	NA	NA	NA	NA	NA	NA	NA	NA	NA	NA	NA	NA	NA	NA	NA	NA	NA	NA	NA	NA	NA	NA	NA	NA	NA	NA	NA	NA	NA	NA	NA	NA	NA	NA	NA	NA	NA	NA	NA	NA	NA	NA	NA	NA	NA	NA	NA	NA	NA	NA	NA	NA	NA	NA	NA	NA	NA	NA	NA	NA	NA	NA	NA	NA	NA	NA	NA	NA
stad_oncosg_2018	GIS003-HK-pfg180	GIS003-HK-pfg180	75	NA	NA	NA	NA	NA	NA	NA	NA	Esophagogastric Cancer	Stomach Adenocarcinoma	NA	NA	NA	NA	NA	HK	NA	NA	NA	NA	NA	NA	NA	NA	NA	NA	NA	NA	NA	NA	NA	NA	NA	NA	NA	NA	NA	NA	NA	NA	NA	NA	Diffuse	NA	NA	NA	NA	NA	NA	NA	NA	168	NA	NA	NA	NA	NA	NA	NA	STAD	NA	NA	NA	NA	NA	NA	NA	NA	NA	NA	NA	NA	NA	NA	NA	NA	NA	NA	Tumor	1	NA	NA	NA	Male	NA	NA	Matched	NA	NA	NA	IV	1	3	NA	T4	NA	NA	NA	NA	5.63333333333	NA	NA	NA	NA	NA	NA	Antrum	NA	NA	NA	NA	NA	NA	NA	NA	NA	NA	NA	NA	NA	NA	NA	NA	NA	NA	NA	NA	NA	NA	NA	NA	NA	NA	NA	NA	NA	NA	NA	NA	NA	NA	NA	NA	NA	NA	NA	NA	NA	NA	NA	NA	NA	NA	NA	NA	NA	NA	NA	NA	NA	NA	NA	NA	NA	NA	NA	NA	NA	NA	NA	NA	NA	NA	NA	NA	NA	NA	NA	NA	NA
stad_oncosg_2018	GIS003-HK-pfg181	GIS003-HK-pfg181	77	NA	NA	NA	NA	NA	NA	NA	NA	Esophagogastric Cancer	Stomach Adenocarcinoma	NA	NA	NA	NA	NA	HK	NA	NA	NA	NA	NA	NA	NA	NA	NA	NA	NA	NA	NA	NA	NA	NA	NA	NA	NA	NA	NA	NA	NA	NA	NA	NA	Intestinal	NA	NA	NA	NA	NA	NA	MSI	NA	1788	NA	NA	NA	NA	NA	NA	NA	STAD	NA	NA	NA	NA	NA	NA	NA	NA	NA	NA	NA	NA	NA	NA	NA	NA	NA	NA	Tumor	1	NA	NA	NA	Female	NA	NA	Matched	NA	NA	NA	IV	1	3	NA	T4	NA	NA	NA	NA	62.4	NA	NA	NA	NA	NA	NA	Antrum	NA	NA	NA	NA	NA	NA	NA	NA	NA	NA	NA	NA	NA	NA	NA	NA	NA	NA	NA	NA	NA	NA	NA	NA	NA	NA	NA	NA	NA	NA	NA	NA	NA	NA	NA	NA	NA	NA	NA	NA	NA	NA	NA	NA	NA	NA	NA	NA	NA	NA	NA	NA	NA	NA	NA	NA	NA	NA	NA	NA	NA	NA	NA	NA	NA	NA	NA	NA	NA	NA	NA	NA	NA
stad_oncosg_2018	GIS003-HK-pfg182	GIS003-HK-pfg182	39	NA	NA	NA	NA	NA	NA	NA	NA	Esophagogastric Cancer	Stomach Adenocarcinoma	NA	NA	NA	NA	NA	HK	NA	NA	NA	NA	NA	NA	NA	NA	NA	NA	NA	NA	NA	NA	NA	NA	NA	NA	NA	NA	NA	NA	NA	NA	NA	NA	Diffuse	NA	NA	NA	NA	NA	NA	NA	NA	52	NA	NA	NA	NA	NA	NA	NA	STAD	NA	NA	NA	NA	NA	NA	NA	NA	NA	NA	NA	NA	NA	NA	NA	NA	NA	NA	Tumor	1	NA	NA	NA	Female	NA	NA	Matched	NA	NA	NA	IV	1	3	NA	T4	NA	NA	NA	NA	1.86666666667	NA	NA	NA	NA	NA	NA	Antrum	NA	NA	NA	NA	NA	NA	NA	NA	NA	NA	NA	NA	NA	NA	NA	NA	NA	NA	NA	NA	NA	NA	NA	NA	NA	NA	NA	NA	NA	NA	NA	NA	NA	NA	NA	NA	NA	NA	NA	NA	NA	NA	NA	NA	NA	NA	NA	NA	NA	NA	NA	NA	NA	NA	NA	NA	NA	NA	NA	NA	NA	NA	NA	NA	NA	NA	NA	NA	NA	NA	NA	NA	NA
stad_oncosg_2018	GIS003-HK-pfg205	GIS003-HK-pfg205	89	NA	NA	NA	NA	NA	NA	NA	NA	Esophagogastric Cancer	Stomach Adenocarcinoma	NA	NA	NA	NA	NA	HK	NA	NA	NA	NA	NA	NA	NA	NA	NA	NA	NA	NA	NA	NA	NA	NA	NA	NA	NA	NA	NA	NA	NA	NA	NA	NA	Diffuse	NA	NA	NA	NA	NA	NA	NA	NA	81	NA	NA	NA	NA	NA	NA	NA	STAD	NA	NA	NA	NA	NA	NA	NA	NA	NA	NA	NA	NA	NA	NA	NA	NA	NA	NA	Tumor	1	NA	NA	NA	Female	NA	NA	Matched	NA	NA	NA	IV	0	1	NA	T4	NA	NA	NA	NA	2.76666666667	NA	NA	NA	NA	NA	NA	Antrum	NA	NA	NA	NA	NA	NA	NA	NA	NA	NA	NA	NA	NA	NA	NA	NA	NA	NA	NA	NA	NA	NA	NA	NA	NA	NA	NA	NA	NA	NA	NA	NA	NA	NA	NA	NA	NA	NA	NA	NA	NA	NA	NA	NA	NA	NA	NA	NA	NA	NA	NA	NA	NA	NA	NA	NA	NA	NA	NA	NA	NA	NA	NA	NA	NA	NA	NA	NA	NA	NA	NA	NA	NA
stad_oncosg_2018	GIS003-HK-pfg212	GIS003-HK-pfg212	81	NA	NA	NA	NA	NA	NA	NA	NA	Esophagogastric Cancer	Stomach Adenocarcinoma	NA	NA	NA	NA	NA	HK	NA	NA	NA	NA	NA	NA	NA	NA	NA	NA	NA	NA	NA	NA	NA	NA	NA	NA	NA	NA	NA	NA	NA	NA	NA	NA	Intestinal	NA	NA	NA	NA	NA	NA	MSI	NA	830	NA	NA	NA	NA	NA	NA	NA	STAD	NA	NA	NA	NA	NA	NA	NA	NA	NA	NA	NA	NA	NA	NA	NA	NA	NA	NA	Tumor	1	NA	NA	NA	Male	NA	NA	Matched	NA	NA	NA	IA	0	0	NA	T1	NA	NA	NA	NA	28.5666666667	NA	NA	NA	NA	NA	NA	Antrum	NA	NA	NA	NA	NA	NA	NA	NA	NA	NA	NA	NA	NA	NA	NA	NA	NA	NA	NA	NA	NA	NA	NA	NA	NA	NA	NA	NA	NA	NA	NA	NA	NA	NA	NA	NA	NA	NA	NA	NA	NA	NA	NA	NA	NA	NA	NA	NA	NA	NA	NA	NA	NA	NA	NA	NA	NA	NA	NA	NA	NA	NA	NA	NA	NA	NA	NA	NA	NA	NA	NA	NA	NA
stad_oncosg_2018	GIS003-HK-pfg213	GIS003-HK-pfg213	79	NA	NA	NA	NA	NA	NA	NA	NA	Esophagogastric Cancer	Stomach Adenocarcinoma	NA	NA	NA	NA	NA	HK	NA	NA	NA	NA	NA	NA	NA	NA	NA	NA	NA	NA	NA	NA	NA	NA	NA	NA	NA	NA	NA	NA	NA	NA	NA	NA	Diffuse	NA	NA	NA	NA	NA	NA	NA	NA	20	NA	NA	NA	NA	NA	NA	NA	STAD	NA	NA	NA	NA	NA	NA	NA	NA	NA	NA	NA	NA	NA	NA	NA	NA	NA	NA	Tumor	1	NA	NA	NA	Female	NA	NA	Matched	NA	NA	NA	II	0	1	NA	T2a	NA	NA	NA	NA	0.733333333333	NA	NA	NA	NA	NA	NA	Antrum	NA	NA	NA	NA	NA	NA	NA	NA	NA	NA	NA	NA	NA	NA	NA	NA	NA	NA	NA	NA	NA	NA	NA	NA	NA	NA	NA	NA	NA	NA	NA	NA	NA	NA	NA	NA	NA	NA	NA	NA	NA	NA	NA	NA	NA	NA	NA	NA	NA	NA	NA	NA	NA	NA	NA	NA	NA	NA	NA	NA	NA	NA	NA	NA	NA	NA	NA	NA	NA	NA	NA	NA	NA
stad_oncosg_2018	GIS003-HK-pfg217	GIS003-HK-pfg217	85	NA	NA	NA	NA	NA	NA	NA	NA	Esophagogastric Cancer	Stomach Adenocarcinoma	NA	NA	NA	NA	NA	HK	NA	NA	NA	NA	NA	NA	NA	NA	NA	NA	NA	NA	NA	NA	NA	NA	NA	NA	NA	NA	NA	NA	NA	NA	NA	NA	Intestinal	NA	NA	NA	NA	NA	NA	NA	NA	97	NA	NA	NA	NA	NA	NA	NA	STAD	NA	NA	NA	NA	NA	NA	NA	NA	NA	NA	NA	NA	NA	NA	NA	NA	NA	NA	Tumor	1	NA	NA	NA	Male	NA	NA	Matched	NA	NA	NA	IV	1	2	NA	T3	NA	NA	NA	NA	3.33333333333	NA	NA	NA	NA	NA	NA	Cardia	NA	NA	NA	NA	NA	NA	NA	NA	NA	NA	NA	NA	NA	NA	NA	NA	NA	NA	NA	NA	NA	NA	NA	NA	NA	NA	NA	NA	NA	NA	NA	NA	NA	NA	NA	NA	NA	NA	NA	NA	NA	NA	NA	NA	NA	NA	NA	NA	NA	NA	NA	NA	NA	NA	NA	NA	NA	NA	NA	NA	NA	NA	NA	NA	NA	NA	NA	NA	NA	NA	NA	NA	NA
stad_oncosg_2018	GIS003-HK-pfg220	GIS003-HK-pfg220	41	NA	NA	NA	NA	NA	NA	NA	NA	Esophagogastric Cancer	Stomach Adenocarcinoma	NA	NA	NA	NA	NA	HK	NA	NA	NA	NA	NA	NA	NA	NA	NA	NA	NA	NA	NA	NA	NA	NA	NA	NA	NA	NA	NA	NA	NA	NA	NA	NA	Diffuse	NA	NA	NA	NA	NA	NA	NA	NA	14	NA	NA	NA	NA	NA	NA	NA	STAD	NA	NA	NA	NA	NA	NA	NA	NA	NA	NA	NA	NA	NA	NA	NA	NA	NA	NA	Tumor	1	NA	NA	NA	Female	NA	NA	Matched	NA	NA	NA	II	0	0	NA	T3	NA	NA	NA	NA	0.466666666667	NA	NA	NA	NA	NA	NA	Antrum	NA	NA	NA	NA	NA	NA	NA	NA	NA	NA	NA	NA	NA	NA	NA	NA	NA	NA	NA	NA	NA	NA	NA	NA	NA	NA	NA	NA	NA	NA	NA	NA	NA	NA	NA	NA	NA	NA	NA	NA	NA	NA	NA	NA	NA	NA	NA	NA	NA	NA	NA	NA	NA	NA	NA	NA	NA	NA	NA	NA	NA	NA	NA	NA	NA	NA	NA	NA	NA	NA	NA	NA	NA
stad_oncosg_2018	GIS003-HK-pfg222	GIS003-HK-pfg222	85	NA	NA	NA	NA	NA	NA	NA	NA	Esophagogastric Cancer	Stomach Adenocarcinoma	NA	NA	NA	NA	NA	HK	NA	NA	NA	NA	NA	NA	NA	NA	NA	NA	NA	NA	NA	NA	NA	NA	NA	NA	NA	NA	NA	NA	NA	NA	NA	NA	Diffuse	NA	NA	NA	NA	NA	NA	NA	NA	125	NA	NA	NA	NA	NA	NA	NA	STAD	NA	NA	NA	NA	NA	NA	NA	NA	NA	NA	NA	NA	NA	NA	NA	NA	NA	NA	Tumor	1	NA	NA	NA	Female	NA	NA	Matched	NA	NA	NA	IV	0	3	NA	T3	NA	NA	NA	NA	4.2	NA	NA	NA	NA	NA	NA	Antrum	NA	NA	NA	NA	NA	NA	NA	NA	NA	NA	NA	NA	NA	NA	NA	NA	NA	NA	NA	NA	NA	NA	NA	NA	NA	NA	NA	NA	NA	NA	NA	NA	NA	NA	NA	NA	NA	NA	NA	NA	NA	NA	NA	NA	NA	NA	NA	NA	NA	NA	NA	NA	NA	NA	NA	NA	NA	NA	NA	NA	NA	NA	NA	NA	NA	NA	NA	NA	NA	NA	NA	NA	NA
stad_oncosg_2018	GIS003-HK-pfg228	GIS003-HK-pfg228	58	NA	NA	NA	NA	NA	NA	NA	NA	Esophagogastric Cancer	Stomach Adenocarcinoma	NA	NA	NA	NA	NA	HK	NA	NA	NA	NA	NA	NA	NA	NA	NA	NA	NA	NA	NA	NA	NA	NA	NA	NA	NA	NA	NA	NA	NA	NA	NA	NA	Diffuse	NA	NA	NA	NA	NA	NA	NA	NA	38	NA	NA	NA	NA	NA	NA	NA	STAD	NA	NA	NA	NA	NA	NA	NA	NA	NA	NA	NA	NA	NA	NA	NA	NA	NA	NA	Tumor	1	NA	NA	NA	Female	NA	NA	Matched	NA	NA	NA	IV	0	2	NA	T4	NA	NA	NA	NA	1.3	NA	NA	NA	NA	NA	NA	Body	NA	NA	NA	NA	NA	NA	NA	NA	NA	NA	NA	NA	NA	NA	NA	NA	NA	NA	NA	NA	NA	NA	NA	NA	NA	NA	NA	NA	NA	NA	NA	NA	NA	NA	NA	NA	NA	NA	NA	NA	NA	NA	NA	NA	NA	NA	NA	NA	NA	NA	NA	NA	NA	NA	NA	NA	NA	NA	NA	NA	NA	NA	NA	NA	NA	NA	NA	NA	NA	NA	NA	NA	NA
stad_oncosg_2018	GIS003-HK-pfg258	GIS003-HK-pfg258	78	NA	NA	NA	NA	NA	NA	NA	NA	Esophagogastric Cancer	Stomach Adenocarcinoma	NA	NA	NA	NA	NA	HK	NA	NA	NA	NA	NA	NA	NA	NA	NA	NA	NA	NA	NA	NA	NA	NA	NA	NA	NA	NA	NA	NA	NA	NA	NA	NA	Diffuse	NA	NA	NA	NA	NA	NA	NA	NA	74	NA	NA	NA	NA	NA	NA	NA	STAD	NA	NA	NA	NA	NA	NA	NA	NA	NA	NA	NA	NA	NA	NA	NA	NA	NA	NA	Tumor	1	NA	NA	NA	Male	NA	NA	Matched	NA	NA	NA	IA	0	0	NA	T1	NA	NA	NA	NA	2.43333333333	NA	NA	NA	NA	NA	NA	Cardia	NA	NA	NA	NA	NA	NA	NA	NA	NA	NA	NA	NA	NA	NA	NA	NA	NA	NA	NA	NA	NA	NA	NA	NA	NA	NA	NA	NA	NA	NA	NA	NA	NA	NA	NA	NA	NA	NA	NA	NA	NA	NA	NA	NA	NA	NA	NA	NA	NA	NA	NA	NA	NA	NA	NA	NA	NA	NA	NA	NA	NA	NA	NA	NA	NA	NA	NA	NA	NA	NA	NA	NA	NA
stad_oncosg_2018	GIS003-HK-pfg272	GIS003-HK-pfg272	47	NA	NA	NA	NA	NA	NA	NA	NA	Esophagogastric Cancer	Stomach Adenocarcinoma	NA	NA	NA	NA	NA	HK	NA	NA	NA	NA	NA	NA	NA	NA	NA	NA	NA	NA	NA	NA	NA	NA	NA	NA	NA	NA	NA	NA	NA	NA	NA	NA	Diffuse	NA	NA	NA	NA	NA	NA	NA	NA	125	NA	NA	NA	NA	NA	NA	NA	STAD	NA	NA	NA	NA	NA	NA	NA	NA	NA	NA	NA	NA	NA	NA	NA	NA	NA	NA	Tumor	1	NA	NA	NA	Male	NA	NA	Matched	NA	NA	NA	IIIA	0	2	NA	T2b	NA	NA	NA	NA	4.36666666667	NA	NA	NA	NA	NA	NA	Antrum	NA	NA	NA	NA	NA	NA	NA	NA	NA	NA	NA	NA	NA	NA	NA	NA	NA	NA	NA	NA	NA	NA	NA	NA	NA	NA	NA	NA	NA	NA	NA	NA	NA	NA	NA	NA	NA	NA	NA	NA	NA	NA	NA	NA	NA	NA	NA	NA	NA	NA	NA	NA	NA	NA	NA	NA	NA	NA	NA	NA	NA	NA	NA	NA	NA	NA	NA	NA	NA	NA	NA	NA	NA
stad_oncosg_2018	GIS003-HK-pfg277	GIS003-HK-pfg277	77	NA	NA	NA	NA	NA	NA	NA	NA	Esophagogastric Cancer	Stomach Adenocarcinoma	NA	NA	NA	NA	NA	HK	NA	NA	NA	NA	NA	NA	NA	NA	NA	NA	NA	NA	NA	NA	NA	NA	NA	NA	NA	NA	NA	NA	NA	NA	NA	NA	Mixed	NA	NA	NA	NA	NA	NA	NA	NA	83	NA	NA	NA	NA	NA	NA	NA	STAD	NA	NA	NA	NA	NA	NA	NA	NA	NA	NA	NA	NA	NA	NA	NA	NA	NA	NA	Tumor	1	NA	NA	NA	Male	NA	NA	Matched	NA	NA	NA	IV	0	2	NA	T4	NA	NA	NA	NA	2.83333333333	NA	NA	NA	NA	NA	NA	Cardia	NA	NA	NA	NA	NA	NA	NA	NA	NA	NA	NA	NA	NA	NA	NA	NA	NA	NA	NA	NA	NA	NA	NA	NA	NA	NA	NA	NA	NA	NA	NA	NA	NA	NA	NA	NA	NA	NA	NA	NA	NA	NA	NA	NA	NA	NA	NA	NA	NA	NA	NA	NA	NA	NA	NA	NA	NA	NA	NA	NA	NA	NA	NA	NA	NA	NA	NA	NA	NA	NA	NA	NA	NA
stad_oncosg_2018	GIS003-HK-pfg282	GIS003-HK-pfg282	71	NA	NA	NA	NA	NA	NA	NA	NA	Esophagogastric Cancer	Stomach Adenocarcinoma	NA	NA	NA	NA	NA	HK	NA	NA	NA	NA	NA	NA	NA	NA	NA	NA	NA	NA	NA	NA	NA	NA	NA	NA	NA	NA	NA	NA	NA	NA	NA	NA	Intestinal	NA	NA	NA	NA	NA	NA	NA	NA	60	NA	NA	NA	NA	NA	NA	NA	STAD	NA	NA	NA	NA	NA	NA	NA	NA	NA	NA	NA	NA	NA	NA	NA	NA	NA	NA	Tumor	1	NA	NA	NA	Male	NA	NA	Matched	NA	NA	NA	0	0	0	NA	Tis	NA	NA	NA	NA	2.06666666667	NA	NA	NA	NA	NA	NA	Antrum	NA	NA	NA	NA	NA	NA	NA	NA	NA	NA	NA	NA	NA	NA	NA	NA	NA	NA	NA	NA	NA	NA	NA	NA	NA	NA	NA	NA	NA	NA	NA	NA	NA	NA	NA	NA	NA	NA	NA	NA	NA	NA	NA	NA	NA	NA	NA	NA	NA	NA	NA	NA	NA	NA	NA	NA	NA	NA	NA	NA	NA	NA	NA	NA	NA	NA	NA	NA	NA	NA	NA	NA	NA
stad_oncosg_2018	GIS003-HK-pfg311	GIS003-HK-pfg311	43	NA	NA	NA	NA	NA	NA	NA	NA	Esophagogastric Cancer	Stomach Adenocarcinoma	NA	NA	NA	NA	NA	HK	NA	NA	NA	NA	NA	NA	NA	NA	NA	NA	NA	NA	NA	NA	NA	NA	NA	NA	NA	NA	NA	NA	NA	NA	NA	NA	Mixed	NA	NA	NA	NA	NA	NA	NA	NA	109	NA	NA	NA	NA	NA	NA	NA	STAD	NA	NA	NA	NA	NA	NA	NA	NA	NA	NA	NA	NA	NA	NA	NA	NA	NA	NA	Tumor	1	NA	NA	NA	Male	NA	NA	Matched	NA	NA	NA	IIIB	0	2	NA	T3	NA	NA	NA	NA	3.63333333333	NA	NA	NA	NA	NA	NA	Antrum	NA	NA	NA	NA	NA	NA	NA	NA	NA	NA	NA	NA	NA	NA	NA	NA	NA	NA	NA	NA	NA	NA	NA	NA	NA	NA	NA	NA	NA	NA	NA	NA	NA	NA	NA	NA	NA	NA	NA	NA	NA	NA	NA	NA	NA	NA	NA	NA	NA	NA	NA	NA	NA	NA	NA	NA	NA	NA	NA	NA	NA	NA	NA	NA	NA	NA	NA	NA	NA	NA	NA	NA	NA
stad_oncosg_2018	GIS003-HK-pfg316	GIS003-HK-pfg316	56	NA	NA	NA	NA	NA	NA	NA	NA	Esophagogastric Cancer	Stomach Adenocarcinoma	NA	NA	NA	NA	NA	HK	NA	NA	NA	NA	NA	NA	NA	NA	NA	NA	NA	NA	NA	NA	NA	NA	NA	NA	NA	NA	NA	NA	NA	NA	NA	NA	Diffuse	NA	NA	NA	NA	NA	NA	NA	NA	71	NA	NA	NA	NA	NA	NA	NA	STAD	NA	NA	NA	NA	NA	NA	NA	NA	NA	NA	NA	NA	NA	NA	NA	NA	NA	NA	Tumor	1	NA	NA	NA	Male	NA	NA	Matched	NA	NA	NA	IIIA	0	1	NA	T3	NA	NA	NA	NA	2.46666666667	NA	NA	NA	NA	NA	NA	Antrum	NA	NA	NA	NA	NA	NA	NA	NA	NA	NA	NA	NA	NA	NA	NA	NA	NA	NA	NA	NA	NA	NA	NA	NA	NA	NA	NA	NA	NA	NA	NA	NA	NA	NA	NA	NA	NA	NA	NA	NA	NA	NA	NA	NA	NA	NA	NA	NA	NA	NA	NA	NA	NA	NA	NA	NA	NA	NA	NA	NA	NA	NA	NA	NA	NA	NA	NA	NA	NA	NA	NA	NA	NA
stad_oncosg_2018	GIS003-HK-pfg317	GIS003-HK-pfg317	43	NA	NA	NA	NA	NA	NA	NA	NA	Esophagogastric Cancer	Stomach Adenocarcinoma	NA	NA	NA	NA	NA	HK	NA	NA	NA	NA	NA	NA	NA	NA	NA	NA	NA	NA	NA	NA	NA	NA	NA	NA	NA	NA	NA	NA	NA	NA	NA	NA	Diffuse	NA	NA	NA	NA	NA	NA	NA	NA	86	NA	NA	NA	NA	NA	NA	NA	STAD	NA	NA	NA	NA	NA	NA	NA	NA	NA	NA	NA	NA	NA	NA	NA	NA	NA	NA	Tumor	1	NA	NA	NA	Female	NA	NA	Matched	NA	NA	NA	IIIB	0	2	NA	T3	NA	NA	NA	NA	2.83333333333	NA	NA	NA	NA	NA	NA	Body	NA	NA	NA	NA	NA	NA	NA	NA	NA	NA	NA	NA	NA	NA	NA	NA	NA	NA	NA	NA	NA	NA	NA	NA	NA	NA	NA	NA	NA	NA	NA	NA	NA	NA	NA	NA	NA	NA	NA	NA	NA	NA	NA	NA	NA	NA	NA	NA	NA	NA	NA	NA	NA	NA	NA	NA	NA	NA	NA	NA	NA	NA	NA	NA	NA	NA	NA	NA	NA	NA	NA	NA	NA
stad_oncosg_2018	GIS003-HK-pfg344	GIS003-HK-pfg344	78	NA	NA	NA	NA	NA	NA	NA	NA	Esophagogastric Cancer	Stomach Adenocarcinoma	NA	NA	NA	NA	NA	HK	NA	NA	NA	NA	NA	NA	NA	NA	NA	NA	NA	NA	NA	NA	NA	NA	NA	NA	NA	NA	NA	NA	NA	NA	NA	NA	Diffuse	NA	NA	NA	NA	NA	NA	NA	NA	92	NA	NA	NA	NA	NA	NA	NA	STAD	NA	NA	NA	NA	NA	NA	NA	NA	NA	NA	NA	NA	NA	NA	NA	NA	NA	NA	Tumor	1	NA	NA	NA	Male	NA	NA	Matched	NA	NA	NA	IV	0	3	NA	T4	NA	NA	NA	NA	3.16666666667	NA	NA	NA	NA	NA	NA	Antrum	NA	NA	NA	NA	NA	NA	NA	NA	NA	NA	NA	NA	NA	NA	NA	NA	NA	NA	NA	NA	NA	NA	NA	NA	NA	NA	NA	NA	NA	NA	NA	NA	NA	NA	NA	NA	NA	NA	NA	NA	NA	NA	NA	NA	NA	NA	NA	NA	NA	NA	NA	NA	NA	NA	NA	NA	NA	NA	NA	NA	NA	NA	NA	NA	NA	NA	NA	NA	NA	NA	NA	NA	NA
stad_oncosg_2018	GIS003-HK-pfg373	GIS003-HK-pfg373	56	NA	NA	NA	NA	NA	NA	NA	NA	Esophagogastric Cancer	Stomach Adenocarcinoma	NA	NA	NA	NA	NA	HK	NA	NA	NA	NA	NA	NA	NA	NA	NA	NA	NA	NA	NA	NA	NA	NA	NA	NA	NA	NA	NA	NA	NA	NA	NA	NA	Mixed	NA	NA	NA	NA	NA	NA	NA	NA	60	NA	NA	NA	NA	NA	NA	NA	STAD	NA	NA	NA	NA	NA	NA	NA	NA	NA	NA	NA	NA	NA	NA	NA	NA	NA	NA	Tumor	1	NA	NA	NA	Male	NA	NA	Matched	NA	NA	NA	IIIB	0	2	NA	T3	NA	NA	NA	NA	2.03333333333	NA	NA	NA	NA	NA	NA	Body	NA	NA	NA	NA	NA	NA	NA	NA	NA	NA	NA	NA	NA	NA	NA	NA	NA	NA	NA	NA	NA	NA	NA	NA	NA	NA	NA	NA	NA	NA	NA	NA	NA	NA	NA	NA	NA	NA	NA	NA	NA	NA	NA	NA	NA	NA	NA	NA	NA	NA	NA	NA	NA	NA	NA	NA	NA	NA	NA	NA	NA	NA	NA	NA	NA	NA	NA	NA	NA	NA	NA	NA	NA
stad_oncosg_2018	GIS003-HK-pfg375	GIS003-HK-pfg375	45	NA	NA	NA	NA	NA	NA	NA	NA	Esophagogastric Cancer	Stomach Adenocarcinoma	NA	NA	NA	NA	NA	HK	NA	NA	NA	NA	NA	NA	NA	NA	NA	NA	NA	NA	NA	NA	NA	NA	NA	NA	NA	NA	NA	NA	NA	NA	NA	NA	Diffuse	NA	NA	NA	NA	NA	NA	NA	NA	28	NA	NA	NA	NA	NA	NA	NA	STAD	NA	NA	NA	NA	NA	NA	NA	NA	NA	NA	NA	NA	NA	NA	NA	NA	NA	NA	Tumor	1	NA	NA	NA	Female	NA	NA	Matched	NA	NA	NA	IIIA	0	1	NA	T3	NA	NA	NA	NA	1.03333333333	NA	NA	NA	NA	NA	NA	Antrum	NA	NA	NA	NA	NA	NA	NA	NA	NA	NA	NA	NA	NA	NA	NA	NA	NA	NA	NA	NA	NA	NA	NA	NA	NA	NA	NA	NA	NA	NA	NA	NA	NA	NA	NA	NA	NA	NA	NA	NA	NA	NA	NA	NA	NA	NA	NA	NA	NA	NA	NA	NA	NA	NA	NA	NA	NA	NA	NA	NA	NA	NA	NA	NA	NA	NA	NA	NA	NA	NA	NA	NA	NA
stad_oncosg_2018	GIS003-HK-pfg378	GIS003-HK-pfg378	48	NA	NA	NA	NA	NA	NA	NA	NA	Esophagogastric Cancer	Stomach Adenocarcinoma	NA	NA	NA	NA	NA	HK	NA	NA	NA	NA	NA	NA	NA	NA	NA	NA	NA	NA	NA	NA	NA	NA	NA	NA	NA	NA	NA	NA	NA	NA	NA	NA	Mixed	NA	NA	NA	NA	NA	NA	NA	NA	48	NA	NA	NA	NA	NA	NA	NA	STAD	NA	NA	NA	NA	NA	NA	NA	NA	NA	NA	NA	NA	NA	NA	NA	NA	NA	NA	Tumor	1	NA	NA	NA	Male	NA	NA	Matched	NA	NA	NA	IA	0	0	NA	T1	NA	NA	NA	NA	1.63333333333	NA	NA	NA	NA	NA	NA	Antrum	NA	NA	NA	NA	NA	NA	NA	NA	NA	NA	NA	NA	NA	NA	NA	NA	NA	NA	NA	NA	NA	NA	NA	NA	NA	NA	NA	NA	NA	NA	NA	NA	NA	NA	NA	NA	NA	NA	NA	NA	NA	NA	NA	NA	NA	NA	NA	NA	NA	NA	NA	NA	NA	NA	NA	NA	NA	NA	NA	NA	NA	NA	NA	NA	NA	NA	NA	NA	NA	NA	NA	NA	NA
stad_oncosg_2018	GIS003-HK-pfg398	GIS003-HK-pfg398	44	NA	NA	NA	NA	NA	NA	NA	NA	Esophagogastric Cancer	Stomach Adenocarcinoma	NA	NA	NA	NA	NA	HK	NA	NA	NA	NA	NA	NA	NA	NA	NA	NA	NA	NA	NA	NA	NA	NA	NA	NA	NA	NA	NA	NA	NA	NA	NA	NA	Diffuse	NA	NA	NA	NA	NA	NA	NA	NA	6	NA	NA	NA	NA	NA	NA	NA	STAD	NA	NA	NA	NA	NA	NA	NA	NA	NA	NA	NA	NA	NA	NA	NA	NA	NA	NA	Tumor	1	NA	NA	NA	Female	NA	NA	Matched	NA	NA	NA	IA	0	0	NA	T1	NA	NA	NA	NA	0.233333333333	NA	NA	NA	NA	NA	NA	Body	NA	NA	NA	NA	NA	NA	NA	NA	NA	NA	NA	NA	NA	NA	NA	NA	NA	NA	NA	NA	NA	NA	NA	NA	NA	NA	NA	NA	NA	NA	NA	NA	NA	NA	NA	NA	NA	NA	NA	NA	NA	NA	NA	NA	NA	NA	NA	NA	NA	NA	NA	NA	NA	NA	NA	NA	NA	NA	NA	NA	NA	NA	NA	NA	NA	NA	NA	NA	NA	NA	NA	NA	NA
stad_oncosg_2018	GIS003-HK-pfg413	GIS003-HK-pfg413	65	NA	NA	NA	NA	NA	NA	NA	NA	Esophagogastric Cancer	Stomach Adenocarcinoma	NA	NA	NA	NA	NA	HK	NA	NA	NA	NA	NA	NA	NA	NA	NA	NA	NA	NA	NA	NA	NA	NA	NA	NA	NA	NA	NA	NA	NA	NA	NA	NA	Intestinal	NA	NA	NA	NA	NA	NA	NA	NA	127	NA	NA	NA	NA	NA	NA	NA	STAD	NA	NA	NA	NA	NA	NA	NA	NA	NA	NA	NA	NA	NA	NA	NA	NA	NA	NA	Tumor	1	NA	NA	NA	Male	NA	NA	Matched	NA	NA	NA	IB	0	1	NA	T1	NA	NA	NA	NA	4.3	NA	NA	NA	NA	NA	NA	Body	NA	NA	NA	NA	NA	NA	NA	NA	NA	NA	NA	NA	NA	NA	NA	NA	NA	NA	NA	NA	NA	NA	NA	NA	NA	NA	NA	NA	NA	NA	NA	NA	NA	NA	NA	NA	NA	NA	NA	NA	NA	NA	NA	NA	NA	NA	NA	NA	NA	NA	NA	NA	NA	NA	NA	NA	NA	NA	NA	NA	NA	NA	NA	NA	NA	NA	NA	NA	NA	NA	NA	NA	NA
stad_oncosg_2018	GIS003-HK-pfg416	GIS003-HK-pfg416	43	NA	NA	NA	NA	NA	NA	NA	NA	Esophagogastric Cancer	Stomach Adenocarcinoma	NA	NA	NA	NA	NA	HK	NA	NA	NA	NA	NA	NA	NA	NA	NA	NA	NA	NA	NA	NA	NA	NA	NA	NA	NA	NA	NA	NA	NA	NA	NA	NA	Diffuse	NA	NA	NA	NA	NA	NA	NA	NA	38	NA	NA	NA	NA	NA	NA	NA	STAD	NA	NA	NA	NA	NA	NA	NA	NA	NA	NA	NA	NA	NA	NA	NA	NA	NA	NA	Tumor	1	NA	NA	NA	Male	NA	NA	Matched	NA	NA	NA	IIIB	0	2	NA	T3	NA	NA	NA	NA	1.23333333333	NA	NA	NA	NA	NA	NA	Body	NA	NA	NA	NA	NA	NA	NA	NA	NA	NA	NA	NA	NA	NA	NA	NA	NA	NA	NA	NA	NA	NA	NA	NA	NA	NA	NA	NA	NA	NA	NA	NA	NA	NA	NA	NA	NA	NA	NA	NA	NA	NA	NA	NA	NA	NA	NA	NA	NA	NA	NA	NA	NA	NA	NA	NA	NA	NA	NA	NA	NA	NA	NA	NA	NA	NA	NA	NA	NA	NA	NA	NA	NA
stad_oncosg_2018	GIS003-HK-pfg424	GIS003-HK-pfg424	70	NA	NA	NA	NA	NA	NA	NA	NA	Esophagogastric Cancer	Stomach Adenocarcinoma	NA	NA	NA	NA	NA	HK	NA	NA	NA	NA	NA	NA	NA	NA	NA	NA	NA	NA	NA	NA	NA	NA	NA	NA	NA	NA	NA	NA	NA	NA	NA	NA	Intestinal	NA	NA	NA	NA	NA	NA	NA	NA	41	NA	NA	NA	NA	NA	NA	NA	STAD	NA	NA	NA	NA	NA	NA	NA	NA	NA	NA	NA	NA	NA	NA	NA	NA	NA	NA	Tumor	1	NA	NA	NA	Male	NA	NA	Matched	NA	NA	NA	IV	1	3	NA	T3	NA	NA	NA	NA	1.36666666667	NA	NA	NA	NA	NA	NA	Body	NA	NA	NA	NA	NA	NA	NA	NA	NA	NA	NA	NA	NA	NA	NA	NA	NA	NA	NA	NA	NA	NA	NA	NA	NA	NA	NA	NA	NA	NA	NA	NA	NA	NA	NA	NA	NA	NA	NA	NA	NA	NA	NA	NA	NA	NA	NA	NA	NA	NA	NA	NA	NA	NA	NA	NA	NA	NA	NA	NA	NA	NA	NA	NA	NA	NA	NA	NA	NA	NA	NA	NA	NA
stad_oncosg_2018	GIS003-apollo10	GIS003-apollo10	NA	NA	NA	NA	NA	NA	NA	NA	NA	Esophagogastric Cancer	Stomach Adenocarcinoma	NA	NA	NA	NA	NA	SG	NA	NA	NA	NA	NA	NA	NA	NA	NA	NA	NA	NA	NA	NA	NA	NA	NA	NA	NA	NA	NA	NA	NA	NA	NA	NA	Mixed	NA	NA	NA	NA	NA	NA	GS	NA	126	NA	NA	NA	NA	NA	NA	NA	STAD	NA	NA	NA	NA	NA	NA	NA	NA	NA	NA	NA	NA	NA	NA	NA	NA	NA	NA	Tumor	1	NA	NA	NA	NA	NA	NA	Matched	NA	NA	NA	NA	NA	NA	NA	NA	NA	NA	NA	NA	4.36666666667	NA	NA	NA	NA	NA	NA	Middle 1/3	NA	NA	NA	NA	NA	NA	NA	NA	NA	NA	NA	NA	NA	NA	NA	NA	NA	NA	NA	NA	NA	NA	NA	NA	NA	NA	NA	NA	NA	NA	NA	NA	NA	NA	NA	NA	NA	NA	NA	NA	NA	NA	NA	NA	NA	NA	NA	NA	NA	NA	NA	NA	NA	NA	NA	NA	NA	NA	NA	NA	NA	NA	NA	NA	NA	NA	NA	NA	NA	NA	NA	NA	NA
stad_oncosg_2018	GIS003-apollo11	GIS003-apollo11	NA	NA	NA	NA	NA	NA	NA	NA	NA	Esophagogastric Cancer	Stomach Adenocarcinoma	NA	NA	NA	NA	NA	SG	NA	NA	NA	NA	NA	NA	NA	NA	NA	NA	NA	NA	NA	NA	NA	NA	NA	NA	NA	NA	NA	NA	NA	NA	NA	NA	Intestinal	NA	NA	NA	NA	NA	NA	CIN	NA	82	NA	NA	NA	NA	NA	NA	NA	STAD	NA	NA	NA	NA	NA	NA	NA	NA	NA	NA	NA	NA	NA	NA	NA	NA	NA	NA	Tumor	1	NA	NA	NA	NA	NA	NA	Matched	NA	NA	NA	NA	NA	NA	NA	NA	NA	NA	NA	NA	2.76666666667	NA	NA	NA	NA	NA	NA	Middle 1/3	NA	NA	NA	NA	NA	NA	NA	NA	NA	NA	NA	NA	NA	NA	NA	NA	NA	NA	NA	NA	NA	NA	NA	NA	NA	NA	NA	NA	NA	NA	NA	NA	NA	NA	NA	NA	NA	NA	NA	NA	NA	NA	NA	NA	NA	NA	NA	NA	NA	NA	NA	NA	NA	NA	NA	NA	NA	NA	NA	NA	NA	NA	NA	NA	NA	NA	NA	NA	NA	NA	NA	NA	NA
stad_oncosg_2018	GIS003-apollo12	GIS003-apollo12	NA	NA	NA	NA	NA	NA	NA	NA	NA	Esophagogastric Cancer	Stomach Adenocarcinoma	NA	NA	NA	NA	NA	SG	NA	NA	NA	NA	NA	NA	NA	NA	NA	NA	NA	NA	NA	NA	NA	NA	NA	NA	NA	NA	NA	NA	NA	NA	NA	NA	Intestinal	NA	NA	NA	NA	NA	NA	CIN	NA	72	NA	NA	NA	NA	NA	NA	NA	STAD	NA	NA	NA	NA	NA	NA	NA	NA	NA	NA	NA	NA	NA	NA	NA	NA	NA	NA	Tumor	1	NA	NA	NA	NA	NA	NA	Matched	NA	NA	NA	NA	NA	NA	NA	NA	NA	NA	NA	NA	2.5	NA	NA	NA	NA	NA	NA	Distal 1/3	NA	NA	NA	NA	NA	NA	NA	NA	NA	NA	NA	NA	NA	NA	NA	NA	NA	NA	NA	NA	NA	NA	NA	NA	NA	NA	NA	NA	NA	NA	NA	NA	NA	NA	NA	NA	NA	NA	NA	NA	NA	NA	NA	NA	NA	NA	NA	NA	NA	NA	NA	NA	NA	NA	NA	NA	NA	NA	NA	NA	NA	NA	NA	NA	NA	NA	NA	NA	NA	NA	NA	NA	NA
stad_oncosg_2018	GIS003-apollo13	GIS003-apollo13	NA	NA	NA	NA	NA	NA	NA	NA	NA	Esophagogastric Cancer	Stomach Adenocarcinoma	NA	NA	NA	NA	NA	SG	NA	NA	NA	NA	NA	NA	NA	NA	NA	NA	NA	NA	NA	NA	NA	NA	NA	NA	NA	NA	NA	NA	NA	NA	NA	NA	Intestinal	NA	NA	NA	NA	NA	NA	GS	NA	61	NA	NA	NA	NA	NA	NA	NA	STAD	NA	NA	NA	NA	NA	NA	NA	NA	NA	NA	NA	NA	NA	NA	NA	NA	NA	NA	Tumor	1	NA	NA	NA	NA	NA	NA	Matched	NA	NA	NA	NA	NA	NA	NA	NA	NA	NA	NA	NA	2.1	NA	NA	NA	NA	NA	NA	Upper 1/3	NA	NA	NA	NA	NA	NA	NA	NA	NA	NA	NA	NA	NA	NA	NA	NA	NA	NA	NA	NA	NA	NA	NA	NA	NA	NA	NA	NA	NA	NA	NA	NA	NA	NA	NA	NA	NA	NA	NA	NA	NA	NA	NA	NA	NA	NA	NA	NA	NA	NA	NA	NA	NA	NA	NA	NA	NA	NA	NA	NA	NA	NA	NA	NA	NA	NA	NA	NA	NA	NA	NA	NA	NA
stad_oncosg_2018	GIS003-apollo14	GIS003-apollo14	NA	NA	NA	NA	NA	NA	NA	NA	NA	Esophagogastric Cancer	Stomach Adenocarcinoma	NA	NA	NA	NA	NA	SG	NA	NA	NA	NA	NA	NA	NA	NA	NA	NA	NA	NA	NA	NA	NA	NA	NA	NA	NA	NA	NA	NA	NA	NA	NA	NA	Intestinal	NA	NA	NA	NA	NA	NA	EBV	NA	152	NA	NA	NA	NA	NA	NA	NA	STAD	NA	NA	NA	NA	NA	NA	NA	NA	NA	NA	NA	NA	NA	NA	NA	NA	NA	NA	Tumor	1	NA	NA	NA	NA	NA	NA	Matched	NA	NA	NA	NA	NA	NA	NA	NA	NA	NA	NA	NA	5.06666666667	NA	NA	NA	NA	NA	NA	Middle 1/3	NA	NA	NA	NA	NA	NA	NA	NA	NA	NA	NA	NA	NA	NA	NA	NA	NA	NA	NA	NA	NA	NA	NA	NA	NA	NA	NA	NA	NA	NA	NA	NA	NA	NA	NA	NA	NA	NA	NA	NA	NA	NA	NA	NA	NA	NA	NA	NA	NA	NA	NA	NA	NA	NA	NA	NA	NA	NA	NA	NA	NA	NA	NA	NA	NA	NA	NA	NA	NA	NA	NA	NA	NA
stad_oncosg_2018	GIS003-apollo15	GIS003-apollo15	NA	NA	NA	NA	NA	NA	NA	NA	NA	Esophagogastric Cancer	Stomach Adenocarcinoma	NA	NA	NA	NA	NA	SG	NA	NA	NA	NA	NA	NA	NA	NA	NA	NA	NA	NA	NA	NA	NA	NA	NA	NA	NA	NA	NA	NA	NA	NA	NA	NA	Intestinal	NA	NA	NA	NA	NA	NA	CIN	NA	79	NA	NA	NA	NA	NA	NA	NA	STAD	NA	NA	NA	NA	NA	NA	NA	NA	NA	NA	NA	NA	NA	NA	NA	NA	NA	NA	Tumor	1	NA	NA	NA	NA	NA	NA	Matched	NA	NA	NA	NA	NA	NA	NA	NA	NA	NA	NA	NA	2.66666666667	NA	NA	NA	NA	NA	NA	Upper 1/3	NA	NA	NA	NA	NA	NA	NA	NA	NA	NA	NA	NA	NA	NA	NA	NA	NA	NA	NA	NA	NA	NA	NA	NA	NA	NA	NA	NA	NA	NA	NA	NA	NA	NA	NA	NA	NA	NA	NA	NA	NA	NA	NA	NA	NA	NA	NA	NA	NA	NA	NA	NA	NA	NA	NA	NA	NA	NA	NA	NA	NA	NA	NA	NA	NA	NA	NA	NA	NA	NA	NA	NA	NA
stad_oncosg_2018	GIS003-apollo16	GIS003-apollo16	NA	NA	NA	NA	NA	NA	NA	NA	NA	Esophagogastric Cancer	Stomach Adenocarcinoma	NA	NA	NA	NA	NA	SG	NA	NA	NA	NA	NA	NA	NA	NA	NA	NA	NA	NA	NA	NA	NA	NA	NA	NA	NA	NA	NA	NA	NA	NA	NA	NA	Intestinal	NA	NA	NA	NA	NA	NA	MSI	NA	1139	NA	NA	NA	NA	NA	NA	NA	STAD	NA	NA	NA	NA	NA	NA	NA	NA	NA	NA	NA	NA	NA	NA	NA	NA	NA	NA	Tumor	1	NA	NA	NA	NA	NA	NA	Matched	NA	NA	NA	NA	NA	NA	NA	NA	NA	NA	NA	NA	39.6666666667	NA	NA	NA	NA	NA	NA	Middle 1/3	NA	NA	NA	NA	NA	NA	NA	NA	NA	NA	NA	NA	NA	NA	NA	NA	NA	NA	NA	NA	NA	NA	NA	NA	NA	NA	NA	NA	NA	NA	NA	NA	NA	NA	NA	NA	NA	NA	NA	NA	NA	NA	NA	NA	NA	NA	NA	NA	NA	NA	NA	NA	NA	NA	NA	NA	NA	NA	NA	NA	NA	NA	NA	NA	NA	NA	NA	NA	NA	NA	NA	NA	NA
stad_oncosg_2018	GIS003-apollo17	GIS003-apollo17	NA	NA	NA	NA	NA	NA	NA	NA	NA	Esophagogastric Cancer	Stomach Adenocarcinoma	NA	NA	NA	NA	NA	SG	NA	NA	NA	NA	NA	NA	NA	NA	NA	NA	NA	NA	NA	NA	NA	NA	NA	NA	NA	NA	NA	NA	NA	NA	NA	NA	Intestinal	NA	NA	NA	NA	NA	NA	CIN	NA	115	NA	NA	NA	NA	NA	NA	NA	STAD	NA	NA	NA	NA	NA	NA	NA	NA	NA	NA	NA	NA	NA	NA	NA	NA	NA	NA	Tumor	1	NA	NA	NA	NA	NA	NA	Matched	NA	NA	NA	NA	NA	NA	NA	NA	NA	NA	NA	NA	3.86666666667	NA	NA	NA	NA	NA	NA	Lesser Curve	NA	NA	NA	NA	NA	NA	NA	NA	NA	NA	NA	NA	NA	NA	NA	NA	NA	NA	NA	NA	NA	NA	NA	NA	NA	NA	NA	NA	NA	NA	NA	NA	NA	NA	NA	NA	NA	NA	NA	NA	NA	NA	NA	NA	NA	NA	NA	NA	NA	NA	NA	NA	NA	NA	NA	NA	NA	NA	NA	NA	NA	NA	NA	NA	NA	NA	NA	NA	NA	NA	NA	NA	NA
stad_oncosg_2018	GIS003-apollo19	GIS003-apollo19	NA	NA	NA	NA	NA	NA	NA	NA	NA	Esophagogastric Cancer	Stomach Adenocarcinoma	NA	NA	NA	NA	NA	SG	NA	NA	NA	NA	NA	NA	NA	NA	NA	NA	NA	NA	NA	NA	NA	NA	NA	NA	NA	NA	NA	NA	NA	NA	NA	NA	Intestinal	NA	NA	NA	NA	NA	NA	CIN	NA	225	NA	NA	NA	NA	NA	NA	NA	STAD	NA	NA	NA	NA	NA	NA	NA	NA	NA	NA	NA	NA	NA	NA	NA	NA	NA	NA	Tumor	1	NA	NA	NA	NA	NA	NA	Matched	NA	NA	NA	NA	NA	NA	NA	NA	NA	NA	NA	NA	7.56666666667	NA	NA	NA	NA	NA	NA	Greater curve	NA	NA	NA	NA	NA	NA	NA	NA	NA	NA	NA	NA	NA	NA	NA	NA	NA	NA	NA	NA	NA	NA	NA	NA	NA	NA	NA	NA	NA	NA	NA	NA	NA	NA	NA	NA	NA	NA	NA	NA	NA	NA	NA	NA	NA	NA	NA	NA	NA	NA	NA	NA	NA	NA	NA	NA	NA	NA	NA	NA	NA	NA	NA	NA	NA	NA	NA	NA	NA	NA	NA	NA	NA
stad_oncosg_2018	GIS003-apollo1_new	GIS003-apollo1_new	NA	NA	NA	NA	NA	NA	NA	NA	NA	Esophagogastric Cancer	Stomach Adenocarcinoma	NA	NA	NA	NA	NA	SG	NA	NA	NA	NA	NA	NA	NA	NA	NA	NA	NA	NA	NA	NA	NA	NA	NA	NA	NA	NA	NA	NA	NA	NA	NA	NA	Intestinal	NA	NA	NA	NA	NA	NA	GS	NA	41	NA	NA	NA	NA	NA	NA	NA	STAD	NA	NA	NA	NA	NA	NA	NA	NA	NA	NA	NA	NA	NA	NA	NA	NA	NA	NA	Tumor	1	NA	NA	NA	NA	NA	NA	Matched	NA	NA	NA	NA	NA	NA	NA	NA	NA	NA	NA	NA	1.36666666667	NA	NA	NA	NA	NA	NA	Cardia	NA	NA	NA	NA	NA	NA	NA	NA	NA	NA	NA	NA	NA	NA	NA	NA	NA	NA	NA	NA	NA	NA	NA	NA	NA	NA	NA	NA	NA	NA	NA	NA	NA	NA	NA	NA	NA	NA	NA	NA	NA	NA	NA	NA	NA	NA	NA	NA	NA	NA	NA	NA	NA	NA	NA	NA	NA	NA	NA	NA	NA	NA	NA	NA	NA	NA	NA	NA	NA	NA	NA	NA	NA
stad_oncosg_2018	GIS003-apollo2	GIS003-apollo2	NA	NA	NA	NA	NA	NA	NA	NA	NA	Esophagogastric Cancer	Stomach Adenocarcinoma	NA	NA	NA	NA	NA	SG	NA	NA	NA	NA	NA	NA	NA	NA	NA	NA	NA	NA	NA	NA	NA	NA	NA	NA	NA	NA	NA	NA	NA	NA	NA	NA	Intestinal	NA	NA	NA	NA	NA	NA	CIN	NA	70	NA	NA	NA	NA	NA	NA	NA	STAD	NA	NA	NA	NA	NA	NA	NA	NA	NA	NA	NA	NA	NA	NA	NA	NA	NA	NA	Tumor	1	NA	NA	NA	NA	NA	NA	Matched	NA	NA	NA	NA	NA	NA	NA	NA	NA	NA	NA	NA	2.46666666667	NA	NA	NA	NA	NA	NA	Greater curve	NA	NA	NA	NA	NA	NA	NA	NA	NA	NA	NA	NA	NA	NA	NA	NA	NA	NA	NA	NA	NA	NA	NA	NA	NA	NA	NA	NA	NA	NA	NA	NA	NA	NA	NA	NA	NA	NA	NA	NA	NA	NA	NA	NA	NA	NA	NA	NA	NA	NA	NA	NA	NA	NA	NA	NA	NA	NA	NA	NA	NA	NA	NA	NA	NA	NA	NA	NA	NA	NA	NA	NA	NA
stad_oncosg_2018	GIS003-apollo20	GIS003-apollo20	NA	NA	NA	NA	NA	NA	NA	NA	NA	Esophagogastric Cancer	Stomach Adenocarcinoma	NA	NA	NA	NA	NA	SG	NA	NA	NA	NA	NA	NA	NA	NA	NA	NA	NA	NA	NA	NA	NA	NA	NA	NA	NA	NA	NA	NA	NA	NA	NA	NA	Diffuse	NA	NA	NA	NA	NA	NA	CIN	NA	92	NA	NA	NA	NA	NA	NA	NA	STAD	NA	NA	NA	NA	NA	NA	NA	NA	NA	NA	NA	NA	NA	NA	NA	NA	NA	NA	Tumor	1	NA	NA	NA	NA	NA	NA	Matched	NA	NA	NA	NA	NA	NA	NA	NA	NA	NA	NA	NA	3.1	NA	NA	NA	NA	NA	NA	Cardia	NA	NA	NA	NA	NA	NA	0	0	0	0.63	12.04	0.39	0	0	0	0	4.61	0	0	0	0	0	0	7.6	0	0	0	0	0	0	0	0	0	0	0	0.42	0	0	0	0	0	0	0	0.1	0	13.57	0	0.42	0	0	16.77	0	2.58	0	14.3	0	0	0	16.58	0	0	1.53	0	0	3.31	0	0	29.05	0	0	41.21	8.17	0
stad_oncosg_2018	GIS003-apollo21	GIS003-apollo21	NA	NA	NA	NA	NA	NA	NA	NA	NA	Esophagogastric Cancer	Stomach Adenocarcinoma	NA	NA	NA	NA	NA	SG	NA	NA	NA	NA	NA	NA	NA	NA	NA	NA	NA	NA	NA	NA	NA	NA	NA	NA	NA	NA	NA	NA	NA	NA	NA	NA	Intestinal	NA	NA	NA	NA	NA	NA	CIN	NA	106	NA	NA	NA	NA	NA	NA	NA	STAD	NA	NA	NA	NA	NA	NA	NA	NA	NA	NA	NA	NA	NA	NA	NA	NA	NA	NA	Tumor	1	NA	NA	NA	NA	NA	NA	Matched	NA	NA	NA	NA	NA	NA	NA	NA	NA	NA	NA	NA	3.53333333333	NA	NA	NA	NA	NA	NA	Antrum	NA	NA	NA	NA	NA	NA	0	0	0	0	9.94	2.23	0	0	0	0	3.78	1.69	0.26	0	0.55	0	0	20.55	0	0	0	0	26.37	0	0	0	0	1.51	14.08	1.26	2.1	0	0.19	0.53	0.78	0	0	1.25	0	11.89	0	1.26	0	0	16.24	0	0.53	0	0.86	0	0	0.21	9.68	0.97	0	2.84	0	0	1.34	3.28	0	25.98	0	0	29.23	10.7	0
stad_oncosg_2018	GIS003-apollo22	GIS003-apollo22	NA	NA	NA	NA	NA	NA	NA	NA	NA	Esophagogastric Cancer	Stomach Adenocarcinoma	NA	NA	NA	NA	NA	SG	NA	NA	NA	NA	NA	NA	NA	NA	NA	NA	NA	NA	NA	NA	NA	NA	NA	NA	NA	NA	NA	NA	NA	NA	NA	NA	Diffuse	NA	NA	NA	NA	NA	NA	EBV	NA	162	NA	NA	NA	NA	NA	NA	NA	STAD	NA	NA	NA	NA	NA	NA	NA	NA	NA	NA	NA	NA	NA	NA	NA	NA	NA	NA	Tumor	1	NA	NA	NA	NA	NA	NA	Matched	NA	NA	NA	NA	NA	NA	NA	NA	NA	NA	NA	NA	5.56666666667	NA	NA	NA	NA	NA	NA	Cardia	NA	NA	NA	NA	NA	NA	37.86	0	0	17.4	15.69	9.35	0	0	0	5.71	6.9	9.16	21.6	1.3	6.1	0	5.14	10.26	0	4.72	0.72	0	50.31	0	0	0	0	0	29.09	34.23	7.09	0	11.1	8.52	6.43	0.3	0	0.93	0.88	5.98	0	34.59	5.43	0	13.75	0.35	0	0.1	0.01	0.83	2.41	7.79	2.9	16.49	0	9.47	0	0.24	0.02	3.91	0	1.92	0.36	1.27	28.41	21.64	1.78
stad_oncosg_2018	GIS003-apollo23	GIS003-apollo23	NA	NA	NA	NA	NA	NA	NA	NA	NA	Esophagogastric Cancer	Stomach Adenocarcinoma	NA	NA	NA	NA	NA	SG	NA	NA	NA	NA	NA	NA	NA	NA	NA	NA	NA	NA	NA	NA	NA	NA	NA	NA	NA	NA	NA	NA	NA	NA	NA	NA	Intestinal	NA	NA	NA	NA	NA	NA	CIN	NA	120	NA	NA	NA	NA	NA	NA	NA	STAD	NA	NA	NA	NA	NA	NA	NA	NA	NA	NA	NA	NA	NA	NA	NA	NA	NA	NA	Tumor	1	NA	NA	NA	NA	NA	NA	Matched	NA	NA	NA	NA	NA	NA	NA	NA	NA	NA	NA	NA	4.03333333333	NA	NA	NA	NA	NA	NA	Lesser Curve	NA	NA	NA	NA	NA	NA	NA	NA	NA	NA	NA	NA	NA	NA	NA	NA	NA	NA	NA	NA	NA	NA	NA	NA	NA	NA	NA	NA	NA	NA	NA	NA	NA	NA	NA	NA	NA	NA	NA	NA	NA	NA	NA	NA	NA	NA	NA	NA	NA	NA	NA	NA	NA	NA	NA	NA	NA	NA	NA	NA	NA	NA	NA	NA	NA	NA	NA	NA	NA	NA	NA	NA	NA
stad_oncosg_2018	GIS003-apollo24	GIS003-apollo24	NA	NA	NA	NA	NA	NA	NA	NA	NA	Esophagogastric Cancer	Stomach Adenocarcinoma	NA	NA	NA	NA	NA	SG	NA	NA	NA	NA	NA	NA	NA	NA	NA	NA	NA	NA	NA	NA	NA	NA	NA	NA	NA	NA	NA	NA	NA	NA	NA	NA	Intestinal	NA	NA	NA	NA	NA	NA	MSI	NA	1265	NA	NA	NA	NA	NA	NA	NA	STAD	NA	NA	NA	NA	NA	NA	NA	NA	NA	NA	NA	NA	NA	NA	NA	NA	NA	NA	Tumor	1	NA	NA	NA	NA	NA	NA	Matched	NA	NA	NA	NA	NA	NA	NA	NA	NA	NA	NA	NA	43.9	NA	NA	NA	NA	NA	NA	Distal 1/3	NA	NA	NA	NA	NA	NA	NA	NA	NA	NA	NA	NA	NA	NA	NA	NA	NA	NA	NA	NA	NA	NA	NA	NA	NA	NA	NA	NA	NA	NA	NA	NA	NA	NA	NA	NA	NA	NA	NA	NA	NA	NA	NA	NA	NA	NA	NA	NA	NA	NA	NA	NA	NA	NA	NA	NA	NA	NA	NA	NA	NA	NA	NA	NA	NA	NA	NA	NA	NA	NA	NA	NA	NA
stad_oncosg_2018	GIS003-apollo25	GIS003-apollo25	NA	NA	NA	NA	NA	NA	NA	NA	NA	Esophagogastric Cancer	Stomach Adenocarcinoma	NA	NA	NA	NA	NA	SG	NA	NA	NA	NA	NA	NA	NA	NA	NA	NA	NA	NA	NA	NA	NA	NA	NA	NA	NA	NA	NA	NA	NA	NA	NA	NA	Diffuse	NA	NA	NA	NA	NA	NA	GS	NA	25	NA	NA	NA	NA	NA	NA	NA	STAD	NA	NA	NA	NA	NA	NA	NA	NA	NA	NA	NA	NA	NA	NA	NA	NA	NA	NA	Tumor	1	NA	NA	NA	NA	NA	NA	Matched	NA	NA	NA	NA	NA	NA	NA	NA	NA	NA	NA	NA	0.833333333333	NA	NA	NA	NA	NA	NA	Lesser Curve	NA	NA	NA	NA	NA	NA	NA	NA	NA	NA	NA	NA	NA	NA	NA	NA	NA	NA	NA	NA	NA	NA	NA	NA	NA	NA	NA	NA	NA	NA	NA	NA	NA	NA	NA	NA	NA	NA	NA	NA	NA	NA	NA	NA	NA	NA	NA	NA	NA	NA	NA	NA	NA	NA	NA	NA	NA	NA	NA	NA	NA	NA	NA	NA	NA	NA	NA	NA	NA	NA	NA	NA	NA
stad_oncosg_2018	GIS003-apollo3	GIS003-apollo3	NA	NA	NA	NA	NA	NA	NA	NA	NA	Esophagogastric Cancer	Stomach Adenocarcinoma	NA	NA	NA	NA	NA	SG	NA	NA	NA	NA	NA	NA	NA	NA	NA	NA	NA	NA	NA	NA	NA	NA	NA	NA	NA	NA	NA	NA	NA	NA	NA	NA	Intestinal	NA	NA	NA	NA	NA	NA	CIN	NA	60	NA	NA	NA	NA	NA	NA	NA	STAD	NA	NA	NA	NA	NA	NA	NA	NA	NA	NA	NA	NA	NA	NA	NA	NA	NA	NA	Tumor	1	NA	NA	NA	NA	NA	NA	Matched	NA	NA	NA	NA	NA	NA	NA	NA	NA	NA	NA	NA	2.03333333333	NA	NA	NA	NA	NA	NA	Lesser Curve	NA	NA	NA	NA	NA	NA	NA	NA	NA	NA	NA	NA	NA	NA	NA	NA	NA	NA	NA	NA	NA	NA	NA	NA	NA	NA	NA	NA	NA	NA	NA	NA	NA	NA	NA	NA	NA	NA	NA	NA	NA	NA	NA	NA	NA	NA	NA	NA	NA	NA	NA	NA	NA	NA	NA	NA	NA	NA	NA	NA	NA	NA	NA	NA	NA	NA	NA	NA	NA	NA	NA	NA	NA
stad_oncosg_2018	GIS003-apollo6	GIS003-apollo6	NA	NA	NA	NA	NA	NA	NA	NA	NA	Esophagogastric Cancer	Stomach Adenocarcinoma	NA	NA	NA	NA	NA	SG	NA	NA	NA	NA	NA	NA	NA	NA	NA	NA	NA	NA	NA	NA	NA	NA	NA	NA	NA	NA	NA	NA	NA	NA	NA	NA	Intestinal	NA	NA	NA	NA	NA	NA	CIN	NA	32	NA	NA	NA	NA	NA	NA	NA	STAD	NA	NA	NA	NA	NA	NA	NA	NA	NA	NA	NA	NA	NA	NA	NA	NA	NA	NA	Tumor	1	NA	NA	NA	NA	NA	NA	Matched	NA	NA	NA	NA	NA	NA	NA	NA	NA	NA	NA	NA	1.06666666667	NA	NA	NA	NA	NA	NA	Antrum	NA	NA	NA	NA	NA	NA	NA	NA	NA	NA	NA	NA	NA	NA	NA	NA	NA	NA	NA	NA	NA	NA	NA	NA	NA	NA	NA	NA	NA	NA	NA	NA	NA	NA	NA	NA	NA	NA	NA	NA	NA	NA	NA	NA	NA	NA	NA	NA	NA	NA	NA	NA	NA	NA	NA	NA	NA	NA	NA	NA	NA	NA	NA	NA	NA	NA	NA	NA	NA	NA	NA	NA	NA
stad_oncosg_2018	GIS003-apollo7	GIS003-apollo7	NA	NA	NA	NA	NA	NA	NA	NA	NA	Esophagogastric Cancer	Stomach Adenocarcinoma	NA	NA	NA	NA	NA	SG	NA	NA	NA	NA	NA	NA	NA	NA	NA	NA	NA	NA	NA	NA	NA	NA	NA	NA	NA	NA	NA	NA	NA	NA	NA	NA	Diffuse	NA	NA	NA	NA	NA	NA	GS	NA	170	NA	NA	NA	NA	NA	NA	NA	STAD	NA	NA	NA	NA	NA	NA	NA	NA	NA	NA	NA	NA	NA	NA	NA	NA	NA	NA	Tumor	1	NA	NA	NA	NA	NA	NA	Matched	NA	NA	NA	NA	NA	NA	NA	NA	NA	NA	NA	NA	5.8	NA	NA	NA	NA	NA	NA	Lesser Curve	NA	NA	NA	NA	NA	NA	NA	NA	NA	NA	NA	NA	NA	NA	NA	NA	NA	NA	NA	NA	NA	NA	NA	NA	NA	NA	NA	NA	NA	NA	NA	NA	NA	NA	NA	NA	NA	NA	NA	NA	NA	NA	NA	NA	NA	NA	NA	NA	NA	NA	NA	NA	NA	NA	NA	NA	NA	NA	NA	NA	NA	NA	NA	NA	NA	NA	NA	NA	NA	NA	NA	NA	NA
stad_oncosg_2018	GIS003-apollo8	GIS003-apollo8	NA	NA	NA	NA	NA	NA	NA	NA	NA	Esophagogastric Cancer	Stomach Adenocarcinoma	NA	NA	NA	NA	NA	SG	NA	NA	NA	NA	NA	NA	NA	NA	NA	NA	NA	NA	NA	NA	NA	NA	NA	NA	NA	NA	NA	NA	NA	NA	NA	NA	Intestinal	NA	NA	NA	NA	NA	NA	GS	NA	13	NA	NA	NA	NA	NA	NA	NA	STAD	NA	NA	NA	NA	NA	NA	NA	NA	NA	NA	NA	NA	NA	NA	NA	NA	NA	NA	Tumor	1	NA	NA	NA	NA	NA	NA	Matched	NA	NA	NA	NA	NA	NA	NA	NA	NA	NA	NA	NA	0.533333333333	NA	NA	NA	NA	NA	NA	Lesser Curve	NA	NA	NA	NA	NA	NA	NA	NA	NA	NA	NA	NA	NA	NA	NA	NA	NA	NA	NA	NA	NA	NA	NA	NA	NA	NA	NA	NA	NA	NA	NA	NA	NA	NA	NA	NA	NA	NA	NA	NA	NA	NA	NA	NA	NA	NA	NA	NA	NA	NA	NA	NA	NA	NA	NA	NA	NA	NA	NA	NA	NA	NA	NA	NA	NA	NA	NA	NA	NA	NA	NA	NA	NA
stad_oncosg_2018	GIS003-apollo9	GIS003-apollo9	NA	NA	NA	NA	NA	NA	NA	NA	NA	Esophagogastric Cancer	Stomach Adenocarcinoma	NA	NA	NA	NA	NA	SG	NA	NA	NA	NA	NA	NA	NA	NA	NA	NA	NA	NA	NA	NA	NA	NA	NA	NA	NA	NA	NA	NA	NA	NA	NA	NA	Diffuse	NA	NA	NA	NA	NA	NA	MSI	NA	2536	NA	NA	NA	NA	NA	NA	NA	STAD	NA	NA	NA	NA	NA	NA	NA	NA	NA	NA	NA	NA	NA	NA	NA	NA	NA	NA	Tumor	1	NA	NA	NA	NA	NA	NA	Matched	NA	NA	NA	NA	NA	NA	NA	NA	NA	NA	NA	NA	88.4	NA	NA	NA	NA	NA	NA	Greater curve	NA	NA	NA	NA	NA	NA	NA	NA	NA	NA	NA	NA	NA	NA	NA	NA	NA	NA	NA	NA	NA	NA	NA	NA	NA	NA	NA	NA	NA	NA	NA	NA	NA	NA	NA	NA	NA	NA	NA	NA	NA	NA	NA	NA	NA	NA	NA	NA	NA	NA	NA	NA	NA	NA	NA	NA	NA	NA	NA	NA	NA	NA	NA	NA	NA	NA	NA	NA	NA	NA	NA	NA	NA
stad_oncosg_2018	GIS003-tan2000639	GIS003-tan2000639	NA	NA	NA	NA	NA	NA	NA	NA	NA	Esophagogastric Cancer	Stomach Adenocarcinoma	NA	NA	NA	NA	NA	SG	NA	NA	NA	NA	NA	NA	NA	NA	NA	NA	NA	NA	NA	NA	NA	NA	NA	NA	NA	NA	NA	NA	NA	NA	NA	NA	Intestinal	NA	NA	NA	NA	NA	NA	GS	NA	129	NA	NA	NA	NA	NA	NA	NA	STAD	NA	NA	NA	NA	NA	NA	NA	NA	NA	NA	NA	NA	NA	NA	NA	NA	NA	NA	Tumor	1	NA	NA	NA	NA	NA	NA	Matched	NA	NA	NA	NA	1	2	NA	T3	NA	NA	NA	NA	4.4	NA	NA	NA	NA	NA	NA	Lesser Curve	NA	NA	NA	NA	NA	NA	12.67	0	1.51	0.47	0	1.59	0	0	0	1.22	4.2	0	1.51	0	0	0	0	10.49	0	0	0	0	67.71	0	0	0	0	7.06	3.2	3.92	9.62	0	5.42	3.59	4.89	0	0.5	0.18	0	4.42	0.51	3.92	0	0	31.66	0	0	0	0.14	0	0	1.9	0	1.03	0	1.43	0	0	0	5.11	0	25.7	0	0	6.69	4.58	0
stad_oncosg_2018	GIS003-tan21080055	GIS003-tan21080055	NA	NA	NA	NA	NA	NA	NA	NA	NA	Esophagogastric Cancer	Stomach Adenocarcinoma	NA	NA	NA	NA	NA	SG	NA	NA	NA	NA	NA	NA	NA	NA	NA	NA	NA	NA	NA	NA	NA	NA	NA	NA	NA	NA	NA	NA	NA	NA	NA	NA	Intestinal	NA	NA	NA	NA	NA	NA	EBV	NA	62	NA	NA	NA	NA	NA	NA	NA	STAD	NA	NA	NA	NA	NA	NA	NA	NA	NA	NA	NA	NA	NA	NA	NA	NA	NA	NA	Tumor	1	NA	NA	NA	NA	NA	NA	Matched	NA	NA	NA	NA	0	1	NA	T2b	NA	NA	NA	NA	2.13333333333	NA	NA	NA	NA	NA	NA	Lesser Curve	NA	NA	NA	NA	NA	NA	NA	NA	NA	NA	NA	NA	NA	NA	NA	NA	NA	NA	NA	NA	NA	NA	NA	NA	NA	NA	NA	NA	NA	NA	NA	NA	NA	NA	NA	NA	NA	NA	NA	NA	NA	NA	NA	NA	NA	NA	NA	NA	NA	NA	NA	NA	NA	NA	NA	NA	NA	NA	NA	NA	NA	NA	NA	NA	NA	NA	NA	NA	NA	NA	NA	NA	NA
stad_oncosg_2018	GIS003-tan76629543	GIS003-tan76629543	NA	NA	NA	NA	NA	NA	NA	NA	NA	Esophagogastric Cancer	Stomach Adenocarcinoma	NA	NA	NA	NA	NA	SG	NA	NA	NA	NA	NA	NA	NA	NA	NA	NA	NA	NA	NA	NA	NA	NA	NA	NA	NA	NA	NA	NA	NA	NA	NA	NA	Intestinal	NA	NA	NA	NA	NA	NA	CIN	NA	178	NA	NA	NA	NA	NA	NA	NA	STAD	NA	NA	NA	NA	NA	NA	NA	NA	NA	NA	NA	NA	NA	NA	NA	NA	NA	NA	Tumor	1	NA	NA	NA	NA	NA	NA	Matched	NA	NA	NA	NA	0	1	NA	T3	NA	NA	NA	NA	5.96666666667	NA	NA	NA	NA	NA	NA	Pylorus	NA	NA	NA	NA	NA	NA	0	0	0	0	3.4	1.45	0	0	0	0	5.49	0	0	0	0	0	0	13.73	0	0	0.01	0	58.91	0	0	0	0	7.16	4.26	0.24	7.97	0	0.36	0.01	1.61	0	0.37	0.13	0	11.42	0	0.25	0	0	10.59	0	0	0	0.27	0	0	0.94	9.82	1.16	0	2.6	0	0	0	4.65	0	15.32	0.01	0	25.18	6.81	0
stad_oncosg_2018	GIS003-tan980401	GIS003-tan980401	NA	NA	NA	NA	NA	NA	NA	NA	NA	Esophagogastric Cancer	Stomach Adenocarcinoma	NA	NA	NA	NA	NA	SG	NA	NA	NA	NA	NA	NA	NA	NA	NA	NA	NA	NA	NA	NA	NA	NA	NA	NA	NA	NA	NA	NA	NA	NA	NA	NA	Diffuse	NA	NA	NA	NA	NA	NA	GS	NA	31	NA	NA	NA	NA	NA	NA	NA	STAD	NA	NA	NA	NA	NA	NA	NA	NA	NA	NA	NA	NA	NA	NA	NA	NA	NA	NA	Tumor	1	NA	NA	NA	NA	NA	NA	Matched	NA	NA	NA	NA	0	1	NA	T3	NA	NA	NA	NA	1.03333333333	NA	NA	NA	NA	NA	NA	NA	NA	NA	NA	NA	NA	NA	14.87	0	0	0	0	2.71	0	0	0	0	5.67	0	1.56	0	0.18	0.82	0	9.72	0	0	4.78	0	44.29	0	15.97	0	0	26.54	0	0.74	3.58	0.47	1.11	1.95	2.08	0	1.08	0.56	0	4.67	0	11.11	0	0	28.23	0.79	0.87	0	0.67	0	0	0	1.7	0.34	0.43	1	0	0	0	2.27	0	31.82	10.37	0	10.81	19.57	0
stad_oncosg_2018	GIS003-tan980417	GIS003-tan980417	NA	NA	NA	NA	NA	NA	NA	NA	NA	Esophagogastric Cancer	Stomach Adenocarcinoma	NA	NA	NA	NA	NA	SG	NA	NA	NA	NA	NA	NA	NA	NA	NA	NA	NA	NA	NA	NA	NA	NA	NA	NA	NA	NA	NA	NA	NA	NA	NA	NA	Diffuse	NA	NA	NA	NA	NA	NA	GS	NA	22	NA	NA	NA	NA	NA	NA	NA	STAD	NA	NA	NA	NA	NA	NA	NA	NA	NA	NA	NA	NA	NA	NA	NA	NA	NA	NA	Tumor	1	NA	NA	NA	NA	NA	NA	Matched	NA	NA	NA	NA	0	3	NA	T3	NA	NA	NA	NA	0.733333333333	NA	NA	NA	NA	NA	NA	Lesser Curve	NA	NA	NA	NA	NA	NA	15.82	0.86	0	0	0	1.27	0.65	0	0.78	0	5.33	5.76	0.78	0	1.49	4.57	0	6.12	1.08	0.4	3.84	0	1.33	0	47.58	0	0	37.3	7.18	4.81	0	1.29	0.92	1.36	1.47	0	1.33	0.98	0	0	0	30.95	0.14	0	11.33	0.94	2.33	0	1.49	0	0	5.36	0	0	0	0.13	0	0	0	0	0	48.26	26.14	0	4.21	6.7	0.49
stad_oncosg_2018	GIS003-tan980437	GIS003-tan980437	NA	NA	NA	NA	NA	NA	NA	NA	NA	Esophagogastric Cancer	Stomach Adenocarcinoma	NA	NA	NA	NA	NA	SG	NA	NA	NA	NA	NA	NA	NA	NA	NA	NA	NA	NA	NA	NA	NA	NA	NA	NA	NA	NA	NA	NA	NA	NA	NA	NA	Intestinal	NA	NA	NA	NA	NA	NA	CIN	NA	162	NA	NA	NA	NA	NA	NA	NA	STAD	NA	NA	NA	NA	NA	NA	NA	NA	NA	NA	NA	NA	NA	NA	NA	NA	NA	NA	Tumor	1	NA	NA	NA	NA	NA	NA	Matched	NA	NA	NA	NA	0	3	NA	T3	NA	NA	NA	NA	5.56666666667	NA	NA	NA	NA	NA	NA	Incisura	NA	NA	NA	NA	NA	NA	13.17	0	0	0	0.94	3.29	0	0	0	0.17	5.16	0	0	0	2.32	0	0	12.34	0	0.48	3.31	0	36.38	0	11.05	0	0	15.36	6.94	3.6	2.51	0.27	3.26	2.37	2.6	0	0.55	0.18	0	7.24	0	10.78	1.59	0	24.47	0.65	0.01	0	0.17	0.07	0	1.98	0	0.52	0	1.35	0	0	0	3.22	0	28.36	7.18	0.63	10.81	13.63	0.46
stad_oncosg_2018	GIS003-tan980447	GIS003-tan980447	NA	NA	NA	NA	NA	NA	NA	NA	NA	Esophagogastric Cancer	Stomach Adenocarcinoma	NA	NA	NA	NA	NA	SG	NA	NA	NA	NA	NA	NA	NA	NA	NA	NA	NA	NA	NA	NA	NA	NA	NA	NA	NA	NA	NA	NA	NA	NA	NA	NA	Intestinal	NA	NA	NA	NA	NA	NA	CIN	NA	121	NA	NA	NA	NA	NA	NA	NA	STAD	NA	NA	NA	NA	NA	NA	NA	NA	NA	NA	NA	NA	NA	NA	NA	NA	NA	NA	Tumor	1	NA	NA	NA	NA	NA	NA	Matched	NA	NA	NA	NA	0	3	NA	T3	NA	NA	NA	NA	4.1	NA	NA	NA	NA	NA	NA	Lesser Curve	NA	NA	NA	NA	NA	NA	21.73	0	0	5.38	0	2.83	0	0	0	0.76	4.02	0	4.41	0	0	0	0	11	0.4	0.71	0	0	63.59	0	0	0	0	6.31	0	9.66	6.15	0	4.83	4.41	4.57	0.42	0.61	0.53	0.56	5.96	0	9.66	1.83	0	7.85	0	0.14	0.7	0.14	0	1.3	0.67	0	4.08	0	3.31	0	0	2.2	3.77	0	21.67	0	0	11.49	13.8	0
stad_oncosg_2018	GIS003-tan990275	GIS003-tan990275	NA	NA	NA	NA	NA	NA	NA	NA	NA	Esophagogastric Cancer	Stomach Adenocarcinoma	NA	NA	NA	NA	NA	SG	NA	NA	NA	NA	NA	NA	NA	NA	NA	NA	NA	NA	NA	NA	NA	NA	NA	NA	NA	NA	NA	NA	NA	NA	NA	NA	Intestinal	NA	NA	NA	NA	NA	NA	CIN	NA	91	NA	NA	NA	NA	NA	NA	NA	STAD	NA	NA	NA	NA	NA	NA	NA	NA	NA	NA	NA	NA	NA	NA	NA	NA	NA	NA	Tumor	1	NA	NA	NA	NA	NA	NA	Matched	NA	NA	NA	NA	0	0	NA	T3	NA	NA	NA	NA	3.06666666667	NA	NA	NA	NA	NA	NA	Lesser Curve	NA	NA	NA	NA	NA	NA	18.02	0.63	3.53	0	0.9	2.26	0	0	0	0	2.88	0.16	1.46	0	1.32	0.38	0	8.12	0	0.39	1.98	0	47.83	0	6.46	0	0	17.51	3.18	2.99	3.47	0.06	2.72	2.82	2.17	0	0.42	1.29	0	7.49	2.28	7.53	1.09	0	15.98	0.19	0.03	0	0.38	0.13	0	0.39	2.7	1.18	0	1.36	0	0	0	5.08	0	23.32	4.54	0	7.19	13.75	0.2
stad_oncosg_2018	GIS003-tan990489	GIS003-tan990489	NA	NA	NA	NA	NA	NA	NA	NA	NA	Esophagogastric Cancer	Stomach Adenocarcinoma	NA	NA	NA	NA	NA	SG	NA	NA	NA	NA	NA	NA	NA	NA	NA	NA	NA	NA	NA	NA	NA	NA	NA	NA	NA	NA	NA	NA	NA	NA	NA	NA	Mixed	NA	NA	NA	NA	NA	NA	CIN	NA	290	NA	NA	NA	NA	NA	NA	NA	STAD	NA	NA	NA	NA	NA	NA	NA	NA	NA	NA	NA	NA	NA	NA	NA	NA	NA	NA	Tumor	1	NA	NA	NA	NA	NA	NA	Matched	NA	NA	NA	NA	0	0	NA	T2a	NA	NA	NA	NA	9.63333333333	NA	NA	NA	NA	NA	NA	Lesser Curve	NA	NA	NA	NA	NA	NA	9.54	0	2.62	0	10.4	0	0	0	0	0	4.43	0	0	0	0.16	0	0.93	5.44	0	0	0	0	0.15	0	0	0	0	15.9	0	0	0	0	0	0.4	1.5	0	0	1.04	0	5.82	0	0	0	0	30.42	0	0	0	10.91	0	0	0	3.46	4.1	0	1.72	0	0	0	0	0	15.57	0	0	25.89	0	0
stad_tcga	TCGA-3M-AB46	TCGA-3M-AB46-01	70	NA	MX	N0	Stage IB	6th	T2b	No	NA	Esophagogastric Cancer	Stomach Adenocarcinoma	NA	NA	NA	NA	NA	NA	1507	0	NA	NA	NA	57.98	0:DiseaseFree	NA	NA	HISPANIC OR LATINO	NA	NO	7/15/14	0.5230	G2	NA	Stomach, Adenocarcinoma, Not Otherwise Specified (NOS)	No	No	No	C16.5	8140/3	C16.5	YES	2009	NO	NA	NA	NA	YES	0	15	NA	NA	NA	NA	NA	NA	NO	NA	NA	NA	FALSE	STAD	57.98	0:LIVING	NA	BE6531B2-D1F3-44AB-9C02-1CEAE51EF2BB	3F407C72-57A9-415A-810F-8B18022BF8A5	NA	TCGA-3M-AB46.3A3C6F93-253B-44E5-94E4-2FA31ED689AA.pdf	3A3C6F93-253B-44E5-94E4-2FA31ED689AA	NA	Other (please specify)	NA	NO	WHITE	YES	NO	NA	YES	NA	NA	1	20	Primary	1	Male	NA	Stomach	Matched	NA	NA	NA	NA	NA	NA	NA	NA	YES	NA	NA	3M	0	NA	Complete Remission/Response	NA	NA	NA	NA	NA	TUMOR FREE	NA	NA	NA	A	NA	NA	NA	NA	NA	NA	NA	NA	NA	NA	NA	NA	NA	NA	NA	NA	NA	NA	NA	NA	NA	NA	NA	NA	NA	NA	NA	NA	NA	NA	NA	NA	NA	NA	NA	NA	NA	NA	NA	NA	NA	NA	NA	NA	NA	NA	NA	NA	NA	NA	NA	NA	NA	NA	NA	NA	NA	NA	NA	NA	NA	NA	NA	NA	NA	NA	NA	NA
stad_tcga	TCGA-3M-AB47	TCGA-3M-AB47-01	51	NA	MX	N2	Stage IIIB	6th	T3	No	NA	Esophagogastric Cancer	Stomach Adenocarcinoma	NA	NA	NA	NA	NA	NA	1933	0	NA	NA	NA	12.98	1:Recurred/Progressed	NA	NA	NOT HISPANIC OR LATINO	NA	YES	7/16/14	0.1752	G3	NA	Stomach, Adenocarcinoma, Not Otherwise Specified (NOS)	No	No	No	C16.9	8140/3	C16.9	YES	2008	NO	NA	NA	NA	YES	11	15	NA	NA	NA	NA	NA	NA	YES	NA	1	NA	FALSE	STAD	NA	1:DECEASED	NA	85C11B74-9E50-4DA1-8C0B-D5677CC801B1	67D2CC6E-05D3-49FE-BCA4-84FD6ADED269	NA	TCGA-3M-AB47.55F4DC25-DD4E-44E1-AA0B-7F472060B095.pdf	55F4DC25-DD4E-44E1-AA0B-7F472060B095	Stomach Cancer	Stomach (NOS)	NA	NO	WHITE	YES	NO	NA	YES	NA	NA	1	210	Primary	1	Male	NA	Stomach	Matched	NA	NA	NA	NA	NA	NA	NA	NA	YES	NA	NA	3M	0	NA	Stable Disease	NA	NA	NA	NA	NA	WITH TUMOR	NA	NA	NA	A	NA	NA	NA	NA	NA	NA	NA	NA	NA	NA	NA	NA	NA	NA	NA	NA	NA	NA	NA	NA	NA	NA	NA	NA	NA	NA	NA	NA	NA	NA	NA	NA	NA	NA	NA	NA	NA	NA	NA	NA	NA	NA	NA	NA	NA	NA	NA	NA	NA	NA	NA	NA	NA	NA	NA	NA	NA	NA	NA	NA	NA	NA	NA	NA	NA	NA	NA	NA
stad_tcga	TCGA-B7-5816	TCGA-B7-5816-01	51	NA	M0	N0	Stage IIB	7th	T4a	No	NA	Esophagogastric Cancer	Diffuse Type Stomach Adenocarcinoma	NA	NA	NA	NA	NA	NA	NA	0	NA	NA	NA	26.68	0:DiseaseFree	NA	NA	NOT HISPANIC OR LATINO	NA	NO	7/14/11	0.0876	G3	NA	Stomach, Adenocarcinoma, Diffuse Type	No	No	NA	C16.2	8145/3	C16.2	YES	2010	NO	NA	NA	1	YES	0	9	NA	NA	NA	1279	NA	NA	NA	NA	NA	NA	NA	DSTAD	26.68	0:LIVING	NA	f07070c0-fd0a-4c19-ba1e-5f06b933cd7c	1b4b19c1-75a6-4434-831e-adce44c54eb5	NA	TCGA-B7-5816.5f029de1-fcc7-4d65-97fb-255320865c8b.pdf	5f029de1-fcc7-4d65-97fb-255320865c8b	NA	Fundus/Body	NA	NO	WHITE	NA	NA	R0	YES	NA	NA	1	NA	Primary	1	Female	0.4	Stomach	Matched	NA	NA	0.6	NA	NA	NA	NA	NA	NA	NA	NA	B7	43.7666666667	NA	NA	NA	NA	NA	Russia	NA	TUMOR FREE	NA	NA	NA	A	NA	NA	NA	NA	NA	NA	NA	NA	NA	NA	NA	NA	NA	NA	NA	NA	NA	NA	NA	NA	NA	NA	NA	NA	NA	NA	NA	NA	NA	NA	NA	NA	NA	NA	NA	NA	NA	NA	NA	NA	NA	NA	NA	NA	NA	NA	NA	NA	NA	NA	NA	NA	NA	NA	NA	NA	NA	NA	NA	NA	NA	NA	NA	NA	NA	NA	NA	NA
stad_tcga	TCGA-B7-5818	TCGA-B7-5818-01	62	NA	M0	N0	Stage IB	7th	T2	NA	NA	Esophagogastric Cancer	Diffuse Type Stomach Adenocarcinoma	NA	NA	NA	NA	NA	NA	NA	0	NA	NA	NA	11.7	0:DiseaseFree	NA	NA	NOT HISPANIC OR LATINO	NA	NA	5/20/11	0.2060	G3	NA	Stomach, Adenocarcinoma, Diffuse Type	No	No	NA	C16.2	8145/3	C16.2	YES	2010	NO	NA	NA	1	YES	NA	NA	NA	NA	NA	327	NA	NA	NA	NA	NA	NA	NA	DSTAD	11.7	0:LIVING	NA	6e03b415-84a1-4b91-8717-1a41edd4a255	fd97cdf5-0f7f-48a2-b5da-5c5f56a89166	NA	TCGA-B7-5818.e8c3173e-5cf2-4cc1-85fa-7d0721e90bd0.pdf	e8c3173e-5cf2-4cc1-85fa-7d0721e90bd0	NA	Fundus/Body	NA	NO	WHITE	NA	NA	R0	YES	NA	NA	1	NA	Primary	1	Male	0.2	Stomach	Matched	NA	NA	0.9	NA	NA	NA	NA	NA	NA	NA	NA	B7	11.0666666667	NA	NA	H2 Blockers	NA	NA	Russia	NA	TUMOR FREE	NA	NA	NA	A	NA	NA	NA	NA	NA	NA	NA	NA	NA	NA	NA	NA	NA	NA	NA	NA	NA	NA	NA	NA	NA	NA	NA	NA	NA	NA	NA	NA	NA	NA	NA	NA	NA	NA	NA	NA	NA	NA	NA	NA	NA	NA	NA	NA	NA	NA	NA	NA	NA	NA	NA	NA	NA	NA	NA	NA	NA	NA	NA	NA	NA	NA	NA	NA	NA	NA	NA	NA
stad_tcga	TCGA-B7-A5TI	TCGA-B7-A5TI-01	52	NA	M0	N3	Stage IIIC	7th	T4	NA	NA	Esophagogastric Cancer	Diffuse Type Stomach Adenocarcinoma	Saint Petersburg	NA	NA	NA	NA	NA	58	0	NA	NA	NA	19.55	0:DiseaseFree	NA	NA	NOT HISPANIC OR LATINO	NA	NA	11/13/14	0.2297	G3	NA	Stomach, Adenocarcinoma, Diffuse Type	No	No	Yes	C16.1	8145/3	C16.1	YES	2012	NO	NA	NA	NA	YES	18	20	NA	NA	NA	585	NA	NA	NO	NA	NA	NA	TRUE	DSTAD	19.55	0:LIVING	NA	4310A287-5F01-4E0D-94E3-96C5379C3245	E3AEB5A8-26F9-4401-B53E-0638FBDA8DBB	NA	TCGA-B7-A5TI.DC51A81C-0AF0-46E6-BFE7-8D0D1AA0A54F.pdf	DC51A81C-0AF0-46E6-BFE7-8D0D1AA0A54F	NA	Fundus/Body	NA	YES	WHITE	NO	YES	NA	NO	NA	NA	1	240	Primary	1	Male	NA	Stomach	Matched	NA	NA	NA	NA	NA	NA	NA	NA	YES	NA	NA	B7	36.4	YES	Complete Remission/Response	H2 Blockers|Antacids	NA	NA	Russia	NA	TUMOR FREE	NA	NA	NA	A	NA	NA	NA	NA	NA	NA	NA	NA	NA	NA	NA	NA	NA	NA	NA	NA	NA	NA	NA	NA	NA	NA	NA	NA	NA	NA	NA	NA	NA	NA	NA	NA	NA	NA	NA	NA	NA	NA	NA	NA	NA	NA	NA	NA	NA	NA	NA	NA	NA	NA	NA	NA	NA	NA	NA	NA	NA	NA	NA	NA	NA	NA	NA	NA	NA	NA	NA	NA
stad_tcga	TCGA-B7-A5TJ	TCGA-B7-A5TJ-01	74	NA	M0	NX	Stage IIB	7th	T4a	NA	NA	Esophagogastric Cancer	Stomach Adenocarcinoma	Saint Petersburg	NA	NA	NA	NA	NA	42	0	NA	NA	NA	11.01	0:DiseaseFree	NA	NA	NOT HISPANIC OR LATINO	NA	NA	11/13/14	0.4391	G1	NA	Stomach, Intestinal Adenocarcinoma, Not Otherwise Specified (NOS)	No	No	Yes	C16.1	8144/3	C16.1	YES	2012	NO	NA	NA	NA	NO	NA	NA	NA	NA	NA	218	NA	NA	NO	NA	NA	NA	TRUE	STAD	11.01	0:LIVING	NA	5624BEAB-545A-4A5B-960E-C33429572272	FC264B14-C3CE-4A94-B9E5-205ABEEC9CAB	NA	TCGA-B7-A5TJ.85DAD347-F0CD-4EDC-9AEC-21653CA2EB4F.pdf	85DAD347-F0CD-4EDC-9AEC-21653CA2EB4F	NA	Fundus/Body	NA	YES	WHITE	NO	YES	NA	NO	NA	NA	1	150	Primary	1	Male	NA	Stomach	Matched	NA	NA	NA	NA	NA	NA	NA	NA	NO	NA	NA	B7	13.1333333333	YES	Complete Remission/Response	H2 Blockers|Antacids	NA	NA	Russia	NA	TUMOR FREE	NA	NA	NA	A	NA	NA	NA	NA	NA	NA	NA	NA	NA	NA	NA	NA	NA	NA	NA	NA	NA	NA	NA	NA	NA	NA	NA	NA	NA	NA	NA	NA	NA	NA	NA	NA	NA	NA	NA	NA	NA	NA	NA	NA	NA	NA	NA	NA	NA	NA	NA	NA	NA	NA	NA	NA	NA	NA	NA	NA	NA	NA	NA	NA	NA	NA	NA	NA	NA	NA	NA	NA
stad_tcga	TCGA-B7-A5TK	TCGA-B7-A5TK-01	51	NA	M0	NA	Stage IIIA	7th	T4	NA	NA	Esophagogastric Cancer	Stomach Adenocarcinoma	Saint Petersburg	NA	NA	NA	NA	NA	51	0	NA	NA	NA	9.46	0:DiseaseFree	NA	NA	NOT HISPANIC OR LATINO	NA	NA	11/13/14	0.0004	G3	NA	Stomach, Intestinal Adenocarcinoma, Not Otherwise Specified (NOS)	No	No	Yes	C16.1	8144/3	C16.1	YES	2012	NO	NA	NA	NA	NO	NA	NA	NA	NA	NA	51	NA	NA	NO	NA	NA	NA	TRUE	STAD	9.46	0:LIVING	NA	4ED55013-3853-48EA-909F-7D26D5055637	58937D2C-B4C3-4992-A95C-D0D1FA73F1A9	NA	TCGA-B7-A5TK.C5C5F340-B1C4-480B-90D3-38D664A7BF72.pdf	C5C5F340-B1C4-480B-90D3-38D664A7BF72	NA	NA	NA	YES	WHITE	NO	YES	NA	NO	NA	NA	1	110	Primary	1	Male	NA	Stomach	Matched	NA	NA	NA	NA	NA	NA	NA	NA	YES	NA	NA	B7	2.9	YES	Complete Remission/Response	H2 Blockers|Antacids	NA	NA	Russia	NA	TUMOR FREE	NA	NA	NA	A	NA	NA	NA	NA	NA	NA	NA	NA	NA	NA	NA	NA	NA	NA	NA	NA	NA	NA	NA	NA	NA	NA	NA	NA	NA	NA	NA	NA	NA	NA	NA	NA	NA	NA	NA	NA	NA	NA	NA	NA	NA	NA	NA	NA	NA	NA	NA	NA	NA	NA	NA	NA	NA	NA	NA	NA	NA	NA	NA	NA	NA	NA	NA	NA	NA	NA	NA	NA
stad_tcga	TCGA-B7-A5TN	TCGA-B7-A5TN-01	60	NA	M0	NX	Stage IIB	7th	T4a	NA	NA	Esophagogastric Cancer	Stomach Adenocarcinoma	Saint Petersburg	NA	NA	NA	NA	NA	50	0	NA	NA	NA	9.43	0:DiseaseFree	NA	NA	NOT HISPANIC OR LATINO	NA	NA	11/13/14	0.4807	G2	NA	Stomach, Adenocarcinoma, Not Otherwise Specified (NOS)	No	No	Yes	C16.1	8144/3	C16.1	YES	2012	NO	NA	NA	NA	NO	NA	NA	NA	NA	NA	78	NA	NA	NO	NA	NA	NA	TRUE	STAD	9.43	0:LIVING	NA	77535AF0-DEF4-439C-B50D-8720712235DD	EB871D34-E250-46FF-8005-AED8F889C0CA	NA	TCGA-B7-A5TN.936A76BC-9144-442A-868C-DC9E19E10645.pdf	936A76BC-9144-442A-868C-DC9E19E10645	NA	Fundus/Body	NA	YES	WHITE	NO	YES	NA	NO	NA	NA	1	140	Primary	1	Male	NA	Stomach	Matched	NA	NA	NA	NA	NA	NA	NA	NA	YES	NA	NA	B7	4.7	YES	Complete Remission/Response	H2 Blockers|Antacids	NA	NA	Russia	NA	TUMOR FREE	NA	NA	NA	A	NA	NA	NA	NA	NA	NA	NA	NA	NA	NA	NA	NA	NA	NA	NA	NA	NA	NA	NA	NA	NA	NA	NA	NA	NA	NA	NA	NA	NA	NA	NA	NA	NA	NA	NA	NA	NA	NA	NA	NA	NA	NA	NA	NA	NA	NA	NA	NA	NA	NA	NA	NA	NA	NA	NA	NA	NA	NA	NA	NA	NA	NA	NA	NA	NA	NA	NA	NA
stad_tcga	TCGA-BR-4183	TCGA-BR-4183-01	55	NA	M0	N1	Stage IIIA	6th	T3	NA	NA	Esophagogastric Cancer	Stomach Adenocarcinoma	Kazan	NA	NA	NA	NA	NA	NA	0	NA	NA	NA	NA	NA	NA	NA	NOT HISPANIC OR LATINO	NA	NA	6/6/11	0.2300	G3	NA	Stomach, Adenocarcinoma, Not Otherwise Specified (NOS)	No	No	NA	C16.0	8140/3	C16.0	YES	2007	NO	NA	NA	3	YES	2	8	NA	NA	NA	37	NA	NA	NA	NA	NA	NA	NA	STAD	6.6	1:DECEASED	NA	33503349-ba7a-43f4-bcb2-ac8d16808432	c17a8996-14c4-4a17-a55b-925172a45211	NA	TCGA-BR-4183.0c28b0a4-9b7e-4fb1-b932-254e871b6b3c.pdf	0c28b0a4-9b7e-4fb1-b932-254e871b6b3c	NA	Cardia/Proximal	NA	NO	WHITE	NA	NA	RX	YES	NA	NA	1	NA	Primary	1	Female	0.5	Stomach	Matched	NA	NA	1.4	NA	NA	NA	NA	NA	NA	NA	NA	BR	1.26666666667	NO	NA	NA	NA	NA	Russia	NA	NA	NA	NA	NA	A	NA	NA	NA	NA	NA	NA	NA	NA	NA	NA	NA	NA	NA	NA	NA	NA	NA	NA	NA	NA	NA	NA	NA	NA	NA	NA	NA	NA	NA	NA	NA	NA	NA	NA	NA	NA	NA	NA	NA	NA	NA	NA	NA	NA	NA	NA	NA	NA	NA	NA	NA	NA	NA	NA	NA	NA	NA	NA	NA	NA	NA	NA	NA	NA	NA	NA	NA	NA
stad_tcga	TCGA-BR-4184	TCGA-BR-4184-01	70	NA	MX	N1	Stage IIIA	6th	T3	NA	NA	Esophagogastric Cancer	Stomach Adenocarcinoma	Kazan	NA	NA	NA	NA	NA	NA	0	NA	NA	NA	NA	NA	NA	NA	NOT HISPANIC OR LATINO	NA	NA	6/6/11	0.0613	G2	NA	Stomach, Adenocarcinoma, Not Otherwise Specified (NOS)	No	No	NA	C16.3	8140/3	C16.3	YES	2007	NO	NA	NA	2.7	YES	1	8	NA	NA	NA	3539	NA	NA	NA	NA	NA	NA	NA	STAD	6.96	1:DECEASED	NA	0d4d23ba-066b-4244-a3a5-922cdcaaa28f	5db02c36-dcf0-4311-ad90-754e4ec579ee	NA	TCGA-BR-4184.3893d873-2a7f-4bbd-943a-fea998d34fd3.pdf	3893d873-2a7f-4bbd-943a-fea998d34fd3	NA	Antrum/Distal	NA	NO	WHITE	NA	NA	RX	YES	NA	NA	1	NA	Primary	1	Male	0.5	Stomach	Matched	NA	NA	2.2	NA	NA	NA	NA	NA	NA	NA	NA	BR	121.4	NO	NA	NA	NA	NA	Russia	NA	NA	NA	NA	NA	A	NA	NA	NA	NA	NA	NA	NA	NA	NA	NA	NA	NA	NA	NA	NA	NA	NA	NA	NA	NA	NA	NA	NA	NA	NA	NA	NA	NA	NA	NA	NA	NA	NA	NA	NA	NA	NA	NA	NA	NA	NA	NA	NA	NA	NA	NA	NA	NA	NA	NA	NA	NA	NA	NA	NA	NA	NA	NA	NA	NA	NA	NA	NA	NA	NA	NA	NA	NA
stad_tcga	TCGA-BR-4186	TCGA-BR-4186-01	NA	NA	NA	NA	NA	NA	NA	NA	NA	Esophagogastric Cancer	Stomach Adenocarcinoma	NA	NA	NA	NA	NA	NA	NA	NA	NA	NA	NA	NA	NA	NA	NA	NA	NA	NA	NA	NA	NA	NA	NA	NA	NA	NA	NA	NA	NA	NA	NA	NO	NA	NA	2.4	NA	NA	NA	NA	NA	NA	NA	NA	NA	NA	NA	NA	NA	NA	STAD	NA	NA	NA	NA	d8919d77-45ab-438a-825d-51bdb1310659	NA	TCGA-BR-4186.e187e5f6-f134-4936-8b67-d19403b3df88.pdf	e187e5f6-f134-4936-8b67-d19403b3df88	NA	NA	NA	NA	NA	NA	NA	NA	NA	NA	NA	1	NA	Primary	1	NA	0.4	NA	Matched	NA	NA	1.5	NA	NA	NA	NA	NA	NA	NA	NA	NA	0	NA	NA	NA	NA	NA	NA	NA	NA	NA	NA	NA	A	NA	NA	NA	NA	NA	NA	NA	NA	NA	NA	NA	NA	NA	NA	NA	NA	NA	NA	NA	NA	NA	NA	NA	NA	NA	NA	NA	NA	NA	NA	NA	NA	NA	NA	NA	NA	NA	NA	NA	NA	NA	NA	NA	NA	NA	NA	NA	NA	NA	NA	NA	NA	NA	NA	NA	NA	NA	NA	NA	NA	NA	NA	NA	NA	NA	NA	NA	NA
stad_tcga	TCGA-BR-4187	TCGA-BR-4187-01	56	NA	M0	NX	NA	6th	TX	NA	NA	Esophagogastric Cancer	Stomach Adenocarcinoma	Kazan	NA	NA	NA	NA	NA	NA	0	NA	NA	NA	NA	NA	NA	NA	NOT HISPANIC OR LATINO	NA	NA	6/2/11	0.0006	G3	NA	Stomach, Adenocarcinoma, Not Otherwise Specified (NOS)	No	No	NA	C16.3	8140/3	C16.3	YES	2008	NO	NA	NA	2.1	NA	NA	NA	NA	NA	NA	24	NA	NA	NA	NA	NA	NA	NA	STAD	4.63	1:DECEASED	NA	12071070-d06b-4c7b-a7b1-77c84963abe6	144fb4ed-63bb-4908-b678-6026e09566a3	NA	TCGA-BR-4187.4220f8ed-dc92-460c-b254-44a8634f142b.pdf	4220f8ed-dc92-460c-b254-44a8634f142b	NA	Antrum/Distal	NA	NO	WHITE	NA	NA	RX	YES	NA	NA	1	NA	Primary	1	Male	0.4	Stomach	Matched	NA	NA	1.5	NA	NA	NA	NA	NA	NA	NA	NA	BR	0.833333333333	NO	NA	NA	NA	NA	Russia	NA	NA	NA	NA	NA	A	NA	NA	NA	NA	NA	NA	NA	NA	NA	NA	NA	NA	NA	NA	NA	NA	NA	NA	NA	NA	NA	NA	NA	NA	NA	NA	NA	NA	NA	NA	NA	NA	NA	NA	NA	NA	NA	NA	NA	NA	NA	NA	NA	NA	NA	NA	NA	NA	NA	NA	NA	NA	NA	NA	NA	NA	NA	NA	NA	NA	NA	NA	NA	NA	NA	NA	NA	NA
stad_tcga	TCGA-BR-4188	TCGA-BR-4188-01	53	NA	M0	N1	NA	6th	TX	NA	NA	Esophagogastric Cancer	Stomach Adenocarcinoma	Kazan	NA	NA	NA	NA	NA	NA	0	NA	NA	NA	NA	NA	NA	NA	NOT HISPANIC OR LATINO	NA	NA	6/2/11	0.0534	G3	NA	Stomach, Adenocarcinoma, Not Otherwise Specified (NOS)	No	No	NA	C16.0	8140/3	C16.0	YES	2008	NO	NA	NA	2.5	YES	2	8	NA	NA	NA	65	NA	NA	NA	NA	NA	NA	NA	STAD	7.42	1:DECEASED	NA	151257d7-ba5b-49a0-94f5-50e28f9f46f1	26398996-4eb5-4c24-ba78-3ca9a3b6ebc0	NA	TCGA-BR-4188.03108a9a-1f00-48a4-86ab-81045eb07340.pdf	03108a9a-1f00-48a4-86ab-81045eb07340	NA	Cardia/Proximal	NA	NO	WHITE	NA	NA	RX	YES	NA	NA	1	NA	Primary	1	Female	0.5	Stomach	Matched	NA	NA	1.5	NA	NA	NA	NA	NA	NA	NA	NA	BR	2.2	NO	NA	NA	NA	NA	Russia	NA	NA	NA	NA	NA	A	NA	NA	NA	NA	NA	NA	NA	NA	NA	NA	NA	NA	NA	NA	NA	NA	NA	NA	NA	NA	NA	NA	NA	NA	NA	NA	NA	NA	NA	NA	NA	NA	NA	NA	NA	NA	NA	NA	NA	NA	NA	NA	NA	NA	NA	NA	NA	NA	NA	NA	NA	NA	NA	NA	NA	NA	NA	NA	NA	NA	NA	NA	NA	NA	NA	NA	NA	NA
stad_tcga	TCGA-BR-4190	TCGA-BR-4190-01	NA	NA	NA	NA	NA	NA	NA	NA	NA	Esophagogastric Cancer	Stomach Adenocarcinoma	NA	NA	NA	NA	NA	NA	NA	NA	NA	NA	NA	NA	NA	NA	NA	NA	NA	NA	NA	NA	NA	NA	NA	NA	NA	NA	NA	NA	NA	NA	NA	NO	NA	NA	2	NA	NA	NA	NA	NA	NA	NA	NA	NA	NA	NA	NA	NA	NA	STAD	NA	NA	NA	NA	0486af5d-6d7c-4409-81e9-2fc4a38225c4	NA	TCGA-BR-4190.5d490413-6acb-4030-81ff-5d19f25a7644.pdf	5d490413-6acb-4030-81ff-5d19f25a7644	NA	NA	NA	NA	NA	NA	NA	NA	NA	NA	NA	1	NA	Primary	1	NA	0.5	NA	Matched	NA	NA	1.5	NA	NA	NA	NA	NA	NA	NA	NA	NA	0	NA	NA	NA	NA	NA	NA	NA	NA	NA	NA	NA	A	NA	NA	NA	NA	NA	NA	NA	NA	NA	NA	NA	NA	NA	NA	NA	NA	NA	NA	NA	NA	NA	NA	NA	NA	NA	NA	NA	NA	NA	NA	NA	NA	NA	NA	NA	NA	NA	NA	NA	NA	NA	NA	NA	NA	NA	NA	NA	NA	NA	NA	NA	NA	NA	NA	NA	NA	NA	NA	NA	NA	NA	NA	NA	NA	NA	NA	NA	NA
stad_tcga	TCGA-BR-4191	TCGA-BR-4191-01	72	NA	M0	N1	NA	6th	TX	NA	NA	Esophagogastric Cancer	Stomach Adenocarcinoma	Kazan	NA	NA	NA	NA	NA	NA	0	NA	NA	NA	NA	NA	NA	NA	NOT HISPANIC OR LATINO	NA	NA	6/2/11	0.4263	G2	NA	Stomach, Adenocarcinoma, Not Otherwise Specified (NOS)	No	No	NA	C16.9	8140/3	C16.9	YES	2008	NO	NA	NA	2.4	YES	3	8	NA	NA	NA	177	NA	NA	NA	NA	NA	NA	NA	STAD	18.33	1:DECEASED	NA	74f859cf-6df5-4e96-ae6b-cfaab691d5fd	e5a1a598-5896-46f9-8dca-ba19ac138d14	NA	TCGA-BR-4191.124b6a58-5fb8-4e1c-be2c-47e19f012e85.pdf	124b6a58-5fb8-4e1c-be2c-47e19f012e85	NA	NA	NA	NO	WHITE	NA	NA	RX	YES	NA	NA	1	NA	Primary	1	Male	0.5	Stomach	Matched	NA	NA	2	NA	NA	NA	NA	NA	NA	NA	NA	BR	6.06666666667	NO	NA	NA	NA	NA	Russia	NA	NA	NA	NA	NA	A	NA	NA	NA	NA	NA	NA	NA	NA	NA	NA	NA	NA	NA	NA	NA	NA	NA	NA	NA	NA	NA	NA	NA	NA	NA	NA	NA	NA	NA	NA	NA	NA	NA	NA	NA	NA	NA	NA	NA	NA	NA	NA	NA	NA	NA	NA	NA	NA	NA	NA	NA	NA	NA	NA	NA	NA	NA	NA	NA	NA	NA	NA	NA	NA	NA	NA	NA	NA
stad_tcga	TCGA-BR-4194	TCGA-BR-4194-01	NA	NA	NA	NA	NA	NA	NA	NA	NA	Esophagogastric Cancer	Stomach Adenocarcinoma	NA	NA	NA	NA	NA	NA	NA	NA	NA	NA	NA	NA	NA	NA	NA	NA	NA	NA	NA	NA	NA	NA	NA	NA	NA	NA	NA	NA	NA	NA	NA	NO	NA	NA	2	NA	NA	NA	NA	NA	NA	NA	NA	NA	NA	NA	NA	NA	NA	STAD	NA	NA	NA	NA	2977c578-6a36-4ce5-9601-3f023e7e8b6b	NA	TCGA-BR-4194.71886168-f914-45be-9e95-2e05ca70c1a7.pdf	71886168-f914-45be-9e95-2e05ca70c1a7	NA	NA	NA	NA	NA	NA	NA	NA	NA	NA	NA	1	NA	Primary	1	NA	0.5	NA	Matched	NA	NA	1.5	NA	NA	NA	NA	NA	NA	NA	NA	NA	0	NA	NA	NA	NA	NA	NA	NA	NA	NA	NA	NA	A	NA	NA	NA	NA	NA	NA	NA	NA	NA	NA	NA	NA	NA	NA	NA	NA	NA	NA	NA	NA	NA	NA	NA	NA	NA	NA	NA	NA	NA	NA	NA	NA	NA	NA	NA	NA	NA	NA	NA	NA	NA	NA	NA	NA	NA	NA	NA	NA	NA	NA	NA	NA	NA	NA	NA	NA	NA	NA	NA	NA	NA	NA	NA	NA	NA	NA	NA	NA
stad_tcga	TCGA-BR-4195	TCGA-BR-4195-01	NA	NA	NA	NA	NA	NA	NA	NA	NA	Esophagogastric Cancer	Stomach Adenocarcinoma	NA	NA	NA	NA	NA	NA	NA	NA	NA	NA	NA	NA	NA	NA	NA	NA	NA	NA	NA	NA	NA	NA	NA	NA	NA	NA	NA	NA	NA	NA	NA	NO	NA	NA	2	NA	NA	NA	NA	NA	NA	NA	NA	NA	NA	NA	NA	NA	NA	STAD	NA	NA	NA	NA	dcbfb5b8-6216-4c85-a66e-0d95bf0853da	NA	TCGA-BR-4195.937fdee3-e269-4797-8074-7a2beb113d07.pdf	937fdee3-e269-4797-8074-7a2beb113d07	NA	NA	NA	NA	NA	NA	NA	NA	NA	NA	NA	1	NA	Primary	1	NA	0.4	NA	Matched	NA	NA	1.1	NA	NA	NA	NA	NA	NA	NA	NA	NA	0	NA	NA	NA	NA	NA	NA	NA	NA	NA	NA	NA	A	NA	NA	NA	NA	NA	NA	NA	NA	NA	NA	NA	NA	NA	NA	NA	NA	NA	NA	NA	NA	NA	NA	NA	NA	NA	NA	NA	NA	NA	NA	NA	NA	NA	NA	NA	NA	NA	NA	NA	NA	NA	NA	NA	NA	NA	NA	NA	NA	NA	NA	NA	NA	NA	NA	NA	NA	NA	NA	NA	NA	NA	NA	NA	NA	NA	NA	NA	NA
stad_tcga	TCGA-BR-4196	TCGA-BR-4196-01	NA	NA	NA	NA	NA	NA	NA	NA	NA	Esophagogastric Cancer	Stomach Adenocarcinoma	NA	NA	NA	NA	NA	NA	NA	NA	NA	NA	NA	NA	NA	NA	NA	NA	NA	NA	NA	NA	NA	NA	NA	NA	NA	NA	NA	NA	NA	NA	NA	NO	NA	NA	1.7	NA	NA	NA	NA	NA	NA	NA	NA	NA	NA	NA	NA	NA	NA	STAD	NA	NA	NA	NA	b8c1c145-64dd-421c-ab37-bad415acf7f6	NA	NA	NA	NA	NA	NA	NA	NA	NA	NA	NA	NA	NA	NA	1	NA	Primary	1	NA	0.4	NA	Matched	NA	NA	0.8	NA	NA	NA	NA	NA	NA	NA	NA	NA	0	NA	NA	NA	NA	NA	NA	NA	NA	NA	NA	NA	A	NA	NA	NA	NA	NA	NA	NA	NA	NA	NA	NA	NA	NA	NA	NA	NA	NA	NA	NA	NA	NA	NA	NA	NA	NA	NA	NA	NA	NA	NA	NA	NA	NA	NA	NA	NA	NA	NA	NA	NA	NA	NA	NA	NA	NA	NA	NA	NA	NA	NA	NA	NA	NA	NA	NA	NA	NA	NA	NA	NA	NA	NA	NA	NA	NA	NA	NA	NA
stad_tcga	TCGA-BR-4197	TCGA-BR-4197-01	NA	NA	NA	NA	NA	NA	NA	NA	NA	Esophagogastric Cancer	Stomach Adenocarcinoma	NA	NA	NA	NA	NA	NA	NA	NA	NA	NA	NA	NA	NA	NA	NA	NA	NA	NA	NA	NA	NA	NA	NA	NA	NA	NA	NA	NA	NA	NA	NA	NO	NA	NA	2.4	NA	NA	NA	NA	NA	NA	NA	NA	NA	NA	NA	NA	NA	NA	STAD	NA	NA	NA	NA	a56cc7bb-7734-4cac-ae83-5236930a9abc	NA	NA	NA	NA	NA	NA	NA	NA	NA	NA	NA	NA	NA	NA	1	NA	Primary	1	NA	0.4	NA	Matched	NA	NA	2	NA	NA	NA	NA	NA	NA	NA	NA	NA	0	NA	NA	NA	NA	NA	NA	NA	NA	NA	NA	NA	A	NA	NA	NA	NA	NA	NA	NA	NA	NA	NA	NA	NA	NA	NA	NA	NA	NA	NA	NA	NA	NA	NA	NA	NA	NA	NA	NA	NA	NA	NA	NA	NA	NA	NA	NA	NA	NA	NA	NA	NA	NA	NA	NA	NA	NA	NA	NA	NA	NA	NA	NA	NA	NA	NA	NA	NA	NA	NA	NA	NA	NA	NA	NA	NA	NA	NA	NA	NA
stad_tcga	TCGA-BR-4199	TCGA-BR-4199-01	NA	NA	NA	NA	NA	NA	NA	NA	NA	Esophagogastric Cancer	Stomach Adenocarcinoma	NA	NA	NA	NA	NA	NA	NA	NA	NA	NA	NA	NA	NA	NA	NA	NA	NA	NA	NA	NA	NA	NA	NA	NA	NA	NA	NA	NA	NA	NA	NA	NO	NA	NA	2	NA	NA	NA	NA	NA	NA	NA	NA	NA	NA	NA	NA	NA	NA	STAD	NA	NA	NA	NA	819809df-2c46-4829-b229-c1ccd7f68584	NA	TCGA-BR-4199.fdd776c8-4c30-4213-a93f-ff2434ed00fd.pdf	fdd776c8-4c30-4213-a93f-ff2434ed00fd	NA	NA	NA	NA	NA	NA	NA	NA	NA	NA	NA	1	NA	Primary	1	NA	0.4	NA	Matched	NA	NA	2	NA	NA	NA	NA	NA	NA	NA	NA	NA	0	NA	NA	NA	NA	NA	NA	NA	NA	NA	NA	NA	A	NA	NA	NA	NA	NA	NA	NA	NA	NA	NA	NA	NA	NA	NA	NA	NA	NA	NA	NA	NA	NA	NA	NA	NA	NA	NA	NA	NA	NA	NA	NA	NA	NA	NA	NA	NA	NA	NA	NA	NA	NA	NA	NA	NA	NA	NA	NA	NA	NA	NA	NA	NA	NA	NA	NA	NA	NA	NA	NA	NA	NA	NA	NA	NA	NA	NA	NA	NA
stad_tcga	TCGA-BR-4200	TCGA-BR-4200-01	NA	NA	NA	NA	NA	NA	NA	NA	NA	Esophagogastric Cancer	Stomach Adenocarcinoma	NA	NA	NA	NA	NA	NA	NA	NA	NA	NA	NA	NA	NA	NA	NA	NA	NA	NA	NA	NA	NA	NA	NA	NA	NA	NA	NA	NA	NA	NA	NA	NO	NA	NA	2.9	NA	NA	NA	NA	NA	NA	NA	NA	NA	NA	NA	NA	NA	NA	STAD	NA	NA	NA	NA	c1aab656-220b-43d2-959f-7d049bab7089	NA	TCGA-BR-4200.978d173c-32bd-419e-a374-4abee1314a57.pdf	978d173c-32bd-419e-a374-4abee1314a57	NA	NA	NA	NA	NA	NA	NA	NA	NA	NA	NA	1	NA	Primary	1	NA	0.4	NA	Matched	NA	NA	1.5	NA	NA	NA	NA	NA	NA	NA	NA	NA	0	NA	NA	NA	NA	NA	NA	NA	NA	NA	NA	NA	A	NA	NA	NA	NA	NA	NA	NA	NA	NA	NA	NA	NA	NA	NA	NA	NA	NA	NA	NA	NA	NA	NA	NA	NA	NA	NA	NA	NA	NA	NA	NA	NA	NA	NA	NA	NA	NA	NA	NA	NA	NA	NA	NA	NA	NA	NA	NA	NA	NA	NA	NA	NA	NA	NA	NA	NA	NA	NA	NA	NA	NA	NA	NA	NA	NA	NA	NA	NA
stad_tcga	TCGA-BR-4201	TCGA-BR-4201-01	66	NA	M0	NX	NA	6th	T2a	NA	NA	Esophagogastric Cancer	Stomach Adenocarcinoma	Saratov	NA	NA	NA	NA	NA	NA	0	NA	NA	NA	NA	NA	NA	NA	NOT HISPANIC OR LATINO	NA	NA	6/2/11	0.0517	G1	NA	Stomach, Adenocarcinoma, Not Otherwise Specified (NOS)	No	No	NA	C16.0	8140/3	C16.0	YES	2008	NO	NA	NA	2	NA	NA	NA	NA	NA	NA	1422	NA	NA	NA	NA	NA	NA	NA	STAD	30.88	1:DECEASED	NA	8520654b-2192-46cf-9d72-1ddb885a7c55	b42cc87b-4bb0-433d-8afb-cb314b8cba30	NA	TCGA-BR-4201.bbb85e42-0484-411a-b564-e83f18734712.pdf	bbb85e42-0484-411a-b564-e83f18734712	NA	Cardia/Proximal	NA	NO	WHITE	NA	NA	RX	YES	NA	NA	1	NA	Primary	1	Female	0.4	Stomach	Matched	NA	NA	1.6	NA	NA	NA	NA	NA	NA	NA	NA	BR	48.6333333333	NA	NA	NA	NA	NA	Russia	NA	NA	NA	NA	NA	A	NA	NA	NA	NA	NA	NA	NA	NA	NA	NA	NA	NA	NA	NA	NA	NA	NA	NA	NA	NA	NA	NA	NA	NA	NA	NA	NA	NA	NA	NA	NA	NA	NA	NA	NA	NA	NA	NA	NA	NA	NA	NA	NA	NA	NA	NA	NA	NA	NA	NA	NA	NA	NA	NA	NA	NA	NA	NA	NA	NA	NA	NA	NA	NA	NA	NA	NA	NA
stad_tcga	TCGA-BR-4205	TCGA-BR-4205-01	NA	NA	NA	NA	NA	NA	NA	NA	NA	Esophagogastric Cancer	Stomach Adenocarcinoma	NA	NA	NA	NA	NA	NA	NA	NA	NA	NA	NA	NA	NA	NA	NA	NA	NA	NA	NA	NA	NA	NA	NA	NA	NA	NA	NA	NA	NA	NA	NA	NO	NA	NA	2.2	NA	NA	NA	NA	NA	NA	NA	NA	NA	NA	NA	NA	NA	NA	STAD	NA	NA	NA	NA	019163db-6194-44f2-af2d-479f22c91bfd	NA	NA	NA	NA	NA	NA	NA	NA	NA	NA	NA	NA	NA	NA	1	NA	Primary	1	NA	0.5	NA	Matched	NA	NA	1.8	NA	NA	NA	NA	NA	NA	NA	NA	NA	0	NA	NA	NA	NA	NA	NA	NA	NA	NA	NA	NA	A	NA	NA	NA	NA	NA	NA	NA	NA	NA	NA	NA	NA	NA	NA	NA	NA	NA	NA	NA	NA	NA	NA	NA	NA	NA	NA	NA	NA	NA	NA	NA	NA	NA	NA	NA	NA	NA	NA	NA	NA	NA	NA	NA	NA	NA	NA	NA	NA	NA	NA	NA	NA	NA	NA	NA	NA	NA	NA	NA	NA	NA	NA	NA	NA	NA	NA	NA	NA
stad_tcga	TCGA-BR-4253	TCGA-BR-4253-01	80	NA	M0	N1	Stage IIIA	6th	T3	NA	NA	Esophagogastric Cancer	Stomach Adenocarcinoma	Kazan	NA	NA	NA	NA	NA	NA	0	NA	NA	NA	NA	NA	NA	NA	NOT HISPANIC OR LATINO	NA	NA	6/6/11	0.0235	G3	NA	Stomach, Adenocarcinoma, Not Otherwise Specified (NOS)	No	No	NA	C16.2	8140/3	C16.2	YES	2008	NO	NA	NA	2.2	YES	3	8	NA	NA	NA	72	NA	NA	NA	NA	NA	NA	NA	STAD	4.07	1:DECEASED	NA	411257a4-a148-4606-8c8b-f9f1240e40ed	c536b8df-6fe3-425e-82e8-36299a6ba2b9	NA	TCGA-BR-4253.4f808990-c2cf-480b-8acf-580269da7dee.pdf	4f808990-c2cf-480b-8acf-580269da7dee	NA	Fundus/Body	NA	NO	WHITE	NA	NA	RX	YES	NA	NA	1	NA	Primary	1	Female	0.5	Stomach	Matched	NA	NA	2.1	NA	NA	NA	NA	NA	NA	NA	NA	BR	2.66666666667	NO	NA	NA	NA	NA	Russia	NA	NA	NA	NA	NA	A	NA	NA	NA	NA	NA	NA	NA	NA	NA	NA	NA	NA	NA	NA	NA	NA	NA	NA	NA	NA	NA	NA	NA	NA	NA	NA	NA	NA	NA	NA	NA	NA	NA	NA	NA	NA	NA	NA	NA	NA	NA	NA	NA	NA	NA	NA	NA	NA	NA	NA	NA	NA	NA	NA	NA	NA	NA	NA	NA	NA	NA	NA	NA	NA	NA	NA	NA	NA
stad_tcga	TCGA-BR-4255	TCGA-BR-4255-01	76	NA	M0	N1	Stage IIIA	6th	T3	NA	NA	Esophagogastric Cancer	Stomach Adenocarcinoma	Kazan	NA	NA	NA	NA	NA	NA	0	NA	NA	NA	NA	NA	NA	NA	NOT HISPANIC OR LATINO	NA	NA	6/6/11	0.0988	G3	NA	Stomach, Adenocarcinoma, Not Otherwise Specified (NOS)	No	No	NA	C16.9	8140/3	C16.9	YES	2008	NO	NA	NA	2.7	YES	4	12	NA	NA	NA	50	NA	NA	NA	NA	NA	NA	NA	STAD	4.07	1:DECEASED	NA	956017ba-5e4b-42c7-b93d-42316874ba93	a64a7cb8-ba30-45a3-b1dc-2a62d6b1919f	NA	TCGA-BR-4255.e2b424a3-28d0-4cf8-a3a3-b604456362aa.pdf	e2b424a3-28d0-4cf8-a3a3-b604456362aa	NA	NA	NA	NO	WHITE	NA	NA	RX	YES	NA	NA	1	NA	Primary	1	Female	0.5	Stomach	Matched	NA	NA	1.5	NA	NA	NA	NA	NA	NA	NA	NA	BR	1.66666666667	NO	NA	NA	NA	NA	Russia	NA	NA	NA	NA	NA	A	NA	NA	NA	NA	NA	NA	NA	NA	NA	NA	NA	NA	NA	NA	NA	NA	NA	NA	NA	NA	NA	NA	NA	NA	NA	NA	NA	NA	NA	NA	NA	NA	NA	NA	NA	NA	NA	NA	NA	NA	NA	NA	NA	NA	NA	NA	NA	NA	NA	NA	NA	NA	NA	NA	NA	NA	NA	NA	NA	NA	NA	NA	NA	NA	NA	NA	NA	NA
stad_tcga	TCGA-BR-4256	TCGA-BR-4256-01	80	NA	M0	N1	NA	6th	TX	NA	NA	Esophagogastric Cancer	Stomach Adenocarcinoma	Kazan	NA	NA	NA	NA	NA	NA	0	NA	NA	NA	NA	NA	NA	NA	NOT HISPANIC OR LATINO	NA	NA	6/6/11	0.0000	G2	NA	Stomach, Adenocarcinoma, Not Otherwise Specified (NOS)	No	No	NA	C16.3	8140/3	C16.3	YES	2008	NO	NA	NA	2.5	YES	3	8	NA	NA	NA	984	NA	NA	NA	NA	NA	NA	NA	STAD	9.33	1:DECEASED	NA	7b0d69ca-13a6-46e0-839c-e433bbede3ad	61c7aab0-51d9-4706-a37c-d5058007daf1	NA	TCGA-BR-4256.439f5d46-bf7a-4194-8668-d71a25250665.pdf	439f5d46-bf7a-4194-8668-d71a25250665	NA	Antrum/Distal	NA	NO	WHITE	NA	NA	RX	YES	NA	NA	1	NA	Primary	1	Male	0.5	Stomach	Matched	NA	NA	1.1	NA	NA	NA	NA	NA	NA	NA	NA	BR	33.9666666667	NO	NA	NA	NA	NA	Russia	NA	NA	NA	NA	NA	A	NA	NA	NA	NA	NA	NA	NA	NA	NA	NA	NA	NA	NA	NA	NA	NA	NA	NA	NA	NA	NA	NA	NA	NA	NA	NA	NA	NA	NA	NA	NA	NA	NA	NA	NA	NA	NA	NA	NA	NA	NA	NA	NA	NA	NA	NA	NA	NA	NA	NA	NA	NA	NA	NA	NA	NA	NA	NA	NA	NA	NA	NA	NA	NA	NA	NA	NA	NA
stad_tcga	TCGA-BR-4257	TCGA-BR-4257-01	79	NA	M0	NX	NA	6th	TX	NA	NA	Esophagogastric Cancer	Stomach Adenocarcinoma	Kazan	NA	NA	NA	NA	NA	NA	0	NA	NA	NA	NA	NA	NA	NA	NOT HISPANIC OR LATINO	NA	NA	6/6/11	0.4109	G2	NA	Stomach, Adenocarcinoma, Not Otherwise Specified (NOS)	No	No	NA	C16.3	8140/3	C16.3	YES	2008	NO	NA	NA	2	NA	NA	NA	NA	NA	NA	999	NA	NA	NA	NA	NA	NA	NA	STAD	9.66	1:DECEASED	NA	da112431-5579-4fd1-a230-9144b359b0e9	97b44b05-97eb-486c-94db-42838831de0b	NA	TCGA-BR-4257.83e189df-3e69-41e9-886e-e22bb6bd6e50.pdf	83e189df-3e69-41e9-886e-e22bb6bd6e50	NA	Antrum/Distal	NA	NO	WHITE	NA	NA	RX	YES	NA	NA	1	NA	Primary	1	Female	0.5	Stomach	Matched	NA	NA	1.5	NA	NA	NA	NA	NA	NA	NA	NA	BR	34.5333333333	NO	NA	NA	NA	NA	Russia	NA	NA	NA	NA	NA	A	NA	NA	NA	NA	NA	NA	NA	NA	NA	NA	NA	NA	NA	NA	NA	NA	NA	NA	NA	NA	NA	NA	NA	NA	NA	NA	NA	NA	NA	NA	NA	NA	NA	NA	NA	NA	NA	NA	NA	NA	NA	NA	NA	NA	NA	NA	NA	NA	NA	NA	NA	NA	NA	NA	NA	NA	NA	NA	NA	NA	NA	NA	NA	NA	NA	NA	NA	NA
stad_tcga	TCGA-BR-4259	TCGA-BR-4259-01	NA	NA	NA	NA	NA	NA	NA	NA	NA	Esophagogastric Cancer	Stomach Adenocarcinoma	NA	NA	NA	NA	NA	NA	NA	NA	NA	NA	NA	NA	NA	NA	NA	NA	NA	NA	NA	NA	NA	NA	NA	NA	NA	NA	NA	NA	NA	NA	NA	NO	NA	NA	2	NA	NA	NA	NA	NA	NA	NA	NA	NA	NA	NA	NA	NA	NA	STAD	NA	NA	NA	NA	aacb2d99-bec6-470b-8b87-b34d181c26b3	NA	TCGA-BR-4259.f0987673-5f87-493e-a448-262753e86ffe.pdf	f0987673-5f87-493e-a448-262753e86ffe	NA	NA	NA	NA	NA	NA	NA	NA	NA	NA	NA	1	NA	Primary	1	NA	0.5	NA	Matched	NA	NA	1.5	NA	NA	NA	NA	NA	NA	NA	NA	NA	0	NA	NA	NA	NA	NA	NA	NA	NA	NA	NA	NA	A	NA	NA	NA	NA	NA	NA	NA	NA	NA	NA	NA	NA	NA	NA	NA	NA	NA	NA	NA	NA	NA	NA	NA	NA	NA	NA	NA	NA	NA	NA	NA	NA	NA	NA	NA	NA	NA	NA	NA	NA	NA	NA	NA	NA	NA	NA	NA	NA	NA	NA	NA	NA	NA	NA	NA	NA	NA	NA	NA	NA	NA	NA	NA	NA	NA	NA	NA	NA
stad_tcga	TCGA-BR-4260	TCGA-BR-4260-01	NA	NA	NA	NA	NA	NA	NA	NA	NA	Esophagogastric Cancer	Stomach Adenocarcinoma	NA	NA	NA	NA	NA	NA	NA	NA	NA	NA	NA	NA	NA	NA	NA	NA	NA	NA	NA	NA	NA	NA	NA	NA	NA	NA	NA	NA	NA	NA	NA	NO	NA	NA	2.7	NA	NA	NA	NA	NA	NA	NA	NA	NA	NA	NA	NA	NA	NA	STAD	NA	NA	NA	NA	4bff6d3b-44ff-49e3-981a-3787d93f971b	NA	NA	NA	NA	NA	NA	NA	NA	NA	NA	NA	NA	NA	NA	1	NA	Primary	1	NA	0.5	NA	Matched	NA	NA	1	NA	NA	NA	NA	NA	NA	NA	NA	NA	0	NA	NA	NA	NA	NA	NA	NA	NA	NA	NA	NA	A	NA	NA	NA	NA	NA	NA	NA	NA	NA	NA	NA	NA	NA	NA	NA	NA	NA	NA	NA	NA	NA	NA	NA	NA	NA	NA	NA	NA	NA	NA	NA	NA	NA	NA	NA	NA	NA	NA	NA	NA	NA	NA	NA	NA	NA	NA	NA	NA	NA	NA	NA	NA	NA	NA	NA	NA	NA	NA	NA	NA	NA	NA	NA	NA	NA	NA	NA	NA
stad_tcga	TCGA-BR-4261	TCGA-BR-4261-01	NA	NA	NA	NA	NA	NA	NA	NA	NA	Esophagogastric Cancer	Stomach Adenocarcinoma	NA	NA	NA	NA	NA	NA	NA	NA	NA	NA	NA	NA	NA	NA	NA	NA	NA	NA	NA	NA	NA	NA	NA	NA	NA	NA	NA	NA	NA	NA	NA	NO	NA	NA	1.7	NA	NA	NA	NA	NA	NA	NA	NA	NA	NA	NA	NA	NA	NA	STAD	NA	NA	NA	NA	179be951-df9c-47bf-b061-c1e542366d71	NA	TCGA-BR-4261.fbe82aea-eabc-4c66-86c7-4305b9f11625.pdf	fbe82aea-eabc-4c66-86c7-4305b9f11625	NA	NA	NA	NA	NA	NA	NA	NA	NA	NA	NA	1	NA	Primary	1	NA	0.4	NA	Matched	NA	NA	1.5	NA	NA	NA	NA	NA	NA	NA	NA	NA	0	NA	NA	NA	NA	NA	NA	NA	NA	NA	NA	NA	A	NA	NA	NA	NA	NA	NA	NA	NA	NA	NA	NA	NA	NA	NA	NA	NA	NA	NA	NA	NA	NA	NA	NA	NA	NA	NA	NA	NA	NA	NA	NA	NA	NA	NA	NA	NA	NA	NA	NA	NA	NA	NA	NA	NA	NA	NA	NA	NA	NA	NA	NA	NA	NA	NA	NA	NA	NA	NA	NA	NA	NA	NA	NA	NA	NA	NA	NA	NA
stad_tcga	TCGA-BR-4263	TCGA-BR-4263-01	NA	NA	NA	NA	NA	NA	NA	NA	NA	Esophagogastric Cancer	Stomach Adenocarcinoma	NA	NA	NA	NA	NA	NA	NA	NA	NA	NA	NA	NA	NA	NA	NA	NA	NA	NA	NA	NA	NA	NA	NA	NA	NA	NA	NA	NA	NA	NA	NA	NO	NA	NA	2.5	NA	NA	NA	NA	NA	NA	NA	NA	NA	NA	NA	NA	NA	NA	STAD	NA	NA	NA	NA	32472a85-0951-43de-b79f-ed4b5974c167	NA	NA	NA	NA	NA	NA	NA	NA	NA	NA	NA	NA	NA	NA	1	NA	Primary	1	NA	0.4	NA	Matched	NA	NA	1.3	NA	NA	NA	NA	NA	NA	NA	NA	NA	0	NA	NA	NA	NA	NA	NA	NA	NA	NA	NA	NA	A	NA	NA	NA	NA	NA	NA	NA	NA	NA	NA	NA	NA	NA	NA	NA	NA	NA	NA	NA	NA	NA	NA	NA	NA	NA	NA	NA	NA	NA	NA	NA	NA	NA	NA	NA	NA	NA	NA	NA	NA	NA	NA	NA	NA	NA	NA	NA	NA	NA	NA	NA	NA	NA	NA	NA	NA	NA	NA	NA	NA	NA	NA	NA	NA	NA	NA	NA	NA
stad_tcga	TCGA-BR-4264	TCGA-BR-4264-01	NA	NA	NA	NA	NA	NA	NA	NA	NA	Esophagogastric Cancer	Stomach Adenocarcinoma	NA	NA	NA	NA	NA	NA	NA	NA	NA	NA	NA	NA	NA	NA	NA	NA	NA	NA	NA	NA	NA	NA	NA	NA	NA	NA	NA	NA	NA	NA	NA	NO	NA	NA	2.8	NA	NA	NA	NA	NA	NA	NA	NA	NA	NA	NA	NA	NA	NA	STAD	NA	NA	NA	NA	0f396792-bf4c-48fd-8c0c-f9fe0f5975d0	NA	NA	NA	NA	NA	NA	NA	NA	NA	NA	NA	NA	NA	NA	1	NA	Primary	1	NA	0.5	NA	Matched	NA	NA	1.3	NA	NA	NA	NA	NA	NA	NA	NA	NA	0	NA	NA	NA	NA	NA	NA	NA	NA	NA	NA	NA	A	NA	NA	NA	NA	NA	NA	NA	NA	NA	NA	NA	NA	NA	NA	NA	NA	NA	NA	NA	NA	NA	NA	NA	NA	NA	NA	NA	NA	NA	NA	NA	NA	NA	NA	NA	NA	NA	NA	NA	NA	NA	NA	NA	NA	NA	NA	NA	NA	NA	NA	NA	NA	NA	NA	NA	NA	NA	NA	NA	NA	NA	NA	NA	NA	NA	NA	NA	NA
stad_tcga	TCGA-BR-4265	TCGA-BR-4265-01	NA	NA	NA	NA	NA	NA	NA	NA	NA	Esophagogastric Cancer	Stomach Adenocarcinoma	NA	NA	NA	NA	NA	NA	NA	NA	NA	NA	NA	NA	NA	NA	NA	NA	NA	NA	NA	NA	NA	NA	NA	NA	NA	NA	NA	NA	NA	NA	NA	NO	NA	NA	1.8	NA	NA	NA	NA	NA	NA	NA	NA	NA	NA	NA	NA	NA	NA	STAD	NA	NA	NA	NA	a2246985-2c29-4a04-a5c5-6312c86b0c04	NA	TCGA-BR-4265.6ce2d17d-8bc5-4969-af1b-c6b4a8fe7e09.pdf	6ce2d17d-8bc5-4969-af1b-c6b4a8fe7e09	NA	NA	NA	NA	NA	NA	NA	NA	NA	NA	NA	1	NA	Primary	1	NA	0.4	NA	Matched	NA	NA	1.4	NA	NA	NA	NA	NA	NA	NA	NA	NA	0	NA	NA	NA	NA	NA	NA	NA	NA	NA	NA	NA	A	NA	NA	NA	NA	NA	NA	NA	NA	NA	NA	NA	NA	NA	NA	NA	NA	NA	NA	NA	NA	NA	NA	NA	NA	NA	NA	NA	NA	NA	NA	NA	NA	NA	NA	NA	NA	NA	NA	NA	NA	NA	NA	NA	NA	NA	NA	NA	NA	NA	NA	NA	NA	NA	NA	NA	NA	NA	NA	NA	NA	NA	NA	NA	NA	NA	NA	NA	NA
stad_tcga	TCGA-BR-4266	TCGA-BR-4266-01	NA	NA	NA	NA	NA	NA	NA	NA	NA	Esophagogastric Cancer	Stomach Adenocarcinoma	NA	NA	NA	NA	NA	NA	NA	NA	NA	NA	NA	NA	NA	NA	NA	NA	NA	NA	NA	NA	NA	NA	NA	NA	NA	NA	NA	NA	NA	NA	NA	NO	NA	NA	2.3	NA	NA	NA	NA	NA	NA	NA	NA	NA	NA	NA	NA	NA	NA	STAD	NA	NA	NA	NA	48f2a816-22c3-4251-88f1-632c15ffa98e	NA	NA	NA	NA	NA	NA	NA	NA	NA	NA	NA	NA	NA	NA	1	NA	Primary	1	NA	0.4	NA	Matched	NA	NA	1	NA	NA	NA	NA	NA	NA	NA	NA	NA	0	NA	NA	NA	NA	NA	NA	NA	NA	NA	NA	NA	A	NA	NA	NA	NA	NA	NA	NA	NA	NA	NA	NA	NA	NA	NA	NA	NA	NA	NA	NA	NA	NA	NA	NA	NA	NA	NA	NA	NA	NA	NA	NA	NA	NA	NA	NA	NA	NA	NA	NA	NA	NA	NA	NA	NA	NA	NA	NA	NA	NA	NA	NA	NA	NA	NA	NA	NA	NA	NA	NA	NA	NA	NA	NA	NA	NA	NA	NA	NA
stad_tcga	TCGA-BR-4267	TCGA-BR-4267-01	51	NA	M0	N0	Stage IB	6th	T2a	NA	NA	Esophagogastric Cancer	Stomach Adenocarcinoma	Ryazan	NA	NA	NA	NA	NA	NA	0	NA	NA	NA	NA	NA	NA	NA	NOT HISPANIC OR LATINO	NA	NA	5/26/11	0.3089	G2	NA	Stomach, Adenocarcinoma, Not Otherwise Specified (NOS)	No	No	NA	C16.2	8140/3	C16.2	YES	2008	NO	NA	NA	2.2	YES	0	6	NA	NA	NA	80	NA	NA	NA	NA	NA	NA	NA	STAD	6.18	1:DECEASED	NA	0d0f0200-25b8-483b-b04a-82a7833b4d30	32d28ed3-2e33-4d83-8de6-82e156b33211	NA	TCGA-BR-4267.20266c95-c38b-4289-b3df-1babeadc48bc.pdf	20266c95-c38b-4289-b3df-1babeadc48bc	NA	NA	NA	NO	WHITE	NA	NA	RX	YES	NA	NA	1	NA	Primary	1	Male	0.5	Stomach	Matched	NA	NA	2	NA	NA	NA	NA	NA	NA	NA	NA	BR	2.8	NO	NA	NA	NA	NA	Russia	NA	NA	NA	NA	NA	A	NA	NA	NA	NA	NA	NA	NA	NA	NA	NA	NA	NA	NA	NA	NA	NA	NA	NA	NA	NA	NA	NA	NA	NA	NA	NA	NA	NA	NA	NA	NA	NA	NA	NA	NA	NA	NA	NA	NA	NA	NA	NA	NA	NA	NA	NA	NA	NA	NA	NA	NA	NA	NA	NA	NA	NA	NA	NA	NA	NA	NA	NA	NA	NA	NA	NA	NA	NA
stad_tcga	TCGA-BR-4270	TCGA-BR-4270-01	NA	NA	NA	NA	NA	NA	NA	NA	NA	Esophagogastric Cancer	Stomach Adenocarcinoma	NA	NA	NA	NA	NA	NA	NA	NA	NA	NA	NA	NA	NA	NA	NA	NA	NA	NA	NA	NA	NA	NA	NA	NA	NA	NA	NA	NA	NA	NA	NA	NO	NA	NA	2.3	NA	NA	NA	NA	NA	NA	NA	NA	NA	NA	NA	NA	NA	NA	STAD	NA	NA	NA	NA	895bb4e0-e314-4f33-85d2-6ba3e456ad47	NA	NA	NA	NA	NA	NA	NA	NA	NA	NA	NA	NA	NA	NA	1	NA	Primary	1	NA	0.4	NA	Matched	NA	NA	1.1	NA	NA	NA	NA	NA	NA	NA	NA	NA	0	NA	NA	NA	NA	NA	NA	NA	NA	NA	NA	NA	A	NA	NA	NA	NA	NA	NA	NA	NA	NA	NA	NA	NA	NA	NA	NA	NA	NA	NA	NA	NA	NA	NA	NA	NA	NA	NA	NA	NA	NA	NA	NA	NA	NA	NA	NA	NA	NA	NA	NA	NA	NA	NA	NA	NA	NA	NA	NA	NA	NA	NA	NA	NA	NA	NA	NA	NA	NA	NA	NA	NA	NA	NA	NA	NA	NA	NA	NA	NA
stad_tcga	TCGA-BR-4271	TCGA-BR-4271-01	NA	NA	NA	NA	NA	NA	NA	NA	NA	Esophagogastric Cancer	Stomach Adenocarcinoma	NA	NA	NA	NA	NA	NA	NA	NA	NA	NA	NA	NA	NA	NA	NA	NA	NA	NA	NA	NA	NA	NA	NA	NA	NA	NA	NA	NA	NA	NA	NA	NO	NA	NA	1.7	NA	NA	NA	NA	NA	NA	NA	NA	NA	NA	NA	NA	NA	NA	STAD	NA	NA	NA	NA	538f862b-da79-4913-a76d-6c18206efd70	NA	NA	NA	NA	NA	NA	NA	NA	NA	NA	NA	NA	NA	NA	1	NA	Primary	1	NA	0.5	NA	Matched	NA	NA	1.5	NA	NA	NA	NA	NA	NA	NA	NA	NA	0	NA	NA	NA	NA	NA	NA	NA	NA	NA	NA	NA	A	NA	NA	NA	NA	NA	NA	NA	NA	NA	NA	NA	NA	NA	NA	NA	NA	NA	NA	NA	NA	NA	NA	NA	NA	NA	NA	NA	NA	NA	NA	NA	NA	NA	NA	NA	NA	NA	NA	NA	NA	NA	NA	NA	NA	NA	NA	NA	NA	NA	NA	NA	NA	NA	NA	NA	NA	NA	NA	NA	NA	NA	NA	NA	NA	NA	NA	NA	NA
stad_tcga	TCGA-BR-4272	TCGA-BR-4272-01	NA	NA	NA	NA	NA	NA	NA	NA	NA	Esophagogastric Cancer	Stomach Adenocarcinoma	NA	NA	NA	NA	NA	NA	NA	NA	NA	NA	NA	NA	NA	NA	NA	NA	NA	NA	NA	NA	NA	NA	NA	NA	NA	NA	NA	NA	NA	NA	NA	NO	NA	NA	1.8	NA	NA	NA	NA	NA	NA	NA	NA	NA	NA	NA	NA	NA	NA	STAD	NA	NA	NA	NA	a559d5a2-6f7e-48c8-be5c-a8d65074153c	NA	NA	NA	NA	NA	NA	NA	NA	NA	NA	NA	NA	NA	NA	1	NA	Primary	1	NA	0.4	NA	Matched	NA	NA	1.4	NA	NA	NA	NA	NA	NA	NA	NA	NA	0	NA	NA	NA	NA	NA	NA	NA	NA	NA	NA	NA	A	NA	NA	NA	NA	NA	NA	NA	NA	NA	NA	NA	NA	NA	NA	NA	NA	NA	NA	NA	NA	NA	NA	NA	NA	NA	NA	NA	NA	NA	NA	NA	NA	NA	NA	NA	NA	NA	NA	NA	NA	NA	NA	NA	NA	NA	NA	NA	NA	NA	NA	NA	NA	NA	NA	NA	NA	NA	NA	NA	NA	NA	NA	NA	NA	NA	NA	NA	NA
stad_tcga	TCGA-BR-4273	TCGA-BR-4273-01	NA	NA	NA	NA	NA	NA	NA	NA	NA	Esophagogastric Cancer	Stomach Adenocarcinoma	NA	NA	NA	NA	NA	NA	NA	NA	NA	NA	NA	NA	NA	NA	NA	NA	NA	NA	NA	NA	NA	NA	NA	NA	NA	NA	NA	NA	NA	NA	NA	NO	NA	NA	2.1	NA	NA	NA	NA	NA	NA	NA	NA	NA	NA	NA	NA	NA	NA	STAD	NA	NA	NA	NA	96e344ca-f7d7-41ca-815e-158081485623	NA	NA	NA	NA	NA	NA	NA	NA	NA	NA	NA	NA	NA	NA	1	NA	Primary	1	NA	0.5	NA	Matched	NA	NA	0.9	NA	NA	NA	NA	NA	NA	NA	NA	NA	0	NA	NA	NA	NA	NA	NA	NA	NA	NA	NA	NA	A	NA	NA	NA	NA	NA	NA	NA	NA	NA	NA	NA	NA	NA	NA	NA	NA	NA	NA	NA	NA	NA	NA	NA	NA	NA	NA	NA	NA	NA	NA	NA	NA	NA	NA	NA	NA	NA	NA	NA	NA	NA	NA	NA	NA	NA	NA	NA	NA	NA	NA	NA	NA	NA	NA	NA	NA	NA	NA	NA	NA	NA	NA	NA	NA	NA	NA	NA	NA
stad_tcga	TCGA-BR-4274	TCGA-BR-4274-01	NA	NA	NA	NA	NA	NA	NA	NA	NA	Esophagogastric Cancer	Stomach Adenocarcinoma	NA	NA	NA	NA	NA	NA	NA	NA	NA	NA	NA	NA	NA	NA	NA	NA	NA	NA	NA	NA	NA	NA	NA	NA	NA	NA	NA	NA	NA	NA	NA	NO	NA	NA	2.4	NA	NA	NA	NA	NA	NA	NA	NA	NA	NA	NA	NA	NA	NA	STAD	NA	NA	NA	NA	ca06b8e4-6520-4ae6-b9da-9ad980fe28ec	NA	NA	NA	NA	NA	NA	NA	NA	NA	NA	NA	NA	NA	NA	1	NA	Primary	1	NA	0.5	NA	Matched	NA	NA	1.2	NA	NA	NA	NA	NA	NA	NA	NA	NA	0	NA	NA	NA	NA	NA	NA	NA	NA	NA	NA	NA	A	NA	NA	NA	NA	NA	NA	NA	NA	NA	NA	NA	NA	NA	NA	NA	NA	NA	NA	NA	NA	NA	NA	NA	NA	NA	NA	NA	NA	NA	NA	NA	NA	NA	NA	NA	NA	NA	NA	NA	NA	NA	NA	NA	NA	NA	NA	NA	NA	NA	NA	NA	NA	NA	NA	NA	NA	NA	NA	NA	NA	NA	NA	NA	NA	NA	NA	NA	NA
stad_tcga	TCGA-BR-4276	TCGA-BR-4276-01	NA	NA	NA	NA	NA	NA	NA	NA	NA	Esophagogastric Cancer	Stomach Adenocarcinoma	NA	NA	NA	NA	NA	NA	NA	NA	NA	NA	NA	NA	NA	NA	NA	NA	NA	NA	NA	NA	NA	NA	NA	NA	NA	NA	NA	NA	NA	NA	NA	NO	NA	NA	1.7	NA	NA	NA	NA	NA	NA	NA	NA	NA	NA	NA	NA	NA	NA	STAD	NA	NA	NA	NA	74fdb735-df47-4e12-b223-b0ba910c287d	NA	NA	NA	NA	NA	NA	NA	NA	NA	NA	NA	NA	NA	NA	1	NA	Primary	1	NA	0.3	NA	Matched	NA	NA	1.7	NA	NA	NA	NA	NA	NA	NA	NA	NA	0	NA	NA	NA	NA	NA	NA	NA	NA	NA	NA	NA	A	NA	NA	NA	NA	NA	NA	NA	NA	NA	NA	NA	NA	NA	NA	NA	NA	NA	NA	NA	NA	NA	NA	NA	NA	NA	NA	NA	NA	NA	NA	NA	NA	NA	NA	NA	NA	NA	NA	NA	NA	NA	NA	NA	NA	NA	NA	NA	NA	NA	NA	NA	NA	NA	NA	NA	NA	NA	NA	NA	NA	NA	NA	NA	NA	NA	NA	NA	NA
stad_tcga	TCGA-BR-4277	TCGA-BR-4277-01	NA	NA	NA	NA	NA	NA	NA	NA	NA	Esophagogastric Cancer	Stomach Adenocarcinoma	NA	NA	NA	NA	NA	NA	NA	NA	NA	NA	NA	NA	NA	NA	NA	NA	NA	NA	NA	NA	NA	NA	NA	NA	NA	NA	NA	NA	NA	NA	NA	NO	NA	NA	1.5	NA	NA	NA	NA	NA	NA	NA	NA	NA	NA	NA	NA	NA	NA	STAD	NA	NA	NA	NA	9f6d6918-5250-4cf8-92bf-6fc793c9af9a	NA	TCGA-BR-4277.9a01e7ab-9374-42a3-8d2d-498d177b32a9.pdf	9a01e7ab-9374-42a3-8d2d-498d177b32a9	NA	NA	NA	NA	NA	NA	NA	NA	NA	NA	NA	1	NA	Primary	1	NA	0.5	NA	Matched	NA	NA	1.1	NA	NA	NA	NA	NA	NA	NA	NA	NA	0	NA	NA	NA	NA	NA	NA	NA	NA	NA	NA	NA	A	NA	NA	NA	NA	NA	NA	NA	NA	NA	NA	NA	NA	NA	NA	NA	NA	NA	NA	NA	NA	NA	NA	NA	NA	NA	NA	NA	NA	NA	NA	NA	NA	NA	NA	NA	NA	NA	NA	NA	NA	NA	NA	NA	NA	NA	NA	NA	NA	NA	NA	NA	NA	NA	NA	NA	NA	NA	NA	NA	NA	NA	NA	NA	NA	NA	NA	NA	NA
stad_tcga	TCGA-BR-4278	TCGA-BR-4278-01	NA	NA	NA	NA	NA	NA	NA	NA	NA	Esophagogastric Cancer	Stomach Adenocarcinoma	NA	NA	NA	NA	NA	NA	NA	NA	NA	NA	NA	NA	NA	NA	NA	NA	NA	NA	NA	NA	NA	NA	NA	NA	NA	NA	NA	NA	NA	NA	NA	NO	NA	NA	2.5	NA	NA	NA	NA	NA	NA	NA	NA	NA	NA	NA	NA	NA	NA	STAD	NA	NA	NA	NA	24d19813-59d7-41b7-8e17-cf37f6367cb0	NA	TCGA-BR-4278.ebd80131-5847-4eed-a666-fae33942a9c0.pdf	ebd80131-5847-4eed-a666-fae33942a9c0	NA	NA	NA	NA	NA	NA	NA	NA	NA	NA	NA	1	NA	Primary	1	NA	0.5	NA	Matched	NA	NA	1.6	NA	NA	NA	NA	NA	NA	NA	NA	NA	0	NA	NA	NA	NA	NA	NA	NA	NA	NA	NA	NA	A	NA	NA	NA	NA	NA	NA	NA	NA	NA	NA	NA	NA	NA	NA	NA	NA	NA	NA	NA	NA	NA	NA	NA	NA	NA	NA	NA	NA	NA	NA	NA	NA	NA	NA	NA	NA	NA	NA	NA	NA	NA	NA	NA	NA	NA	NA	NA	NA	NA	NA	NA	NA	NA	NA	NA	NA	NA	NA	NA	NA	NA	NA	NA	NA	NA	NA	NA	NA
stad_tcga	TCGA-BR-4279	TCGA-BR-4279-01	43	NA	M0	N1	Stage II	6th	T2a	NA	NA	Esophagogastric Cancer	Stomach Adenocarcinoma	Ryazan	NA	NA	NA	NA	NA	NA	0	NA	NA	NA	NA	NA	NA	NA	NOT HISPANIC OR LATINO	NA	NA	6/13/11	0.1568	G3	NA	Stomach, Adenocarcinoma, Not Otherwise Specified (NOS)	No	No	NA	C16.9	8140/3	C16.9	YES	2009	NO	NA	NA	2.6	YES	3	6	NA	NA	NA	40	NA	NA	NA	NA	NA	NA	NA	STAD	9.56	1:DECEASED	NA	117eb38b-0c62-4336-a866-fa5bd013256a	84ad647d-76b8-4eda-8603-40220089be34	NA	TCGA-BR-4279.f6a3f144-ba0b-4195-9b3b-68db9086c475.pdf	f6a3f144-ba0b-4195-9b3b-68db9086c475	NA	NA	NA	NO	WHITE	NA	NA	RX	YES	NA	NA	1	NA	Primary	1	Male	0.5	Stomach	Matched	NA	NA	1.9	NA	NA	NA	NA	NA	NA	NA	NA	BR	1.4	NO	NA	NA	NA	NA	Russia	NA	NA	NA	NA	NA	A	NA	NA	NA	NA	NA	NA	NA	NA	NA	NA	NA	NA	NA	NA	NA	NA	NA	NA	NA	NA	NA	NA	NA	NA	NA	NA	NA	NA	NA	NA	NA	NA	NA	NA	NA	NA	NA	NA	NA	NA	NA	NA	NA	NA	NA	NA	NA	NA	NA	NA	NA	NA	NA	NA	NA	NA	NA	NA	NA	NA	NA	NA	NA	NA	NA	NA	NA	NA
stad_tcga	TCGA-BR-4280	TCGA-BR-4280-01	78	NA	M0	N1	Stage III	6th	T2b	NA	NA	Esophagogastric Cancer	Stomach Adenocarcinoma	Ryazan	NA	NA	NA	NA	NA	NA	0	NA	NA	NA	NA	NA	NA	NA	NOT HISPANIC OR LATINO	NA	NA	6/13/11	0.0585	G2	NA	Stomach, Adenocarcinoma, Not Otherwise Specified (NOS)	No	No	NA	C16.9	8140/3	C16.9	YES	2009	NO	NA	NA	2.8	YES	1	6	NA	NA	NA	695	NA	NA	NA	NA	NA	NA	NA	STAD	6.6	1:DECEASED	NA	e0916597-e489-45ef-a8f7-653a3c6591ef	797d2d3a-f01c-4985-b27c-4e4c2838d34d	NA	TCGA-BR-4280.d947cf63-e879-455e-be15-a29826345dae.pdf	d947cf63-e879-455e-be15-a29826345dae	NA	NA	NA	NO	WHITE	NA	NA	RX	YES	NA	NA	1	NA	Primary	1	Female	0.6	Stomach	Matched	NA	NA	1.6	NA	NA	NA	NA	NA	NA	NA	NA	BR	23.8	NO	NA	NA	NA	NA	Russia	NA	NA	NA	NA	NA	A	NA	NA	NA	NA	NA	NA	NA	NA	NA	NA	NA	NA	NA	NA	NA	NA	NA	NA	NA	NA	NA	NA	NA	NA	NA	NA	NA	NA	NA	NA	NA	NA	NA	NA	NA	NA	NA	NA	NA	NA	NA	NA	NA	NA	NA	NA	NA	NA	NA	NA	NA	NA	NA	NA	NA	NA	NA	NA	NA	NA	NA	NA	NA	NA	NA	NA	NA	NA
stad_tcga	TCGA-BR-4281	TCGA-BR-4281-01	NA	NA	NA	NA	NA	NA	NA	NA	NA	Esophagogastric Cancer	Stomach Adenocarcinoma	NA	NA	NA	NA	NA	NA	NA	NA	NA	NA	NA	NA	NA	NA	NA	NA	NA	NA	NA	NA	NA	NA	NA	NA	NA	NA	NA	NA	NA	NA	NA	NO	NA	NA	1.8	NA	NA	NA	NA	NA	NA	NA	NA	NA	NA	NA	NA	NA	NA	STAD	NA	NA	NA	NA	f8c22fdf-c785-4a88-8c0f-6db02edcee76	NA	TCGA-BR-4281.bc1e6774-d0a4-4f37-b43e-e8d9b4a8b33f.pdf	bc1e6774-d0a4-4f37-b43e-e8d9b4a8b33f	NA	NA	NA	NA	NA	NA	NA	NA	NA	NA	NA	1	NA	Primary	1	NA	0.5	NA	Matched	NA	NA	1.5	NA	NA	NA	NA	NA	NA	NA	NA	NA	0	NA	NA	NA	NA	NA	NA	NA	NA	NA	NA	NA	A	NA	NA	NA	NA	NA	NA	NA	NA	NA	NA	NA	NA	NA	NA	NA	NA	NA	NA	NA	NA	NA	NA	NA	NA	NA	NA	NA	NA	NA	NA	NA	NA	NA	NA	NA	NA	NA	NA	NA	NA	NA	NA	NA	NA	NA	NA	NA	NA	NA	NA	NA	NA	NA	NA	NA	NA	NA	NA	NA	NA	NA	NA	NA	NA	NA	NA	NA	NA
stad_tcga	TCGA-BR-4282	TCGA-BR-4282-01	NA	NA	NA	NA	NA	NA	NA	NA	NA	Esophagogastric Cancer	Stomach Adenocarcinoma	NA	NA	NA	NA	NA	NA	NA	NA	NA	NA	NA	NA	NA	NA	NA	NA	NA	NA	NA	NA	NA	NA	NA	NA	NA	NA	NA	NA	NA	NA	NA	NO	NA	NA	2.1	NA	NA	NA	NA	NA	NA	NA	NA	NA	NA	NA	NA	NA	NA	STAD	NA	NA	NA	NA	a4b44282-7a86-413c-b0e8-190645411dd4	NA	NA	NA	NA	NA	NA	NA	NA	NA	NA	NA	NA	NA	NA	1	NA	Primary	1	NA	0.4	NA	Matched	NA	NA	1.2	NA	NA	NA	NA	NA	NA	NA	NA	NA	0	NA	NA	NA	NA	NA	NA	NA	NA	NA	NA	NA	A	NA	NA	NA	NA	NA	NA	NA	NA	NA	NA	NA	NA	NA	NA	NA	NA	NA	NA	NA	NA	NA	NA	NA	NA	NA	NA	NA	NA	NA	NA	NA	NA	NA	NA	NA	NA	NA	NA	NA	NA	NA	NA	NA	NA	NA	NA	NA	NA	NA	NA	NA	NA	NA	NA	NA	NA	NA	NA	NA	NA	NA	NA	NA	NA	NA	NA	NA	NA
stad_tcga	TCGA-BR-4283	TCGA-BR-4283-01	NA	NA	NA	NA	NA	NA	NA	NA	NA	Esophagogastric Cancer	Stomach Adenocarcinoma	NA	NA	NA	NA	NA	NA	NA	NA	NA	NA	NA	NA	NA	NA	NA	NA	NA	NA	NA	NA	NA	NA	NA	NA	NA	NA	NA	NA	NA	NA	NA	NO	NA	NA	2.8	NA	NA	NA	NA	NA	NA	NA	NA	NA	NA	NA	NA	NA	NA	STAD	NA	NA	NA	NA	983601e7-a4c6-4186-a8b2-07f8fd2eab6b	NA	TCGA-BR-4283.fee31292-b4ac-4140-a90d-7b768e421998.pdf	fee31292-b4ac-4140-a90d-7b768e421998	NA	NA	NA	NA	NA	NA	NA	NA	NA	NA	NA	1	NA	Primary	1	NA	0.4	NA	Matched	NA	NA	1.5	NA	NA	NA	NA	NA	NA	NA	NA	NA	0	NA	NA	NA	NA	NA	NA	NA	NA	NA	NA	NA	A	NA	NA	NA	NA	NA	NA	NA	NA	NA	NA	NA	NA	NA	NA	NA	NA	NA	NA	NA	NA	NA	NA	NA	NA	NA	NA	NA	NA	NA	NA	NA	NA	NA	NA	NA	NA	NA	NA	NA	NA	NA	NA	NA	NA	NA	NA	NA	NA	NA	NA	NA	NA	NA	NA	NA	NA	NA	NA	NA	NA	NA	NA	NA	NA	NA	NA	NA	NA
stad_tcga	TCGA-BR-4284	TCGA-BR-4284-01	NA	NA	NA	NA	NA	NA	NA	NA	NA	Esophagogastric Cancer	Stomach Adenocarcinoma	NA	NA	NA	NA	NA	NA	NA	NA	NA	NA	NA	NA	NA	NA	NA	NA	NA	NA	NA	NA	NA	NA	NA	NA	NA	NA	NA	NA	NA	NA	NA	NO	NA	NA	1.7	NA	NA	NA	NA	NA	NA	NA	NA	NA	NA	NA	NA	NA	NA	STAD	NA	NA	NA	NA	3046b0c0-ae8b-4ff2-9ef2-056eb55ca16e	NA	TCGA-BR-4284.10efc12a-4661-4219-8a35-63b86ce3031a.pdf	10efc12a-4661-4219-8a35-63b86ce3031a	NA	NA	NA	NA	NA	NA	NA	NA	NA	NA	NA	1	NA	Primary	1	NA	0.5	NA	Matched	NA	NA	1.5	NA	NA	NA	NA	NA	NA	NA	NA	NA	0	NA	NA	NA	NA	NA	NA	NA	NA	NA	NA	NA	A	NA	NA	NA	NA	NA	NA	NA	NA	NA	NA	NA	NA	NA	NA	NA	NA	NA	NA	NA	NA	NA	NA	NA	NA	NA	NA	NA	NA	NA	NA	NA	NA	NA	NA	NA	NA	NA	NA	NA	NA	NA	NA	NA	NA	NA	NA	NA	NA	NA	NA	NA	NA	NA	NA	NA	NA	NA	NA	NA	NA	NA	NA	NA	NA	NA	NA	NA	NA
stad_tcga	TCGA-BR-4285	TCGA-BR-4285-01	NA	NA	NA	NA	NA	NA	NA	NA	NA	Esophagogastric Cancer	Stomach Adenocarcinoma	NA	NA	NA	NA	NA	NA	NA	NA	NA	NA	NA	NA	NA	NA	NA	NA	NA	NA	NA	NA	NA	NA	NA	NA	NA	NA	NA	NA	NA	NA	NA	NO	NA	NA	3	NA	NA	NA	NA	NA	NA	NA	NA	NA	NA	NA	NA	NA	NA	STAD	NA	NA	NA	NA	4b9c478c-1944-4149-8af9-7fd83d93b270	NA	NA	NA	NA	NA	NA	NA	NA	NA	NA	NA	NA	NA	NA	1	NA	Primary	1	NA	0.6	NA	Matched	NA	NA	1.5	NA	NA	NA	NA	NA	NA	NA	NA	NA	0	NA	NA	NA	NA	NA	NA	NA	NA	NA	NA	NA	A	NA	NA	NA	NA	NA	NA	NA	NA	NA	NA	NA	NA	NA	NA	NA	NA	NA	NA	NA	NA	NA	NA	NA	NA	NA	NA	NA	NA	NA	NA	NA	NA	NA	NA	NA	NA	NA	NA	NA	NA	NA	NA	NA	NA	NA	NA	NA	NA	NA	NA	NA	NA	NA	NA	NA	NA	NA	NA	NA	NA	NA	NA	NA	NA	NA	NA	NA	NA
stad_tcga	TCGA-BR-4286	TCGA-BR-4286-01	NA	NA	NA	NA	NA	NA	NA	NA	NA	Esophagogastric Cancer	Stomach Adenocarcinoma	NA	NA	NA	NA	NA	NA	NA	NA	NA	NA	NA	NA	NA	NA	NA	NA	NA	NA	NA	NA	NA	NA	NA	NA	NA	NA	NA	NA	NA	NA	NA	NO	NA	NA	2	NA	NA	NA	NA	NA	NA	NA	NA	NA	NA	NA	NA	NA	NA	STAD	NA	NA	NA	NA	f86b3f06-2627-4f1f-aa2d-5a1e89d2833d	NA	NA	NA	NA	NA	NA	NA	NA	NA	NA	NA	NA	NA	NA	1	NA	Primary	1	NA	0.5	NA	Matched	NA	NA	1.5	NA	NA	NA	NA	NA	NA	NA	NA	NA	0	NA	NA	NA	NA	NA	NA	NA	NA	NA	NA	NA	A	NA	NA	NA	NA	NA	NA	NA	NA	NA	NA	NA	NA	NA	NA	NA	NA	NA	NA	NA	NA	NA	NA	NA	NA	NA	NA	NA	NA	NA	NA	NA	NA	NA	NA	NA	NA	NA	NA	NA	NA	NA	NA	NA	NA	NA	NA	NA	NA	NA	NA	NA	NA	NA	NA	NA	NA	NA	NA	NA	NA	NA	NA	NA	NA	NA	NA	NA	NA
stad_tcga	TCGA-BR-4288	TCGA-BR-4288-01	NA	NA	NA	NA	NA	NA	NA	NA	NA	Esophagogastric Cancer	Stomach Adenocarcinoma	NA	NA	NA	NA	NA	NA	NA	NA	NA	NA	NA	NA	NA	NA	NA	NA	NA	NA	NA	NA	NA	NA	NA	NA	NA	NA	NA	NA	NA	NA	NA	NO	NA	NA	1.5	NA	NA	NA	NA	NA	NA	NA	NA	NA	NA	NA	NA	NA	NA	STAD	NA	NA	NA	NA	087c8302-6c28-46df-a57a-1d2e3c1e54db	NA	TCGA-BR-4288.dffa0d66-dcd6-444d-bd45-6d2d0d271a84.pdf	dffa0d66-dcd6-444d-bd45-6d2d0d271a84	NA	NA	NA	NA	NA	NA	NA	NA	NA	NA	NA	1	NA	Primary	1	NA	0.4	NA	Matched	NA	NA	1.5	NA	NA	NA	NA	NA	NA	NA	NA	NA	0	NA	NA	NA	NA	NA	NA	NA	NA	NA	NA	NA	A	NA	NA	NA	NA	NA	NA	NA	NA	NA	NA	NA	NA	NA	NA	NA	NA	NA	NA	NA	NA	NA	NA	NA	NA	NA	NA	NA	NA	NA	NA	NA	NA	NA	NA	NA	NA	NA	NA	NA	NA	NA	NA	NA	NA	NA	NA	NA	NA	NA	NA	NA	NA	NA	NA	NA	NA	NA	NA	NA	NA	NA	NA	NA	NA	NA	NA	NA	NA
stad_tcga	TCGA-BR-4291	TCGA-BR-4291-01	NA	NA	NA	NA	NA	NA	NA	NA	NA	Esophagogastric Cancer	Stomach Adenocarcinoma	NA	NA	NA	NA	NA	NA	NA	NA	NA	NA	NA	NA	NA	NA	NA	NA	NA	NA	NA	NA	NA	NA	NA	NA	NA	NA	NA	NA	NA	NA	NA	NO	NA	NA	1.2	NA	NA	NA	NA	NA	NA	NA	NA	NA	NA	NA	NA	NA	NA	STAD	NA	NA	NA	NA	1f16f536-d389-4c50-944d-8f9358e929c7	NA	TCGA-BR-4291.7c617c12-5465-4f46-ad42-34738833ebd7.pdf	7c617c12-5465-4f46-ad42-34738833ebd7	NA	NA	NA	NA	NA	NA	NA	NA	NA	NA	NA	1	NA	Primary	1	NA	0.5	NA	Matched	NA	NA	1	NA	NA	NA	NA	NA	NA	NA	NA	NA	0	NA	NA	NA	NA	NA	NA	NA	NA	NA	NA	NA	A	NA	NA	NA	NA	NA	NA	NA	NA	NA	NA	NA	NA	NA	NA	NA	NA	NA	NA	NA	NA	NA	NA	NA	NA	NA	NA	NA	NA	NA	NA	NA	NA	NA	NA	NA	NA	NA	NA	NA	NA	NA	NA	NA	NA	NA	NA	NA	NA	NA	NA	NA	NA	NA	NA	NA	NA	NA	NA	NA	NA	NA	NA	NA	NA	NA	NA	NA	NA
stad_tcga	TCGA-BR-4292	TCGA-BR-4292-01	73	NA	M0	NX	NA	6th	T1	NA	NA	Esophagogastric Cancer	Stomach Adenocarcinoma	Saratov	NA	NA	NA	NA	NA	NA	0	NA	NA	NA	0	0:DiseaseFree	NA	NA	NOT HISPANIC OR LATINO	NA	NA	6/13/11	0.1165	G1	NA	Stomach, Adenocarcinoma, Not Otherwise Specified (NOS)	No	No	NA	C16.2	8140/3	C16.2	YES	2009	NO	NA	NA	2.5	NA	NA	NA	NA	NA	NA	1298	NA	NA	NA	NA	NA	NA	NA	STAD	0	0:LIVING	NA	703d3e86-32f4-44ae-bd88-c02378fc2269	2e0e0776-6ad0-4118-b27e-c65d6076a3d4	NA	TCGA-BR-4292.5b5207c1-d37e-4947-ba4f-8fd6090604cf.pdf	5b5207c1-d37e-4947-ba4f-8fd6090604cf	NA	Fundus/Body	NA	NO	WHITE	NA	NA	RX	YES	NA	NA	1	NA	Primary	1	Female	0.5	Stomach	Matched	NA	NA	1.9	NA	NA	NA	NA	NA	NA	NA	NA	BR	44.7666666667	NO	NA	NA	NA	NA	Russia	NA	NA	NA	NA	NA	A	NA	NA	NA	NA	NA	NA	NA	NA	NA	NA	NA	NA	NA	NA	NA	NA	NA	NA	NA	NA	NA	NA	NA	NA	NA	NA	NA	NA	NA	NA	NA	NA	NA	NA	NA	NA	NA	NA	NA	NA	NA	NA	NA	NA	NA	NA	NA	NA	NA	NA	NA	NA	NA	NA	NA	NA	NA	NA	NA	NA	NA	NA	NA	NA	NA	NA	NA	NA
stad_tcga	TCGA-BR-4294	TCGA-BR-4294-01	65	NA	M0	NX	NA	6th	T2a	NA	NA	Esophagogastric Cancer	Tubular Stomach Adenocarcinoma	Saratov	NA	NA	NA	NA	NA	NA	0	NA	NA	NA	0	0:DiseaseFree	NA	NA	NOT HISPANIC OR LATINO	NA	NA	6/13/11	0.9083	G2	NA	Stomach, Intestinal Adenocarcinoma, Tubular Type	No	No	NA	C16.2	8211/3	C16.2	YES	2009	NO	NA	NA	3.5	NA	NA	NA	NA	NA	NA	29	NA	NA	NA	NA	NA	NA	NA	TSTAD	0	0:LIVING	NA	acab1362-c8a0-448b-8533-0cd84d97959c	cb5d3ede-205d-43f6-a3e3-db287fb1783b	NA	TCGA-BR-4294.c0b39079-61d5-4081-a07a-d71adb584fb5.pdf	c0b39079-61d5-4081-a07a-d71adb584fb5	NA	Fundus/Body	NA	NO	WHITE	NA	NA	RX	YES	NA	NA	1	NA	Primary	1	Male	0.6	Stomach	Matched	NA	NA	1.9	NA	NA	NA	NA	NA	NA	NA	NA	BR	0.966666666667	NO	NA	NA	NA	NA	Russia	NA	NA	NA	NA	NA	A	NA	NA	NA	NA	NA	NA	NA	NA	NA	NA	NA	NA	NA	NA	NA	NA	NA	NA	NA	NA	NA	NA	NA	NA	NA	NA	NA	NA	NA	NA	NA	NA	NA	NA	NA	NA	NA	NA	NA	NA	NA	NA	NA	NA	NA	NA	NA	NA	NA	NA	NA	NA	NA	NA	NA	NA	NA	NA	NA	NA	NA	NA	NA	NA	NA	NA	NA	NA
stad_tcga	TCGA-BR-4298	TCGA-BR-4298-01	NA	NA	NA	NA	NA	NA	NA	NA	NA	Esophagogastric Cancer	Stomach Adenocarcinoma	NA	NA	NA	NA	NA	NA	NA	NA	NA	NA	NA	NA	NA	NA	NA	NA	NA	NA	NA	NA	NA	NA	NA	NA	NA	NA	NA	NA	NA	NA	NA	NO	NA	NA	2.5	NA	NA	NA	NA	NA	NA	NA	NA	NA	NA	NA	NA	NA	NA	STAD	NA	NA	NA	NA	6175854a-84a8-4688-aea9-2a1f9c541653	NA	TCGA-BR-4298.875f70f8-a43c-4187-bf6c-5ff220ec743f.pdf	875f70f8-a43c-4187-bf6c-5ff220ec743f	NA	NA	NA	NA	NA	NA	NA	NA	NA	NA	NA	1	NA	Primary	1	NA	0.6	NA	Matched	NA	NA	1.5	NA	NA	NA	NA	NA	NA	NA	NA	NA	0	NA	NA	NA	NA	NA	NA	NA	NA	NA	NA	NA	A	NA	NA	NA	NA	NA	NA	NA	NA	NA	NA	NA	NA	NA	NA	NA	NA	NA	NA	NA	NA	NA	NA	NA	NA	NA	NA	NA	NA	NA	NA	NA	NA	NA	NA	NA	NA	NA	NA	NA	NA	NA	NA	NA	NA	NA	NA	NA	NA	NA	NA	NA	NA	NA	NA	NA	NA	NA	NA	NA	NA	NA	NA	NA	NA	NA	NA	NA	NA
stad_tcga	TCGA-BR-4357	TCGA-BR-4357-01	58	NA	MX	NX	NA	6th	T3	NA	NA	Esophagogastric Cancer	Stomach Adenocarcinoma	Kazan	NA	NA	NA	NA	NA	NA	0	NA	NA	NA	0	0:DiseaseFree	NA	NA	NOT HISPANIC OR LATINO	NA	NA	6/6/11	0.1489	G2	NA	Stomach, Adenocarcinoma, Not Otherwise Specified (NOS)	No	No	NA	C16.2	8140/3	C16.2	YES	2008	NO	NA	NA	3	NA	NA	NA	NA	NA	NA	191	NA	NA	NA	NA	NA	NA	NA	STAD	0	0:LIVING	NA	bec83dff-2bba-4467-92aa-5dc3db9e0eaf	81c87c27-47c7-4dc7-bf92-e0037433df30	NA	TCGA-BR-4357.951438ed-8001-45e2-bcac-283088cc4f9f.pdf	951438ed-8001-45e2-bcac-283088cc4f9f	NA	Fundus/Body	NA	NO	WHITE	NA	NA	RX	YES	NA	NA	1	NA	Primary	1	Male	0.5	Stomach	Matched	NA	NA	2.5	NA	NA	NA	NA	NA	NA	NA	NA	BR	6.66666666667	NO	NA	NA	NA	NA	Russia	NA	NA	NA	NA	NA	A	NA	NA	NA	NA	NA	NA	NA	NA	NA	NA	NA	NA	NA	NA	NA	NA	NA	NA	NA	NA	NA	NA	NA	NA	NA	NA	NA	NA	NA	NA	NA	NA	NA	NA	NA	NA	NA	NA	NA	NA	NA	NA	NA	NA	NA	NA	NA	NA	NA	NA	NA	NA	NA	NA	NA	NA	NA	NA	NA	NA	NA	NA	NA	NA	NA	NA	NA	NA
stad_tcga	TCGA-BR-4361	TCGA-BR-4361-01	66	NA	M0	N0	Stage IIIA	6th	T4	NA	NA	Esophagogastric Cancer	Stomach Adenocarcinoma	Ryazan	NA	NA	NA	NA	NA	NA	0	NA	NA	NA	0	0:DiseaseFree	NA	NA	NOT HISPANIC OR LATINO	NA	NA	6/6/11	0.0612	G3	NA	Stomach, Adenocarcinoma, Not Otherwise Specified (NOS)	No	No	NA	C16.9	8140/3	C16.9	YES	2008	NO	NA	NA	3.4	YES	0	8	NA	NA	NA	2411	NA	NA	NA	NA	NA	NA	NA	STAD	0	0:LIVING	NA	29ed984c-74b5-4016-a649-c32e5d1d9869	af2eeead-5fa1-4ac3-bd87-6ebdc56a7b74	NA	TCGA-BR-4361.90734fa8-e5ff-46fe-9260-c565ab3e2836.pdf	90734fa8-e5ff-46fe-9260-c565ab3e2836	NA	NA	NA	NO	WHITE	NA	NA	RX	YES	NA	NA	1	NA	Primary	1	Female	0.5	Stomach	Matched	NA	NA	1.1	NA	NA	NA	NA	NA	NA	NA	NA	BR	82.5333333333	NO	NA	NA	NA	NA	Russia	NA	NA	NA	NA	NA	A	NA	NA	NA	NA	NA	NA	NA	NA	NA	NA	NA	NA	NA	NA	NA	NA	NA	NA	NA	NA	NA	NA	NA	NA	NA	NA	NA	NA	NA	NA	NA	NA	NA	NA	NA	NA	NA	NA	NA	NA	NA	NA	NA	NA	NA	NA	NA	NA	NA	NA	NA	NA	NA	NA	NA	NA	NA	NA	NA	NA	NA	NA	NA	NA	NA	NA	NA	NA
stad_tcga	TCGA-BR-4362	TCGA-BR-4362-01	74	NA	M0	N1	NA	6th	TX	NA	NA	Esophagogastric Cancer	Stomach Adenocarcinoma	Kazan	NA	NA	NA	NA	NA	NA	0	NA	NA	NA	0	0:DiseaseFree	NA	NA	NOT HISPANIC OR LATINO	NA	NA	6/6/11	0.2669	G3	NA	Stomach, Adenocarcinoma, Not Otherwise Specified (NOS)	No	No	NA	C16.9	8140/3	C16.9	YES	2008	NO	NA	NA	2.4	YES	4	8	NA	NA	NA	1500	NA	NA	NA	NA	NA	NA	NA	STAD	0	0:LIVING	NA	b1f261e9-c896-46d2-93c7-0290970196f8	0b832116-6bda-4023-8792-297a2b65713f	NA	TCGA-BR-4362.c3abfaa0-85e5-4422-8203-87b920e9ac1c.pdf	c3abfaa0-85e5-4422-8203-87b920e9ac1c	NA	Stomach (NOS)	NA	NO	WHITE	NA	NA	RX	YES	NA	NA	1	NA	Primary	1	Female	0.5	Stomach	Matched	NA	NA	1.9	NA	NA	NA	NA	NA	NA	NA	NA	BR	51.3333333333	NO	NA	NA	NA	NA	Russia	NA	NA	NA	NA	NA	A	NA	NA	NA	NA	NA	NA	NA	NA	NA	NA	NA	NA	NA	NA	NA	NA	NA	NA	NA	NA	NA	NA	NA	NA	NA	NA	NA	NA	NA	NA	NA	NA	NA	NA	NA	NA	NA	NA	NA	NA	NA	NA	NA	NA	NA	NA	NA	NA	NA	NA	NA	NA	NA	NA	NA	NA	NA	NA	NA	NA	NA	NA	NA	NA	NA	NA	NA	NA
stad_tcga	TCGA-BR-4363	TCGA-BR-4363-01	60	NA	MX	NX	NA	6th	T3	NA	NA	Esophagogastric Cancer	Stomach Adenocarcinoma	Kazan	NA	NA	NA	NA	NA	NA	0	NA	NA	NA	0	0:DiseaseFree	NA	NA	NOT HISPANIC OR LATINO	NA	NA	6/6/11	0.0901	G3	NA	Stomach, Adenocarcinoma, Not Otherwise Specified (NOS)	No	No	NA	C16.2	8140/3	C16.2	YES	2008	NO	NA	NA	2.8	NA	NA	NA	NA	NA	NA	588	NA	NA	NA	NA	NA	NA	NA	STAD	0	0:LIVING	NA	66bca2f8-f269-454d-abe2-ce51a0704645	06ec6231-ee0e-4c15-af9f-5b9e5bf557b8	NA	TCGA-BR-4363.534f62ad-fca6-4895-98c0-e2c3da4f9da3.pdf	534f62ad-fca6-4895-98c0-e2c3da4f9da3	NA	Fundus/Body	NA	NO	WHITE	NA	NA	RX	YES	NA	NA	1	NA	Primary	1	Female	0.5	Stomach	Matched	NA	NA	1.9	NA	NA	NA	NA	NA	NA	NA	NA	BR	20.1666666667	NO	NA	NA	NA	NA	Russia	NA	NA	NA	NA	NA	A	NA	NA	NA	NA	NA	NA	NA	NA	NA	NA	NA	NA	NA	NA	NA	NA	NA	NA	NA	NA	NA	NA	NA	NA	NA	NA	NA	NA	NA	NA	NA	NA	NA	NA	NA	NA	NA	NA	NA	NA	NA	NA	NA	NA	NA	NA	NA	NA	NA	NA	NA	NA	NA	NA	NA	NA	NA	NA	NA	NA	NA	NA	NA	NA	NA	NA	NA	NA
stad_tcga	TCGA-BR-4366	TCGA-BR-4366-01	87	NA	M0	NX	NA	6th	TX	NA	NA	Esophagogastric Cancer	Stomach Adenocarcinoma	Kazan	NA	NA	NA	NA	NA	NA	0	NA	NA	NA	0	0:DiseaseFree	NA	NA	NOT HISPANIC OR LATINO	NA	NA	6/6/11	0.4285	G2	NA	Stomach, Adenocarcinoma, Not Otherwise Specified (NOS)	No	No	NA	C16.3	8140/3	C16.3	YES	2008	NO	NA	NA	2.5	NA	NA	NA	NA	NA	NA	112	NA	NA	NA	NA	NA	NA	NA	STAD	0	0:LIVING	NA	525a6978-2d7b-4f3a-ac68-13fe8cbbbdcc	8c2d2cce-e071-42e8-89b2-77c56b4f3472	NA	TCGA-BR-4366.768d70a9-094f-4a0d-992e-cdc1d91341dc.pdf	768d70a9-094f-4a0d-992e-cdc1d91341dc	NA	Antrum/Distal	NA	NO	WHITE	NA	NA	RX	YES	NA	NA	1	NA	Primary	1	Male	0.5	Stomach	Matched	NA	NA	1.5	NA	NA	NA	NA	NA	NA	NA	NA	BR	3.9	NO	NA	NA	NA	NA	Russia	NA	NA	NA	NA	NA	A	NA	NA	NA	NA	NA	NA	NA	NA	NA	NA	NA	NA	NA	NA	NA	NA	NA	NA	NA	NA	NA	NA	NA	NA	NA	NA	NA	NA	NA	NA	NA	NA	NA	NA	NA	NA	NA	NA	NA	NA	NA	NA	NA	NA	NA	NA	NA	NA	NA	NA	NA	NA	NA	NA	NA	NA	NA	NA	NA	NA	NA	NA	NA	NA	NA	NA	NA	NA
stad_tcga	TCGA-BR-4367	TCGA-BR-4367-01	78	NA	M0	N1	NA	6th	TX	NA	NA	Esophagogastric Cancer	Stomach Adenocarcinoma	Kazan	NA	NA	NA	NA	NA	NA	0	NA	NA	NA	0	0:DiseaseFree	NA	NA	NOT HISPANIC OR LATINO	NA	NA	6/6/11	0.3234	G3	NA	Stomach, Adenocarcinoma, Not Otherwise Specified (NOS)	No	No	NA	C16.3	8140/3	C16.3	YES	2008	NO	NA	NA	1.9	YES	2	8	NA	NA	NA	NA	NA	NA	NA	NA	NA	NA	NA	STAD	0	0:LIVING	NA	d139bd0c-2eeb-44ec-856b-e77cb03d294e	1506e790-c21c-4419-b11b-14250c947fb5	NA	TCGA-BR-4367.2ba4103d-df1b-4b35-8398-a3879adbd0ce.pdf	2ba4103d-df1b-4b35-8398-a3879adbd0ce	NA	Antrum/Distal	NA	NO	WHITE	NA	NA	RX	YES	NA	NA	1	NA	Primary	1	Male	0.4	Stomach	Matched	NA	NA	1.5	NA	NA	NA	NA	NA	NA	NA	NA	BR	0	NO	NA	NA	NA	NA	Russia	NA	NA	NA	NA	NA	A	NA	NA	NA	NA	NA	NA	NA	NA	NA	NA	NA	NA	NA	NA	NA	NA	NA	NA	NA	NA	NA	NA	NA	NA	NA	NA	NA	NA	NA	NA	NA	NA	NA	NA	NA	NA	NA	NA	NA	NA	NA	NA	NA	NA	NA	NA	NA	NA	NA	NA	NA	NA	NA	NA	NA	NA	NA	NA	NA	NA	NA	NA	NA	NA	NA	NA	NA	NA
stad_tcga	TCGA-BR-4368	TCGA-BR-4368-01	78	NA	M0	N2	Stage IV	6th	T4	NA	NA	Esophagogastric Cancer	Stomach Adenocarcinoma	Kazan	NA	NA	NA	NA	NA	NA	0	NA	NA	NA	0	0:DiseaseFree	NA	NA	NOT HISPANIC OR LATINO	NA	NA	6/6/11	0.0058	G3	NA	Stomach, Adenocarcinoma, Not Otherwise Specified (NOS)	No	No	NA	C16.3	8140/3	C16.3	YES	2008	NO	NA	NA	2	YES	8	12	NA	NA	NA	1269	NA	NA	NA	NA	NA	NA	NA	STAD	0	0:LIVING	NA	449bf2be-b20e-4ad0-9ffb-910d83114018	87239062-9ea0-4987-ad13-5a2dded4ff82	NA	TCGA-BR-4368.61ad409f-93b2-41f8-8ace-a44d1b9a6e47.pdf	61ad409f-93b2-41f8-8ace-a44d1b9a6e47	NA	Antrum/Distal	NA	NO	WHITE	NA	NA	RX	YES	NA	NA	1	NA	Primary	1	Female	0.4	Stomach	Matched	NA	NA	1.1	NA	NA	NA	NA	NA	NA	NA	NA	BR	43.5333333333	NO	NA	NA	NA	NA	Russia	NA	NA	NA	NA	NA	A	NA	NA	NA	NA	NA	NA	NA	NA	NA	NA	NA	NA	NA	NA	NA	NA	NA	NA	NA	NA	NA	NA	NA	NA	NA	NA	NA	NA	NA	NA	NA	NA	NA	NA	NA	NA	NA	NA	NA	NA	NA	NA	NA	NA	NA	NA	NA	NA	NA	NA	NA	NA	NA	NA	NA	NA	NA	NA	NA	NA	NA	NA	NA	NA	NA	NA	NA	NA
stad_tcga	TCGA-BR-4369	TCGA-BR-4369-01	75	NA	M0	NX	NA	6th	TX	NA	NA	Esophagogastric Cancer	Stomach Adenocarcinoma	Kazan	NA	NA	NA	NA	NA	NA	0	NA	NA	NA	0	0:DiseaseFree	NA	NA	NOT HISPANIC OR LATINO	NA	NA	6/6/11	0.3090	G3	NA	Stomach, Adenocarcinoma, Not Otherwise Specified (NOS)	No	No	NA	C16.0	8140/3	C16.0	YES	2008	NO	NA	NA	1.9	NA	NA	NA	NA	NA	NA	143	NA	NA	NA	NA	NA	NA	NA	STAD	0	0:LIVING	NA	fe9a5fcf-ff99-4dd1-8cc7-ed9f4b9d952b	39b440b3-f888-488a-a0cc-d7410dc73093	NA	TCGA-BR-4369.d42d65af-e1ea-4c9d-a547-4041e05b775b.pdf	d42d65af-e1ea-4c9d-a547-4041e05b775b	NA	Cardia/Proximal	NA	NO	WHITE	NA	NA	RX	YES	NA	NA	1	NA	Primary	1	Male	0.5	Stomach	Matched	NA	NA	1.8	NA	NA	NA	NA	NA	NA	NA	NA	BR	4.96666666667	NO	NA	NA	NA	NA	Russia	NA	NA	NA	NA	NA	A	NA	NA	NA	NA	NA	NA	NA	NA	NA	NA	NA	NA	NA	NA	NA	NA	NA	NA	NA	NA	NA	NA	NA	NA	NA	NA	NA	NA	NA	NA	NA	NA	NA	NA	NA	NA	NA	NA	NA	NA	NA	NA	NA	NA	NA	NA	NA	NA	NA	NA	NA	NA	NA	NA	NA	NA	NA	NA	NA	NA	NA	NA	NA	NA	NA	NA	NA	NA
stad_tcga	TCGA-BR-4370	TCGA-BR-4370-01	74	NA	M0	NX	NA	6th	TX	NA	NA	Esophagogastric Cancer	Stomach Adenocarcinoma	Kazan	NA	NA	NA	NA	NA	NA	0	NA	NA	NA	0	0:DiseaseFree	NA	NA	NOT HISPANIC OR LATINO	NA	NA	6/2/11	0.0650	G2	NA	Stomach, Adenocarcinoma, Not Otherwise Specified (NOS)	No	No	NA	C16.3	8140/3	C16.3	YES	2008	NO	NA	NA	2	NA	NA	NA	NA	NA	NA	1074	NA	NA	NA	NA	NA	NA	NA	STAD	0	0:LIVING	NA	a2a71cb0-9dbd-45cc-8867-da84500515e7	cfb7901b-e4e1-42fe-802d-dcd34f8c4912	NA	TCGA-BR-4370.e22b59ed-ffa1-41ca-b067-ee94f7495074.pdf	e22b59ed-ffa1-41ca-b067-ee94f7495074	NA	Antrum/Distal	NA	NO	WHITE	NA	NA	RX	YES	NA	NA	1	NA	Primary	1	Female	0.5	Stomach	Matched	NA	NA	1.5	NA	NA	NA	NA	NA	NA	NA	NA	BR	36.4666666667	NO	NA	NA	NA	NA	Russia	NA	NA	NA	NA	NA	A	NA	NA	NA	NA	NA	NA	NA	NA	NA	NA	NA	NA	NA	NA	NA	NA	NA	NA	NA	NA	NA	NA	NA	NA	NA	NA	NA	NA	NA	NA	NA	NA	NA	NA	NA	NA	NA	NA	NA	NA	NA	NA	NA	NA	NA	NA	NA	NA	NA	NA	NA	NA	NA	NA	NA	NA	NA	NA	NA	NA	NA	NA	NA	NA	NA	NA	NA	NA
stad_tcga	TCGA-BR-4371	TCGA-BR-4371-01	71	NA	M0	NX	NA	6th	T2	NA	NA	Esophagogastric Cancer	Stomach Adenocarcinoma	Saratov	NA	NA	NA	NA	NA	NA	0	NA	NA	NA	0	0:DiseaseFree	NA	NA	NOT HISPANIC OR LATINO	NA	NA	6/2/11	0.1876	G1	NA	Stomach, Adenocarcinoma, Not Otherwise Specified (NOS)	No	No	NA	C16.2	8140/3	C16.2	YES	2008	NO	NA	NA	1.3	NA	NA	NA	NA	NA	NA	127	NA	NA	NA	NA	NA	NA	NA	STAD	0	0:LIVING	NA	c2f90f1a-a81b-465e-8e6b-5f02a21b27dd	95d6e839-a21b-4266-b7f8-e47fab262af3	NA	TCGA-BR-4371.1fedb1d4-8cc9-4264-b9e2-e7b37467d68b.pdf	1fedb1d4-8cc9-4264-b9e2-e7b37467d68b	NA	NA	NA	NO	WHITE	NA	NA	RX	YES	NA	NA	1	NA	Primary	1	Female	0.4	Stomach	Matched	NA	NA	1	NA	NA	NA	NA	NA	NA	NA	NA	BR	4.33333333333	NO	NA	NA	NA	NA	Russia	NA	NA	NA	NA	NA	A	NA	NA	NA	NA	NA	NA	NA	NA	NA	NA	NA	NA	NA	NA	NA	NA	NA	NA	NA	NA	NA	NA	NA	NA	NA	NA	NA	NA	NA	NA	NA	NA	NA	NA	NA	NA	NA	NA	NA	NA	NA	NA	NA	NA	NA	NA	NA	NA	NA	NA	NA	NA	NA	NA	NA	NA	NA	NA	NA	NA	NA	NA	NA	NA	NA	NA	NA	NA
stad_tcga	TCGA-BR-4375	TCGA-BR-4375-01	NA	NA	NA	NA	NA	NA	NA	NA	NA	Esophagogastric Cancer	Stomach Adenocarcinoma	NA	NA	NA	NA	NA	NA	NA	NA	NA	NA	NA	NA	NA	NA	NA	NA	NA	NA	NA	NA	NA	NA	NA	NA	NA	NA	NA	NA	NA	NA	NA	NO	NA	NA	2	NA	NA	NA	NA	NA	NA	NA	NA	NA	NA	NA	NA	NA	NA	STAD	NA	NA	NA	NA	562ef59b-4abf-4207-8cb2-5c6710866e9c	NA	TCGA-BR-4375.a1d6fb1a-1a67-4cd4-857e-537734eea6d4.pdf	a1d6fb1a-1a67-4cd4-857e-537734eea6d4	NA	NA	NA	NA	NA	NA	NA	NA	NA	NA	NA	1	NA	Primary	1	NA	0.5	NA	Matched	NA	NA	1.2	NA	NA	NA	NA	NA	NA	NA	NA	NA	0	NA	NA	NA	NA	NA	NA	NA	NA	NA	NA	NA	A	NA	NA	NA	NA	NA	NA	NA	NA	NA	NA	NA	NA	NA	NA	NA	NA	NA	NA	NA	NA	NA	NA	NA	NA	NA	NA	NA	NA	NA	NA	NA	NA	NA	NA	NA	NA	NA	NA	NA	NA	NA	NA	NA	NA	NA	NA	NA	NA	NA	NA	NA	NA	NA	NA	NA	NA	NA	NA	NA	NA	NA	NA	NA	NA	NA	NA	NA	NA
stad_tcga	TCGA-BR-4376	TCGA-BR-4376-01	NA	NA	NA	NA	NA	NA	NA	NA	NA	Esophagogastric Cancer	Stomach Adenocarcinoma	NA	NA	NA	NA	NA	NA	NA	NA	NA	NA	NA	NA	NA	NA	NA	NA	NA	NA	NA	NA	NA	NA	NA	NA	NA	NA	NA	NA	NA	NA	NA	NO	NA	NA	2.2	NA	NA	NA	NA	NA	NA	NA	NA	NA	NA	NA	NA	NA	NA	STAD	NA	NA	NA	NA	1a3f3222-1fb5-4703-bb5b-6ec97db54ecf	NA	TCGA-BR-4376.06817c45-9f2e-49da-b381-bba8769de7e5.pdf	06817c45-9f2e-49da-b381-bba8769de7e5	NA	NA	NA	NA	NA	NA	NA	NA	NA	NA	NA	1	NA	Primary	1	NA	0.5	NA	Matched	NA	NA	1.9	NA	NA	NA	NA	NA	NA	NA	NA	NA	0	NA	NA	NA	NA	NA	NA	NA	NA	NA	NA	NA	A	NA	NA	NA	NA	NA	NA	NA	NA	NA	NA	NA	NA	NA	NA	NA	NA	NA	NA	NA	NA	NA	NA	NA	NA	NA	NA	NA	NA	NA	NA	NA	NA	NA	NA	NA	NA	NA	NA	NA	NA	NA	NA	NA	NA	NA	NA	NA	NA	NA	NA	NA	NA	NA	NA	NA	NA	NA	NA	NA	NA	NA	NA	NA	NA	NA	NA	NA	NA
stad_tcga	TCGA-BR-6452	TCGA-BR-6452-01	78	NA	M0	N0	Stage IIA	7th	T3	NA	NA	Esophagogastric Cancer	Stomach Adenocarcinoma	Tver	NA	NA	NA	NA	NA	NA	0	NA	NA	NA	34.66	0:DiseaseFree	NA	NA	NOT HISPANIC OR LATINO	NA	NO	8/19/11	0.0507	G3	NA	Stomach, Adenocarcinoma, Not Otherwise Specified (NOS)	No	No	NA	C16.2	8140/3	C16.2	YES	2011	NO	NA	NA	2	YES	0	5	NA	NA	NA	6372	NA	NA	NA	NA	NA	NA	NA	STAD	34.66	0:LIVING	NA	27988b3e-cde1-4f4b-82a1-6d8ad08db8e9	76144f2f-2498-430d-b33c-f000394c427e	NA	TCGA-BR-6452.2b5608f1-c4a1-4901-99b0-d23ecdce3b8f.pdf	2b5608f1-c4a1-4901-99b0-d23ecdce3b8f	NA	Fundus/Body	NA	YES	WHITE	NA	NA	R0	NO	NA	NA	1	NA	Primary	1	Female	0.8	Stomach	Matched	NA	NA	1.3	NA	NA	NA	NA	NA	NA	NA	NA	BR	218.466666667	NA	NA	NA	NA	NA	Russia	NA	TUMOR FREE	NA	NA	NA	A	NA	NA	NA	NA	NA	NA	NA	NA	NA	NA	NA	NA	NA	NA	NA	NA	NA	NA	NA	NA	NA	NA	NA	NA	NA	NA	NA	NA	NA	NA	NA	NA	NA	NA	NA	NA	NA	NA	NA	NA	NA	NA	NA	NA	NA	NA	NA	NA	NA	NA	NA	NA	NA	NA	NA	NA	NA	NA	NA	NA	NA	NA	NA	NA	NA	NA	NA	NA
stad_tcga	TCGA-BR-6453	TCGA-BR-6453-01	54	NA	M0	N1	Stage IIA	7th	T2	NA	NA	Esophagogastric Cancer	Stomach Adenocarcinoma	Tver	NA	NA	NA	NA	NA	NA	0	NA	NA	NA	15.93	0:DiseaseFree	NA	NA	NOT HISPANIC OR LATINO	NA	NO	6/21/11	0.0500	G3	NA	Stomach, Adenocarcinoma, Not Otherwise Specified (NOS)	No	No	NA	C16.2	8140/3	C16.2	YES	2011	NO	NA	NA	2	YES	1	2	NA	NA	NA	159	NA	NA	NA	NA	NA	NA	NA	STAD	15.93	0:LIVING	NA	ae633e83-303f-4a90-ac3b-34458fd9beef	a8f3b148-5929-4025-81a1-6595d49f2279	NA	TCGA-BR-6453.87b733ad-3e9c-41ce-9e1d-b874f242950e.pdf	87b733ad-3e9c-41ce-9e1d-b874f242950e	NA	Fundus/Body	NA	YES	WHITE	NA	NA	R0	NO	NA	NA	1	NA	Primary	1	Male	0.5	Stomach	Matched	NA	NA	1	NA	NA	NA	NA	NA	NA	NA	NA	BR	5.53333333333	NA	NA	NA	NA	NA	Russia	NA	TUMOR FREE	NA	NA	NA	A	NA	NA	NA	NA	NA	NA	NA	NA	NA	NA	NA	NA	NA	NA	NA	NA	NA	NA	NA	NA	NA	NA	NA	NA	NA	NA	NA	NA	NA	NA	NA	NA	NA	NA	NA	NA	NA	NA	NA	NA	NA	NA	NA	NA	NA	NA	NA	NA	NA	NA	NA	NA	NA	NA	NA	NA	NA	NA	NA	NA	NA	NA	NA	NA	NA	NA	NA	NA
stad_tcga	TCGA-BR-6454	TCGA-BR-6454-01	58	NA	M0	N0	Stage IIA	7th	T3	NA	NA	Esophagogastric Cancer	Stomach Adenocarcinoma	Tver	NA	NA	NA	NA	NA	NA	0	NA	NA	NA	0	0:DiseaseFree	NA	NA	NOT HISPANIC OR LATINO	NA	NO	6/21/11	0.1815	G3	NA	Stomach, Adenocarcinoma, Not Otherwise Specified (NOS)	No	No	NA	C16.0	8140/3	C16.0	YES	2011	NO	NA	NA	2	YES	0	5	NA	NA	NA	123	NA	NA	NA	NA	NA	NA	NA	STAD	0	0:LIVING	NA	ac2cbce4-4ba8-42c9-ac61-70f42995588e	e7d94421-7a3b-4100-9cbf-1b1f2ec07737	NA	TCGA-BR-6454.e3b99d2c-c5bf-4705-a9ed-15ebe007d53c.pdf	e3b99d2c-c5bf-4705-a9ed-15ebe007d53c	NA	Cardia/Proximal	NA	YES	WHITE	NA	NA	R0	NO	NA	NA	1	NA	Primary	1	Male	0.5	Stomach	Matched	NA	NA	1.5	NA	NA	NA	NA	NA	NA	NA	NA	BR	4.16666666667	NA	NA	NA	NA	NA	Russia	NA	NA	NA	NA	NA	A	NA	NA	NA	NA	NA	NA	NA	NA	NA	NA	NA	NA	NA	NA	NA	NA	NA	NA	NA	NA	NA	NA	NA	NA	NA	NA	NA	NA	NA	NA	NA	NA	NA	NA	NA	NA	NA	NA	NA	NA	NA	NA	NA	NA	NA	NA	NA	NA	NA	NA	NA	NA	NA	NA	NA	NA	NA	NA	NA	NA	NA	NA	NA	NA	NA	NA	NA	NA
stad_tcga	TCGA-BR-6455	TCGA-BR-6455-01	59	NA	M0	N1	Stage IIB	7th	T3	NA	NA	Esophagogastric Cancer	Stomach Adenocarcinoma	Tver	NA	NA	NA	NA	NA	NA	0	NA	NA	NA	12.65	1:Recurred/Progressed	NA	NA	NOT HISPANIC OR LATINO	NA	NO	8/19/11	0.1175	G3	NA	Stomach, Adenocarcinoma, Not Otherwise Specified (NOS)	No	No	NA	C16.2	8140/3	C16.2	YES	2011	NO	NA	NA	2.4	YES	2	19	NA	NA	NA	78	NA	NA	NA	NA	NA	NA	NA	STAD	13.86	1:DECEASED	NA	75a29059-4705-4a55-bc3d-f5923b24b358	59bd0192-a50b-4672-a17f-4df138f58988	NA	TCGA-BR-6455.c545eabb-6bef-4439-8a94-f1b382e800d7.pdf	c545eabb-6bef-4439-8a94-f1b382e800d7	NA	Fundus/Body	NA	YES	WHITE	NA	NA	R0	NO	NA	NA	1	NA	Primary	1	Male	0.7	Stomach	Matched	NA	NA	1.7	NA	NA	NA	NA	NA	NA	NA	NA	BR	2.6	NA	NA	NA	NA	NA	Russia	NA	TUMOR FREE	NA	NA	NA	A	NA	NA	NA	NA	NA	NA	NA	NA	NA	NA	NA	NA	NA	NA	NA	NA	NA	NA	NA	NA	NA	NA	NA	NA	NA	NA	NA	NA	NA	NA	NA	NA	NA	NA	NA	NA	NA	NA	NA	NA	NA	NA	NA	NA	NA	NA	NA	NA	NA	NA	NA	NA	NA	NA	NA	NA	NA	NA	NA	NA	NA	NA	NA	NA	NA	NA	NA	NA
stad_tcga	TCGA-BR-6456	TCGA-BR-6456-01	74	NA	M0	N1	Stage IIB	7th	T3	NA	NA	Esophagogastric Cancer	Stomach Adenocarcinoma	Tver	NA	NA	NA	NA	NA	NA	0	NA	NA	NA	NA	NA	NA	NA	NOT HISPANIC OR LATINO	NA	NO	6/21/11	0.3867	G2	NA	Stomach, Adenocarcinoma, Not Otherwise Specified (NOS)	No	No	NA	C16.2	8140/3	C16.2	YES	2011	NO	NA	NA	2.5	YES	2	4	NA	NA	NA	35	NA	NA	NA	NA	NA	NA	NA	STAD	17.28	1:DECEASED	NA	1ca3c5e0-32b0-4467-8ec0-ca212e35d2b3	53369a25-3bc4-48cb-9004-da3507c4d478	NA	TCGA-BR-6456.19b7abd4-0e23-49eb-99fc-4dc8cdecf766.pdf	19b7abd4-0e23-49eb-99fc-4dc8cdecf766	NA	Fundus/Body	NA	YES	WHITE	NA	NA	R0	NO	NA	NA	1	NA	Primary	1	Female	0.5	Stomach	Matched	NA	NA	1.3	NA	NA	NA	NA	NA	NA	NA	NA	BR	1.13333333333	NA	NA	NA	NA	NA	Russia	NA	NA	NA	NA	NA	A	NA	NA	NA	NA	NA	NA	NA	NA	NA	NA	NA	NA	NA	NA	NA	NA	NA	NA	NA	NA	NA	NA	NA	NA	NA	NA	NA	NA	NA	NA	NA	NA	NA	NA	NA	NA	NA	NA	NA	NA	NA	NA	NA	NA	NA	NA	NA	NA	NA	NA	NA	NA	NA	NA	NA	NA	NA	NA	NA	NA	NA	NA	NA	NA	NA	NA	NA	NA
stad_tcga	TCGA-BR-6457	TCGA-BR-6457-01	69	NA	M0	N0	Stage IIA	7th	T3	NA	NA	Esophagogastric Cancer	Stomach Adenocarcinoma	Kiev	NA	NA	NA	NA	NA	NA	0	NA	NA	NA	13.67	0:DiseaseFree	NA	NA	NOT HISPANIC OR LATINO	NA	NO	8/23/11	0.0278	G3	NA	Stomach, Adenocarcinoma, Not Otherwise Specified (NOS)	No	No	NA	C16.2	8140/3	C16.2	YES	2011	NO	NA	NA	3.5	YES	0	15	NA	NA	NA	92	NA	NA	NA	NA	NA	NA	NA	STAD	13.67	0:LIVING	NA	05ce16d4-a999-491a-91ad-9449a57228ff	badb9ae0-9c44-41d4-848b-ee03b6fca503	NA	TCGA-BR-6457.a86439de-3ab5-4267-9721-3f198013f5da.pdf	a86439de-3ab5-4267-9721-3f198013f5da	NA	Fundus/Body	NA	YES	WHITE	NA	NA	R0	NO	NA	NA	1	NA	Primary	1	Male	0.6	Stomach	Matched	NA	NA	1.2	NA	NA	NA	NA	NA	NA	NA	NA	BR	3.2	NA	NA	NA	NA	NA	Ukraine	NA	TUMOR FREE	NA	NA	NA	A	NA	NA	NA	NA	NA	NA	NA	NA	NA	NA	NA	NA	NA	NA	NA	NA	NA	NA	NA	NA	NA	NA	NA	NA	NA	NA	NA	NA	NA	NA	NA	NA	NA	NA	NA	NA	NA	NA	NA	NA	NA	NA	NA	NA	NA	NA	NA	NA	NA	NA	NA	NA	NA	NA	NA	NA	NA	NA	NA	NA	NA	NA	NA	NA	NA	NA	NA	NA
stad_tcga	TCGA-BR-6458	TCGA-BR-6458-01	57	NA	M0	N1	Stage IIB	7th	T3	NA	NA	Esophagogastric Cancer	Stomach Adenocarcinoma	Kiev	NA	NA	NA	NA	NA	NA	0	NA	NA	NA	18.86	1:Recurred/Progressed	NA	NA	NOT HISPANIC OR LATINO	NA	NO	6/21/11	0.4643	G3	NA	Stomach, Adenocarcinoma, Not Otherwise Specified (NOS)	No	No	NA	C16.2	8140/3	C16.2	YES	2011	NO	NA	NA	3	YES	1	15	NA	NA	NA	246	NA	NA	NA	NA	NA	NA	NA	STAD	19.32	1:DECEASED	NA	e516880b-c4e5-43cd-a358-be0db88564d7	a30b45f5-c6e4-4975-a912-8313d93dfd27	NA	TCGA-BR-6458.f8162f79-5a2d-4b69-877b-f7e796dc57b1.pdf	f8162f79-5a2d-4b69-877b-f7e796dc57b1	NA	Fundus/Body	NA	YES	WHITE	NA	NA	R0	NO	NA	NA	1	NA	Primary	1	Female	0.5	Stomach	Matched	NA	NA	1.5	NA	NA	NA	NA	NA	NA	NA	NA	BR	8.5	NA	NA	NA	NA	NA	Ukraine	NA	TUMOR FREE	NA	NA	NA	A	NA	NA	NA	NA	NA	NA	NA	NA	NA	NA	NA	NA	NA	NA	NA	NA	NA	NA	NA	NA	NA	NA	NA	NA	NA	NA	NA	NA	NA	NA	NA	NA	NA	NA	NA	NA	NA	NA	NA	NA	NA	NA	NA	NA	NA	NA	NA	NA	NA	NA	NA	NA	NA	NA	NA	NA	NA	NA	NA	NA	NA	NA	NA	NA	NA	NA	NA	NA
stad_tcga	TCGA-BR-6563	TCGA-BR-6563-01	60	NA	M0	N1	Stage IIB	7th	T3	NA	NA	Esophagogastric Cancer	Stomach Adenocarcinoma	Tver	NA	NA	NA	NA	NA	NA	0	NA	NA	NA	4.86	1:Recurred/Progressed	NA	NA	NOT HISPANIC OR LATINO	NA	NO	8/23/11	0.0001	G3	NA	Stomach, Adenocarcinoma, Not Otherwise Specified (NOS)	No	No	NA	C16.3	8140/3	C16.3	YES	2011	NO	NA	NA	2.7	YES	1	3	NA	NA	NA	70	NA	NA	NA	NA	NA	NA	NA	STAD	39.09	0:LIVING	NA	9d7305be-60a3-4ecf-856a-bd5321166590	5d2065a3-58fd-4581-9b95-3f5d77b23d41	NA	TCGA-BR-6563.a210204c-06e9-4d62-b8cb-72b42581cc09.pdf	a210204c-06e9-4d62-b8cb-72b42581cc09	NA	Antrum/Distal	NA	YES	WHITE	NA	NA	R0	NO	NA	NA	1	NA	Primary	1	Male	1	Stomach	Matched	NA	NA	1.1	NA	NA	NA	NA	NA	NA	NA	NA	BR	2.36666666667	NA	NA	NA	NA	NA	Russia	NA	TUMOR FREE	NA	NA	NA	A	NA	NA	NA	NA	NA	NA	NA	NA	NA	NA	NA	NA	NA	NA	NA	NA	NA	NA	NA	NA	NA	NA	NA	NA	NA	NA	NA	NA	NA	NA	NA	NA	NA	NA	NA	NA	NA	NA	NA	NA	NA	NA	NA	NA	NA	NA	NA	NA	NA	NA	NA	NA	NA	NA	NA	NA	NA	NA	NA	NA	NA	NA	NA	NA	NA	NA	NA	NA
stad_tcga	TCGA-BR-6564	TCGA-BR-6564-01	46	NA	M0	N2	Stage IIIA	7th	T3	NA	NA	Esophagogastric Cancer	Diffuse Type Stomach Adenocarcinoma	Tver	NA	NA	NA	NA	NA	NA	0	NA	NA	NA	NA	NA	NA	NA	NOT HISPANIC OR LATINO	NA	NO	8/23/11	0.0356	G3	NA	Stomach, Adenocarcinoma, Diffuse Type	No	No	NA	C16.2	8140/3	C16.2	YES	2011	NO	NA	NA	2.3	YES	3	7	NA	NA	NA	32	NA	NA	NA	NA	NA	NA	NA	DSTAD	26.08	1:DECEASED	NA	af1086cc-b330-4ad6-ae1c-3b5c7259949a	b8355e52-d7a7-4711-bba7-bc4d201741f2	NA	TCGA-BR-6564.c99a5fa5-94ac-413a-91e1-a3ae5e19318a.pdf	c99a5fa5-94ac-413a-91e1-a3ae5e19318a	NA	Fundus/Body	NA	YES	WHITE	NA	NA	R0	NO	NA	NA	1	NA	Primary	1	Female	0.2	Stomach	Matched	NA	NA	1.3	NA	NA	NA	NA	NA	NA	NA	NA	BR	1.1	NA	NA	NA	NA	NA	Russia	NA	TUMOR FREE	NA	NA	NA	A	NA	NA	NA	NA	NA	NA	NA	NA	NA	NA	NA	NA	NA	NA	NA	NA	NA	NA	NA	NA	NA	NA	NA	NA	NA	NA	NA	NA	NA	NA	NA	NA	NA	NA	NA	NA	NA	NA	NA	NA	NA	NA	NA	NA	NA	NA	NA	NA	NA	NA	NA	NA	NA	NA	NA	NA	NA	NA	NA	NA	NA	NA	NA	NA	NA	NA	NA	NA
stad_tcga	TCGA-BR-6565	TCGA-BR-6565-01	67	NA	M0	N0	Stage IIB	7th	T4a	NA	NA	Esophagogastric Cancer	Stomach Adenocarcinoma	Tver	NA	NA	NA	NA	NA	NA	0	NA	NA	NA	NA	NA	NA	NA	NOT HISPANIC OR LATINO	NA	NO	8/23/11	0.4697	G2	NA	Stomach, Adenocarcinoma, Not Otherwise Specified (NOS)	No	No	NA	C16.2	8140/3	C16.2	YES	2011	NO	NA	NA	2.4	YES	0	1	NA	NA	NA	126	NA	NA	NA	NA	NA	NA	NA	STAD	9.17	1:DECEASED	NA	daecea36-b379-46ce-8ae9-a38d22556ce2	1d7aae07-2453-4dc3-a26d-d67161172648	NA	TCGA-BR-6565.94b9f261-6c6d-453a-9730-716f73fd73df.pdf	94b9f261-6c6d-453a-9730-716f73fd73df	NA	Fundus/Body	NA	YES	WHITE	NA	NA	R0	NO	NA	NA	1	NA	Primary	1	Male	0.7	Stomach	Matched	NA	NA	1.5	NA	NA	NA	NA	NA	NA	NA	NA	BR	4.4	NA	NA	NA	NA	NA	Russia	NA	TUMOR FREE	NA	NA	NA	A	NA	NA	NA	NA	NA	NA	NA	NA	NA	NA	NA	NA	NA	NA	NA	NA	NA	NA	NA	NA	NA	NA	NA	NA	NA	NA	NA	NA	NA	NA	NA	NA	NA	NA	NA	NA	NA	NA	NA	NA	NA	NA	NA	NA	NA	NA	NA	NA	NA	NA	NA	NA	NA	NA	NA	NA	NA	NA	NA	NA	NA	NA	NA	NA	NA	NA	NA	NA
stad_tcga	TCGA-BR-6566	TCGA-BR-6566-01	64	NA	M0	N0	Stage IIA	7th	T3	NA	NA	Esophagogastric Cancer	Stomach Adenocarcinoma	Tver	NA	NA	NA	NA	NA	NA	0	NA	NA	NA	32.75	0:DiseaseFree	NA	NA	NOT HISPANIC OR LATINO	NA	NO	8/23/11	0.0004	G3	NA	Stomach, Adenocarcinoma, Not Otherwise Specified (NOS)	No	No	NA	C16.2	8140/3	C16.2	YES	2011	NO	NA	NA	2.2	YES	0	3	NA	NA	NA	879	NA	NA	NA	NA	NA	NA	NA	STAD	32.75	0:LIVING	NA	43f0421c-6578-4d77-9314-ef0305c7efbd	eeb8703e-5f0a-429d-9a5c-7c5227eb7a01	NA	TCGA-BR-6566.83393448-21ed-40c8-9463-44f4f2389e54.pdf	83393448-21ed-40c8-9463-44f4f2389e54	NA	Fundus/Body	NA	YES	WHITE	NA	NA	R0	NO	NA	NA	1	NA	Primary	1	Female	0.4	Stomach	Matched	NA	NA	1.5	NA	NA	NA	NA	NA	NA	NA	NA	BR	30.0333333333	NA	NA	NA	NA	NA	NA	NA	TUMOR FREE	NA	NA	NA	A	NA	NA	NA	NA	NA	NA	NA	NA	NA	NA	NA	NA	NA	NA	NA	NA	NA	NA	NA	NA	NA	NA	NA	NA	NA	NA	NA	NA	NA	NA	NA	NA	NA	NA	NA	NA	NA	NA	NA	NA	NA	NA	NA	NA	NA	NA	NA	NA	NA	NA	NA	NA	NA	NA	NA	NA	NA	NA	NA	NA	NA	NA	NA	NA	NA	NA	NA	NA
stad_tcga	TCGA-BR-6705	TCGA-BR-6705-01	68	NA	M0	N3a	Stage IIIB	7th	T3	NA	NA	Esophagogastric Cancer	Stomach Adenocarcinoma	Kiev	NA	NA	NA	NA	NA	NA	0	NA	NA	NA	NA	NA	NA	NA	NOT HISPANIC OR LATINO	NA	NO	8/23/11	0.0195	G3	NA	Stomach, Adenocarcinoma, Not Otherwise Specified (NOS)	No	No	NA	C16.2	8140/3	C16.2	YES	2011	NO	NA	NA	2.8	YES	9	12	NA	NA	NA	88	NA	NA	NA	NA	0	NA	NA	STAD	25.59	1:DECEASED	NA	b14f2fcb-e869-475e-bc7c-adaf6e7e636f	db8d0ac1-23b7-49ab-8bb3-44782156f038	NA	TCGA-BR-6705.e333b11f-3071-4dfd-9992-b03db7a86952.pdf	e333b11f-3071-4dfd-9992-b03db7a86952	NA	Fundus/Body	NA	YES	WHITE	NA	NA	R0	NO	NA	NA	1	NA	Primary	1	Female	0.6	Stomach	Matched	NA	NA	1.2	NA	NA	NA	NA	NA	NA	NA	NA	BR	2.93333333333	NA	NA	NA	NA	NA	Ukraine	NA	TUMOR FREE	NA	NA	NA	A	NA	NA	NA	NA	NA	NA	NA	NA	NA	NA	NA	NA	NA	NA	NA	NA	NA	NA	NA	NA	NA	NA	NA	NA	NA	NA	NA	NA	NA	NA	NA	NA	NA	NA	NA	NA	NA	NA	NA	NA	NA	NA	NA	NA	NA	NA	NA	NA	NA	NA	NA	NA	NA	NA	NA	NA	NA	NA	NA	NA	NA	NA	NA	NA	NA	NA	NA	NA
stad_tcga	TCGA-BR-6706	TCGA-BR-6706-01	63	NA	M0	N1	Stage IIIA	6th	T3	NA	NA	Esophagogastric Cancer	Stomach Adenocarcinoma	Kiev	NA	NA	NA	NA	NA	NA	0	NA	NA	NA	13.21	1:Recurred/Progressed	NA	NA	NOT HISPANIC OR LATINO	NA	NO	8/23/11	0.0226	G3	NA	Stomach, Adenocarcinoma, Not Otherwise Specified (NOS)	No	No	NA	C16.0	8140/3	C16.0	YES	2010	NO	NA	NA	2.5	YES	5	15	NA	NA	NA	178	NA	NA	NA	NA	NA	NA	NA	STAD	18.04	1:DECEASED	NA	93aebbd4-19cf-495a-b8ce-3c4a3feba152	c6bc78e9-87f1-4be1-8eeb-17b2f59093e3	NA	TCGA-BR-6706.ff40dc7a-f941-40dc-88a3-124ccacb5bc4.pdf	ff40dc7a-f941-40dc-88a3-124ccacb5bc4	NA	Cardia/Proximal	NA	YES	WHITE	NA	NA	R0	NO	NA	NA	1	NA	Primary	1	Male	0.6	Stomach	Matched	NA	NA	1.7	NA	NA	NA	NA	NA	NA	NA	NA	BR	6.13333333333	NA	NA	NA	NA	NA	Ukraine	NA	TUMOR FREE	NA	NA	NA	A	NA	NA	NA	NA	NA	NA	NA	NA	NA	NA	NA	NA	NA	NA	NA	NA	NA	NA	NA	NA	NA	NA	NA	NA	NA	NA	NA	NA	NA	NA	NA	NA	NA	NA	NA	NA	NA	NA	NA	NA	NA	NA	NA	NA	NA	NA	NA	NA	NA	NA	NA	NA	NA	NA	NA	NA	NA	NA	NA	NA	NA	NA	NA	NA	NA	NA	NA	NA
stad_tcga	TCGA-BR-6707	TCGA-BR-6707-01	75	NA	M0	N0	Stage IIA	7th	T3	NA	NA	Esophagogastric Cancer	Stomach Adenocarcinoma	Kiev	NA	NA	NA	NA	NA	NA	0	NA	NA	NA	13.99	1:Recurred/Progressed	NA	NA	NOT HISPANIC OR LATINO	NA	NO	9/1/11	0.1196	G3	NA	Stomach, Adenocarcinoma, Not Otherwise Specified (NOS)	No	No	NA	C16.2	8140/3	C16.2	YES	2011	NO	NA	NA	2.3	YES	0	15	NA	NA	NA	59	NA	NA	NA	NA	0	NA	NA	STAD	19.88	1:DECEASED	NA	df3df249-86c2-43d4-abe1-796cd7df653f	36f691aa-b737-4369-ad62-84f987f697a6	NA	TCGA-BR-6707.81da2f97-9ad7-4e25-8614-314c39850527.pdf	81da2f97-9ad7-4e25-8614-314c39850527	NA	Fundus/Body	NA	YES	WHITE	NA	NA	R0	NO	NA	NA	1	NA	Primary	1	Male	0.5	Stomach	Matched	NA	NA	2	NA	NA	NA	NA	NA	NA	NA	NA	BR	1.96666666667	NA	NA	NA	NA	NA	Ukraine	NA	TUMOR FREE	NA	NA	NA	A	NA	NA	NA	NA	NA	NA	NA	NA	NA	NA	NA	NA	NA	NA	NA	NA	NA	NA	NA	NA	NA	NA	NA	NA	NA	NA	NA	NA	NA	NA	NA	NA	NA	NA	NA	NA	NA	NA	NA	NA	NA	NA	NA	NA	NA	NA	NA	NA	NA	NA	NA	NA	NA	NA	NA	NA	NA	NA	NA	NA	NA	NA	NA	NA	NA	NA	NA	NA
stad_tcga	TCGA-BR-6709	TCGA-BR-6709-01	57	NA	M0	N3a	Stage IIIB	7th	T3	NA	NA	Esophagogastric Cancer	Stomach Adenocarcinoma	Kiev	NA	NA	NA	NA	NA	NA	0	NA	NA	NA	NA	NA	NA	NA	NOT HISPANIC OR LATINO	NA	NO	8/23/11	0.1802	G3	NA	Stomach, Adenocarcinoma, Not Otherwise Specified (NOS)	No	No	NA	C16.0	8140/3	C16.0	YES	2011	NO	NA	NA	2.5	YES	15	15	NA	NA	NA	33	NA	NA	NA	NA	0	NA	NA	STAD	12.16	1:DECEASED	NA	6f70e9f0-580b-4199-934b-dacd29fb28a0	05d41888-d832-433d-bcb4-327dd755dcf9	NA	TCGA-BR-6709.3e62b6aa-559f-40e1-9841-6dfbf13079d5.pdf	3e62b6aa-559f-40e1-9841-6dfbf13079d5	NA	Cardia/Proximal	NA	YES	WHITE	NA	NA	R1	NO	NA	NA	1	NA	Primary	1	Female	0.5	Stomach	Matched	NA	NA	1.4	NA	NA	NA	NA	NA	NA	NA	NA	BR	1.2	NA	NA	NA	NA	NA	Ukraine	NA	WITH TUMOR	NA	NA	NA	A	NA	NA	NA	NA	NA	NA	NA	NA	NA	NA	NA	NA	NA	NA	NA	NA	NA	NA	NA	NA	NA	NA	NA	NA	NA	NA	NA	NA	NA	NA	NA	NA	NA	NA	NA	NA	NA	NA	NA	NA	NA	NA	NA	NA	NA	NA	NA	NA	NA	NA	NA	NA	NA	NA	NA	NA	NA	NA	NA	NA	NA	NA	NA	NA	NA	NA	NA	NA
stad_tcga	TCGA-BR-6710	TCGA-BR-6710-01	41	NA	M0	N0	Stage IB	7th	T2	NA	NA	Esophagogastric Cancer	Stomach Adenocarcinoma	Kiev	NA	NA	NA	NA	NA	NA	0	NA	NA	NA	8.97	0:DiseaseFree	NA	NA	NOT HISPANIC OR LATINO	NA	NO	8/23/11	0.0000	G2	NA	Stomach, Adenocarcinoma, Not Otherwise Specified (NOS)	No	No	NA	C16.0	8140/3	C16.0	YES	2011	NO	NA	NA	2.5	YES	0	15	NA	NA	NA	5	NA	NA	NA	NA	0	NA	NA	STAD	8.97	0:LIVING	NA	012e99fe-e3e8-4bb0-bb74-5b0c9992187c	25e9e880-4ea1-40cf-bbb6-0f961c735c97	NA	TCGA-BR-6710.d5ba9a64-32a3-4b1d-adb9-4151678a4321.pdf	d5ba9a64-32a3-4b1d-adb9-4151678a4321	NA	Gastroesophageal Junction	NA	YES	WHITE	NA	NA	R0	NO	NA	NA	1	NA	Primary	1	Male	0.7	Stomach	Matched	NA	NA	1.8	NA	NA	NA	NA	NA	NA	NA	NA	BR	0.166666666667	NA	NA	NA	NA	NA	Ukraine	NA	TUMOR FREE	NA	NA	NA	A	NA	NA	NA	NA	NA	NA	NA	NA	NA	NA	NA	NA	NA	NA	NA	NA	NA	NA	NA	NA	NA	NA	NA	NA	NA	NA	NA	NA	NA	NA	NA	NA	NA	NA	NA	NA	NA	NA	NA	NA	NA	NA	NA	NA	NA	NA	NA	NA	NA	NA	NA	NA	NA	NA	NA	NA	NA	NA	NA	NA	NA	NA	NA	NA	NA	NA	NA	NA
stad_tcga	TCGA-BR-6801	TCGA-BR-6801-01	70	NA	M0	N0	Stage IIA	7th	T3	NA	NA	Esophagogastric Cancer	Stomach Adenocarcinoma	Tver	NA	NA	NA	NA	NA	NA	0	NA	NA	NA	40.18	0:DiseaseFree	NA	NA	NOT HISPANIC OR LATINO	NA	NO	8/25/11	0.1774	G2	NA	Stomach, Adenocarcinoma, Not Otherwise Specified (NOS)	No	No	NA	C16.2	8140/3	C16.2	YES	2011	NO	NA	NA	3	YES	0	8	NA	NA	NA	38	NA	NA	NA	NA	NA	NA	NA	STAD	40.18	0:LIVING	NA	24fed326-bdcf-4c20-a06e-7c1c3d6c9cc5	713f11ee-d285-4a3b-b421-1d416e5f8e52	NA	TCGA-BR-6801.975674c1-7cb6-4e9e-b9e4-32ff2504e260.pdf	975674c1-7cb6-4e9e-b9e4-32ff2504e260	NA	Fundus/Body	NA	YES	WHITE	NA	NA	R0	NO	NA	NA	1	NA	Primary	1	Male	0.2	Stomach	Matched	NA	NA	0.9	NA	NA	NA	NA	NA	NA	NA	NA	BR	1.33333333333	NA	NA	NA	NA	NA	Russia	NA	TUMOR FREE	NA	NA	NA	A	NA	NA	NA	NA	NA	NA	NA	NA	NA	NA	NA	NA	NA	NA	NA	NA	NA	NA	NA	NA	NA	NA	NA	NA	NA	NA	NA	NA	NA	NA	NA	NA	NA	NA	NA	NA	NA	NA	NA	NA	NA	NA	NA	NA	NA	NA	NA	NA	NA	NA	NA	NA	NA	NA	NA	NA	NA	NA	NA	NA	NA	NA	NA	NA	NA	NA	NA	NA
stad_tcga	TCGA-BR-6802	TCGA-BR-6802-01	65	NA	M0	N2	Stage IIIA	7th	T3	NA	NA	Esophagogastric Cancer	Stomach Adenocarcinoma	Tver	NA	NA	NA	NA	NA	NA	0	NA	NA	NA	26.51	1:Recurred/Progressed	NA	NA	NOT HISPANIC OR LATINO	NA	NO	8/25/11	0.0007	G3	NA	Stomach, Adenocarcinoma, Not Otherwise Specified (NOS)	No	No	NA	C16.2	8140/3	C16.2	YES	2011	NO	NA	NA	2.8	YES	3	3	NA	NA	NA	449	NA	NA	NA	NA	NA	NA	NA	STAD	30.88	0:LIVING	NA	7c831a1d-3253-4af4-a0ff-7fe9ff9af1ce	e3bf04c2-961f-4511-af63-5a0e8ae6377b	NA	TCGA-BR-6802.4a454e20-ec0e-4dbf-8e14-9a451ddba4af.pdf	4a454e20-ec0e-4dbf-8e14-9a451ddba4af	NA	Fundus/Body	NA	YES	WHITE	NA	NA	R0	NO	NA	NA	1	NA	Primary	1	Male	0.4	Stomach	Matched	NA	NA	0.9	NA	NA	NA	NA	NA	NA	NA	NA	BR	15.4333333333	NA	NA	NA	NA	NA	Russia	NA	TUMOR FREE	NA	NA	NA	A	NA	NA	NA	NA	NA	NA	NA	NA	NA	NA	NA	NA	NA	NA	NA	NA	NA	NA	NA	NA	NA	NA	NA	NA	NA	NA	NA	NA	NA	NA	NA	NA	NA	NA	NA	NA	NA	NA	NA	NA	NA	NA	NA	NA	NA	NA	NA	NA	NA	NA	NA	NA	NA	NA	NA	NA	NA	NA	NA	NA	NA	NA	NA	NA	NA	NA	NA	NA
stad_tcga	TCGA-BR-6803	TCGA-BR-6803-01	54	NA	M0	N0	Stage IIA	7th	T3	NA	NA	Esophagogastric Cancer	Diffuse Type Stomach Adenocarcinoma	Tver	NA	NA	NA	NA	NA	NA	0	NA	NA	NA	31.18	0:DiseaseFree	NA	NA	NOT HISPANIC OR LATINO	NA	NO	8/31/11	0.0017	G3	NA	Stomach, Adenocarcinoma, Diffuse Type	No	No	NA	C16.2	8145/3	C16.2	YES	2011	NO	NA	NA	1.9	YES	0	5	NA	NA	NA	17	NA	NA	NA	NA	NA	NA	NA	DSTAD	31.18	0:LIVING	NA	2f90209b-7464-4d7e-83d1-67850c263ded	e56fe72a-760a-4a60-9013-ea611080ba3f	NA	TCGA-BR-6803.c80761a5-ebe7-4b8b-929d-0dea5027310b.pdf	c80761a5-ebe7-4b8b-929d-0dea5027310b	NA	Fundus/Body	NA	YES	WHITE	NA	NA	R0	NO	NA	NA	1	NA	Primary	1	Female	0.5	Stomach	Matched	NA	NA	1.4	NA	NA	NA	NA	NA	NA	NA	NA	BR	0.6	NA	NA	NA	NA	NA	Russia	NA	TUMOR FREE	NA	NA	NA	A	NA	NA	NA	NA	NA	NA	NA	NA	NA	NA	NA	NA	NA	NA	NA	NA	NA	NA	NA	NA	NA	NA	NA	NA	NA	NA	NA	NA	NA	NA	NA	NA	NA	NA	NA	NA	NA	NA	NA	NA	NA	NA	NA	NA	NA	NA	NA	NA	NA	NA	NA	NA	NA	NA	NA	NA	NA	NA	NA	NA	NA	NA	NA	NA	NA	NA	NA	NA
stad_tcga	TCGA-BR-6852	TCGA-BR-6852-01	64	NA	M0	N0	Stage IIA	7th	T3	NA	NA	Esophagogastric Cancer	Stomach Adenocarcinoma	Kiev	NA	NA	NA	NA	NA	NA	0	NA	NA	NA	44.91	0:DiseaseFree	NA	NA	NOT HISPANIC OR LATINO	NA	NO	10/6/11	0.0573	G3	NA	Stomach, Adenocarcinoma, Not Otherwise Specified (NOS)	No	No	NA	C16.0	8140/3	C16.0	YES	2011	NO	NA	NA	2.5	YES	0	15	NA	NA	NA	1073	NA	NA	NA	NA	0	NA	NA	STAD	44.91	0:LIVING	NA	44799c67-61cd-4f3e-bdbc-423e2e0fd2e8	f230ed0b-8d08-4546-9762-923097b4bf02	NA	TCGA-BR-6852.c6ac5892-9d86-4b22-862e-02588657b004.pdf	c6ac5892-9d86-4b22-862e-02588657b004	NA	Gastroesophageal Junction	NA	YES	WHITE	NA	NA	R0	NO	NA	NA	1	NA	Primary	1	Female	0.5	Stomach	Matched	NA	NA	1.7	NA	NA	NA	NA	NA	NA	NA	NA	BR	36.7666666667	NA	NA	NA	NA	NA	Ukraine	NA	TUMOR FREE	NA	NA	NA	A	NA	NA	NA	NA	NA	NA	NA	NA	NA	NA	NA	NA	NA	NA	NA	NA	NA	NA	NA	NA	NA	NA	NA	NA	NA	NA	NA	NA	NA	NA	NA	NA	NA	NA	NA	NA	NA	NA	NA	NA	NA	NA	NA	NA	NA	NA	NA	NA	NA	NA	NA	NA	NA	NA	NA	NA	NA	NA	NA	NA	NA	NA	NA	NA	NA	NA	NA	NA
stad_tcga	TCGA-BR-7196	TCGA-BR-7196-01	64	NA	M1	N3a	Stage IV	7th	T3	NA	NA	Esophagogastric Cancer	Stomach Adenocarcinoma	Kiev	NA	NA	NA	NA	NA	NA	0	NA	NA	NA	11.43	1:Recurred/Progressed	NA	NA	NOT HISPANIC OR LATINO	NA	NO	1/20/12	0.0000	G3	NA	Stomach, Adenocarcinoma, Not Otherwise Specified (NOS)	No	No	NA	C16.0	8140/3	C16.0	YES	2011	NO	NA	NA	2.5	YES	11	15	NA	NA	NA	62	NA	NA	NA	NA	NA	NA	NA	STAD	21.88	0:LIVING	NA	1b641270-18f8-4257-821b-d26179e08e28	3b7b1d8f-6a84-46fd-9daa-c5922fc135a1	NA	TCGA-BR-7196.ae72546e-9a93-485c-9f00-f1495a64ec4c.pdf	ae72546e-9a93-485c-9f00-f1495a64ec4c	NA	Cardia/Proximal	NA	YES	WHITE	NA	NA	R0	NO	NA	NA	1	NA	Primary	1	Male	0.5	Stomach	Matched	NA	NA	1.5	NA	NA	NA	NA	NA	NA	NA	NA	BR	2.13333333333	NA	NA	NA	NA	NA	Ukraine	NA	WITH TUMOR	NA	NA	NA	A	NA	NA	NA	NA	NA	NA	NA	NA	NA	NA	NA	NA	NA	NA	NA	NA	NA	NA	NA	NA	NA	NA	NA	NA	NA	NA	NA	NA	NA	NA	NA	NA	NA	NA	NA	NA	NA	NA	NA	NA	NA	NA	NA	NA	NA	NA	NA	NA	NA	NA	NA	NA	NA	NA	NA	NA	NA	NA	NA	NA	NA	NA	NA	NA	NA	NA	NA	NA
stad_tcga	TCGA-BR-7197	TCGA-BR-7197-01	69	NA	M0	N0	Stage II	7th	T3	NA	NA	Esophagogastric Cancer	Stomach Adenocarcinoma	Kiev	NA	NA	NA	NA	NA	NA	0	NA	NA	NA	9.2	0:DiseaseFree	NA	NA	NOT HISPANIC OR LATINO	NA	NO	1/20/12	0.5007	GX	NA	Stomach, Adenocarcinoma, Not Otherwise Specified (NOS)	No	No	NA	C16.3	8140/3	C16.3	YES	2011	NO	NA	NA	3	YES	0	15	NA	NA	NA	175	NA	NA	NA	NA	0	NA	NA	STAD	9.2	0:LIVING	NA	79dbe26f-930b-420a-9a2e-483e3318ca10	42dd8730-ba48-43fb-99c9-893c970ec589	NA	TCGA-BR-7197.d8d0b7e5-98c6-404d-921e-f4ab8ebf7c28.pdf	d8d0b7e5-98c6-404d-921e-f4ab8ebf7c28	NA	Antrum/Distal	NA	YES	WHITE	NA	NA	R0	NO	NA	NA	1	NA	Primary	1	Male	0.4	Stomach	Matched	NA	NA	1.5	NA	NA	NA	NA	NA	NA	NA	NA	BR	6.2	NA	NA	NA	NA	NA	Ukraine	NA	NA	NA	NA	NA	A	NA	NA	NA	NA	NA	NA	NA	NA	NA	NA	NA	NA	NA	NA	NA	NA	NA	NA	NA	NA	NA	NA	NA	NA	NA	NA	NA	NA	NA	NA	NA	NA	NA	NA	NA	NA	NA	NA	NA	NA	NA	NA	NA	NA	NA	NA	NA	NA	NA	NA	NA	NA	NA	NA	NA	NA	NA	NA	NA	NA	NA	NA	NA	NA	NA	NA	NA	NA
stad_tcga	TCGA-BR-7703	TCGA-BR-7703-01	81	NA	M0	N0	Stage IA	7th	T1b	NA	NA	Esophagogastric Cancer	Papillary Stomach Adenocarcinoma	Tver	NA	NA	NA	NA	NA	NA	0	NA	NA	NA	36.14	0:DiseaseFree	NA	NA	NOT HISPANIC OR LATINO	NA	NO	1/25/12	0.0472	G2	NA	Stomach, Intestinal Adenocarcinoma, Papillary Type	No	No	NA	C16.2	8260/3	C16.2	YES	2011	NO	NA	NA	1.2	YES	0	4	NA	NA	NA	677	NA	NA	NA	NA	NA	NA	NA	PSTAD	36.14	0:LIVING	NA	2943375e-3de8-4d42-959a-62f4192067ae	1084dbb1-aa80-419f-b661-581776609076	NA	TCGA-BR-7703.66c3a5cd-089d-4f2e-9610-8777807b2d59.pdf	66c3a5cd-089d-4f2e-9610-8777807b2d59	NA	Fundus/Body	NA	YES	WHITE	NA	NA	R0	NO	NA	NA	1	NA	Primary	1	Male	0.2	Stomach	Matched	NA	NA	1.2	NA	NA	NA	NA	NA	NA	NA	NA	BR	23.5666666667	NA	NA	NA	NA	NA	NA	NA	TUMOR FREE	NA	NA	NA	A	NA	NA	NA	NA	NA	NA	NA	NA	NA	NA	NA	NA	NA	NA	NA	NA	NA	NA	NA	NA	NA	NA	NA	NA	NA	NA	NA	NA	NA	NA	NA	NA	NA	NA	NA	NA	NA	NA	NA	NA	NA	NA	NA	NA	NA	NA	NA	NA	NA	NA	NA	NA	NA	NA	NA	NA	NA	NA	NA	NA	NA	NA	NA	NA	NA	NA	NA	NA
stad_tcga	TCGA-BR-7704	TCGA-BR-7704-01	69	NA	M0	N0	Stage II	7th	T3	NA	NA	Esophagogastric Cancer	Stomach Adenocarcinoma	Tver	NA	NA	NA	NA	NA	NA	0	NA	NA	NA	35.22	0:DiseaseFree	NA	NA	NOT HISPANIC OR LATINO	NA	NO	1/18/12	0.4977	G3	NA	Stomach, Intestinal Adenocarcinoma, Not Otherwise Specified (NOS)	No	No	NA	C16.2	8144/3	C16.2	YES	2011	NO	NA	NA	2.2	YES	0	3	NA	NA	NA	310	NA	NA	NA	NA	NA	NA	NA	STAD	35.22	0:LIVING	NA	9ef7582b-d4c1-4036-a1ed-ef65aa46fc60	933a3086-2e72-476a-8318-00ebd910a830	NA	TCGA-BR-7704.3a0b7e10-2bd2-48aa-937e-aa9706d14a38.pdf	3a0b7e10-2bd2-48aa-937e-aa9706d14a38	NA	Fundus/Body	NA	YES	WHITE	NA	NA	R0	NO	NA	NA	1	NA	Primary	1	Female	0.2	Stomach	Matched	NA	NA	1.2	NA	NA	NA	NA	NA	NA	NA	NA	BR	10.6	NA	NA	NA	NA	NA	Russia	NA	TUMOR FREE	NA	NA	NA	A	NA	NA	NA	NA	NA	NA	NA	NA	NA	NA	NA	NA	NA	NA	NA	NA	NA	NA	NA	NA	NA	NA	NA	NA	NA	NA	NA	NA	NA	NA	NA	NA	NA	NA	NA	NA	NA	NA	NA	NA	NA	NA	NA	NA	NA	NA	NA	NA	NA	NA	NA	NA	NA	NA	NA	NA	NA	NA	NA	NA	NA	NA	NA	NA	NA	NA	NA	NA
stad_tcga	TCGA-BR-7707	TCGA-BR-7707-01	69	NA	M0	N0	Stage IB	7th	T2	NA	NA	Esophagogastric Cancer	Stomach Adenocarcinoma	Tver	NA	NA	NA	NA	NA	NA	0	NA	NA	NA	35.81	0:DiseaseFree	NA	NA	NOT HISPANIC OR LATINO	NA	NO	1/18/12	0.0983	G3	NA	Stomach, Adenocarcinoma, Not Otherwise Specified (NOS)	No	No	NA	C16.2	8140/3	C16.2	YES	2011	NO	NA	NA	2.1	YES	0	2	NA	NA	NA	1392	NA	NA	NA	NA	NA	NA	NA	STAD	35.81	0:LIVING	NA	84d2d341-9e52-49ab-8c51-417208834c5d	aaff78f7-32d0-4e1c-92de-b0184e641cb3	NA	TCGA-BR-7707.d41c1b15-df26-46f5-accc-289d4b09caad.pdf	d41c1b15-df26-46f5-accc-289d4b09caad	NA	Fundus/Body	NA	YES	WHITE	NA	NA	R0	NO	NA	NA	1	NA	Primary	1	Female	0.6	Stomach	Matched	NA	NA	0.7	NA	NA	NA	NA	NA	NA	NA	NA	BR	47.5333333333	NA	NA	NA	NA	NA	Russia	NA	TUMOR FREE	NA	NA	NA	A	NA	NA	NA	NA	NA	NA	NA	NA	NA	NA	NA	NA	NA	NA	NA	NA	NA	NA	NA	NA	NA	NA	NA	NA	NA	NA	NA	NA	NA	NA	NA	NA	NA	NA	NA	NA	NA	NA	NA	NA	NA	NA	NA	NA	NA	NA	NA	NA	NA	NA	NA	NA	NA	NA	NA	NA	NA	NA	NA	NA	NA	NA	NA	NA	NA	NA	NA	NA
stad_tcga	TCGA-BR-7715	TCGA-BR-7715-01	65	NA	M0	N0	Stage IIA	7th	T3	NA	NA	Esophagogastric Cancer	Stomach Adenocarcinoma	Tver	NA	NA	NA	NA	NA	NA	0	NA	NA	NA	33.61	0:DiseaseFree	NA	NA	NOT HISPANIC OR LATINO	NA	NA	5/2/11	0.7320	G2	NA	Stomach, Adenocarcinoma, Not Otherwise Specified (NOS)	No	No	NA	C16.2	8140/3	C16.2	YES	2011	NO	NA	NA	2	YES	0	9	NA	NA	NA	122	NA	NA	NA	NA	NA	NA	NA	STAD	33.61	0:LIVING	NA	69704642-ba65-4a45-8f13-95d847185045	e108eb0d-4619-4282-a06f-cd69a436f3bd	NA	TCGA-BR-7715.20d6ad35-408c-4e2b-ad21-9463c3f430c5.pdf	20d6ad35-408c-4e2b-ad21-9463c3f430c5	NA	Fundus/Body	NA	YES	WHITE	NA	NA	R0	NO	NA	NA	1	NA	Primary	1	Male	0.4	Stomach	Matched	NA	NA	0.8	NA	NA	NA	NA	NA	NA	NA	NA	BR	4.26666666667	NA	NA	NA	NA	NA	Russia	NA	TUMOR FREE	NA	NA	NA	A	NA	NA	NA	NA	NA	NA	NA	NA	NA	NA	NA	NA	NA	NA	NA	NA	NA	NA	NA	NA	NA	NA	NA	NA	NA	NA	NA	NA	NA	NA	NA	NA	NA	NA	NA	NA	NA	NA	NA	NA	NA	NA	NA	NA	NA	NA	NA	NA	NA	NA	NA	NA	NA	NA	NA	NA	NA	NA	NA	NA	NA	NA	NA	NA	NA	NA	NA	NA
stad_tcga	TCGA-BR-7716	TCGA-BR-7716-01	62	NA	M0	N1	Stage IIB	7th	T3	NA	NA	Esophagogastric Cancer	Stomach Adenocarcinoma	Tver	NA	NA	NA	NA	NA	NA	0	NA	NA	NA	39.75	0:DiseaseFree	NA	NA	NOT HISPANIC OR LATINO	NA	NO	5/2/11	0.1730	G2	NA	Stomach, Adenocarcinoma, Not Otherwise Specified (NOS)	No	No	NA	C16.2	8140/3	C16.2	YES	2011	NO	NA	NA	2.5	YES	1	4	NA	NA	NA	151	NA	NA	NA	NA	NA	NA	NA	STAD	39.75	0:LIVING	NA	ca21c55f-45a7-42af-be07-430990d5445b	849f9cb7-33d0-4b03-bfb3-73ee625b84e0	NA	TCGA-BR-7716.6e595d32-0a21-4ef3-b76f-4a9c6e35d044.pdf	6e595d32-0a21-4ef3-b76f-4a9c6e35d044	NA	Fundus/Body	NA	YES	WHITE	NA	NA	R0	NO	NA	NA	1	NA	Primary	1	Female	0.2	Stomach	Matched	NA	NA	1	NA	NA	NA	NA	NA	NA	NA	NA	BR	5.26666666667	NA	NA	NA	NA	NA	NA	NA	TUMOR FREE	NA	NA	NA	A	NA	NA	NA	NA	NA	NA	NA	NA	NA	NA	NA	NA	NA	NA	NA	NA	NA	NA	NA	NA	NA	NA	NA	NA	NA	NA	NA	NA	NA	NA	NA	NA	NA	NA	NA	NA	NA	NA	NA	NA	NA	NA	NA	NA	NA	NA	NA	NA	NA	NA	NA	NA	NA	NA	NA	NA	NA	NA	NA	NA	NA	NA	NA	NA	NA	NA	NA	NA
stad_tcga	TCGA-BR-7717	TCGA-BR-7717-01	63	NA	M0	N1	Stage IV	6th	T4	NA	NA	Esophagogastric Cancer	Stomach Adenocarcinoma	Tver	NA	NA	NA	NA	NA	NA	0	NA	NA	NA	NA	NA	NA	NA	NOT HISPANIC OR LATINO	NA	NO	5/2/11	0.2040	G2	NA	Stomach, Adenocarcinoma, Not Otherwise Specified (NOS)	No	No	NA	C16.0	8140/3	C16.0	YES	2011	NO	NA	NA	2.1	YES	2	6	NA	NA	NA	114	NA	NA	NA	NA	NA	NA	NA	STAD	18.13	1:DECEASED	NA	93a337ae-2bd3-4464-b38f-93dff92d3fde	0d12d2e2-385d-4712-afc8-ec85b25e8ae5	NA	TCGA-BR-7717.ef3ed902-e805-4453-9eb3-37399e51cdef.pdf	ef3ed902-e805-4453-9eb3-37399e51cdef	NA	Cardia/Proximal	NA	YES	WHITE	NA	NA	R0	NO	NA	NA	1	NA	Primary	1	Male	0.5	Stomach	Matched	NA	NA	1.2	NA	NA	NA	NA	NA	NA	NA	NA	BR	3.9	NA	NA	NA	NA	NA	Russia	NA	NA	NA	NA	NA	A	NA	NA	NA	NA	NA	NA	NA	NA	NA	NA	NA	NA	NA	NA	NA	NA	NA	NA	NA	NA	NA	NA	NA	NA	NA	NA	NA	NA	NA	NA	NA	NA	NA	NA	NA	NA	NA	NA	NA	NA	NA	NA	NA	NA	NA	NA	NA	NA	NA	NA	NA	NA	NA	NA	NA	NA	NA	NA	NA	NA	NA	NA	NA	NA	NA	NA	NA	NA
stad_tcga	TCGA-BR-7722	TCGA-BR-7722-01	62	NA	M0	N1	Stage IIB	7th	T3	NA	NA	Esophagogastric Cancer	Stomach Adenocarcinoma	Kiev	NA	NA	NA	NA	NA	NA	0	NA	NA	NA	NA	NA	NA	NA	NOT HISPANIC OR LATINO	NA	NO	4/25/12	0.1544	G3	NA	Stomach, Adenocarcinoma, Not Otherwise Specified (NOS)	No	No	NA	C16.0	8140/3	C16.0	YES	2011	NO	NA	NA	2.8	YES	5	15	NA	NA	NA	40	NA	NA	NA	NA	NA	NA	NA	STAD	15.31	1:DECEASED	NA	8d3e3d09-bc61-4d5e-b8d6-5aee6cb488ae	58038c32-1359-49eb-aafe-2f44ec697f52	NA	TCGA-BR-7722.d937c398-e733-474b-8376-8afd4e53918b.pdf	d937c398-e733-474b-8376-8afd4e53918b	NA	Gastroesophageal Junction	NA	YES	WHITE	NA	NA	R0	NO	NA	NA	1	NA	Primary	1	Male	0.4	Stomach	Matched	NA	NA	1.2	NA	NA	NA	NA	NA	NA	NA	NA	BR	1.5	NA	NA	NA	NA	NA	Ukraine	NA	TUMOR FREE	NA	NA	NA	A	NA	NA	NA	NA	NA	NA	NA	NA	NA	NA	NA	NA	NA	NA	NA	NA	NA	NA	NA	NA	NA	NA	NA	NA	NA	NA	NA	NA	NA	NA	NA	NA	NA	NA	NA	NA	NA	NA	NA	NA	NA	NA	NA	NA	NA	NA	NA	NA	NA	NA	NA	NA	NA	NA	NA	NA	NA	NA	NA	NA	NA	NA	NA	NA	NA	NA	NA	NA
stad_tcga	TCGA-BR-7723	TCGA-BR-7723-01	59	NA	M0	N3a	Stage IIIB	7th	T3	NA	NA	Esophagogastric Cancer	Stomach Adenocarcinoma	Kiev	NA	NA	NA	NA	NA	NA	0	NA	NA	NA	18.36	1:Recurred/Progressed	NA	NA	NOT HISPANIC OR LATINO	NA	NO	12/21/11	0.4997	G3	NA	Stomach, Adenocarcinoma, Not Otherwise Specified (NOS)	No	No	NA	C16.2	8140/3	C16.2	YES	2011	NO	NA	NA	2.9	YES	8	15	NA	NA	NA	138	NA	NA	NA	NA	NA	NA	NA	STAD	28.71	1:DECEASED	NA	bb3729fe-2fa2-47fc-afde-c14036cb84f5	35fd9c18-60d0-4974-b96f-bd6b2b9a49c8	NA	TCGA-BR-7723.5fa5d633-38b1-488d-bffd-8173053f65aa.pdf	5fa5d633-38b1-488d-bffd-8173053f65aa	NA	Fundus/Body	NA	YES	WHITE	NA	NA	R0	NO	NA	NA	1	NA	Primary	1	Male	0.4	Stomach	Matched	NA	NA	1.6	NA	NA	NA	NA	NA	NA	NA	NA	BR	4.9	NA	NA	NA	NA	NA	NA	NA	TUMOR FREE	NA	NA	NA	A	NA	NA	NA	NA	NA	NA	NA	NA	NA	NA	NA	NA	NA	NA	NA	NA	NA	NA	NA	NA	NA	NA	NA	NA	NA	NA	NA	NA	NA	NA	NA	NA	NA	NA	NA	NA	NA	NA	NA	NA	NA	NA	NA	NA	NA	NA	NA	NA	NA	NA	NA	NA	NA	NA	NA	NA	NA	NA	NA	NA	NA	NA	NA	NA	NA	NA	NA	NA
stad_tcga	TCGA-BR-7851	TCGA-BR-7851-01	74	NA	M0	N0	Stage IIB	7th	T4a	NA	NA	Esophagogastric Cancer	Stomach Adenocarcinoma	Tver	NA	NA	NA	NA	NA	NA	0	NA	NA	NA	NA	NA	NA	NA	NOT HISPANIC OR LATINO	NA	NO	2/20/12	0.0081	G3	NA	Stomach, Intestinal Adenocarcinoma, Not Otherwise Specified (NOS)	No	No	NA	C16.2	8144/3	C16.2	YES	2011	NO	NA	NA	2.2	YES	0	10	NA	NA	NA	1402	NA	NA	NA	NA	NA	NA	NA	STAD	NA	1:DECEASED	NA	08c73b36-ede5-4136-b73b-0e964d432f89	cfe6fe56-7bdd-4b7d-9bb2-7a3a5d373409	NA	TCGA-BR-7851.5e808080-b605-4e23-bcc0-290c39167c32.pdf	5e808080-b605-4e23-bcc0-290c39167c32	NA	Fundus/Body	NA	YES	WHITE	NA	NA	R0	NO	NA	NA	1	NA	Primary	1	Male	0.3	Stomach	Matched	NA	NA	1.2	NA	NA	NA	NA	NA	NA	NA	NA	BR	48.2	NA	NA	NA	NA	NA	Russia	NA	TUMOR FREE	NA	NA	NA	A	NA	NA	NA	NA	NA	NA	NA	NA	NA	NA	NA	NA	NA	NA	NA	NA	NA	NA	NA	NA	NA	NA	NA	NA	NA	NA	NA	NA	NA	NA	NA	NA	NA	NA	NA	NA	NA	NA	NA	NA	NA	NA	NA	NA	NA	NA	NA	NA	NA	NA	NA	NA	NA	NA	NA	NA	NA	NA	NA	NA	NA	NA	NA	NA	NA	NA	NA	NA
stad_tcga	TCGA-BR-7901	TCGA-BR-7901-01	74	NA	M0	N1	Stage IIB	7th	T3	NA	NA	Esophagogastric Cancer	Stomach Adenocarcinoma	Kiev	NA	NA	NA	NA	NA	NA	0	NA	NA	NA	2.99	1:Recurred/Progressed	NA	NA	NOT HISPANIC OR LATINO	NA	NO	12/20/11	0.2548	G2	NA	Stomach, Adenocarcinoma, Not Otherwise Specified (NOS)	No	No	NA	C16.0	8140/3	C16.0	YES	2011	NO	NA	NA	2.5	YES	2	15	NA	NA	NA	148	NA	NA	NA	NA	0	NA	NA	STAD	3.45	1:DECEASED	NA	9b5e5122-8ea0-432c-bc64-932bf376fffd	1ad3f5ba-2346-4d29-a7f5-cc99d98f2e4c	NA	TCGA-BR-7901.d3b5ad77-4461-4bd9-8791-09d03e212a51.pdf	d3b5ad77-4461-4bd9-8791-09d03e212a51	NA	Gastroesophageal Junction	NA	YES	WHITE	NA	NA	R0	NO	NA	NA	1	NA	Primary	1	Male	0.5	Stomach	Matched	NA	NA	1.6	NA	NA	NA	NA	NA	NA	NA	NA	BR	5.2	NA	NA	NA	NA	NA	Ukraine	NA	TUMOR FREE	NA	NA	NA	A	NA	NA	NA	NA	NA	NA	NA	NA	NA	NA	NA	NA	NA	NA	NA	NA	NA	NA	NA	NA	NA	NA	NA	NA	NA	NA	NA	NA	NA	NA	NA	NA	NA	NA	NA	NA	NA	NA	NA	NA	NA	NA	NA	NA	NA	NA	NA	NA	NA	NA	NA	NA	NA	NA	NA	NA	NA	NA	NA	NA	NA	NA	NA	NA	NA	NA	NA	NA
stad_tcga	TCGA-BR-7957	TCGA-BR-7957-01	50	NA	M1	N3a	Stage IV	7th	T3	NA	NA	Esophagogastric Cancer	Stomach Adenocarcinoma	Tver	NA	NA	NA	NA	NA	NA	0	NA	NA	NA	NA	NA	NA	NA	NOT HISPANIC OR LATINO	NA	NO	3/16/12	0.0000	GX	NA	Stomach, Intestinal Adenocarcinoma, Not Otherwise Specified (NOS)	No	No	NA	C16.2	8144/3	C16.2	YES	2011	NO	NA	NA	2.4	YES	7	8	NA	NA	NA	55	NA	NA	NA	NA	NA	NA	NA	STAD	9.07	1:DECEASED	NA	0dfa566e-8fb2-4288-81ce-b4bcce674b06	5608c42c-1eca-46de-aa1e-eb97d7644e6a	NA	TCGA-BR-7957.90c6d25b-a9dd-4a86-86c8-8daac786acc6.pdf	90c6d25b-a9dd-4a86-86c8-8daac786acc6	NA	Fundus/Body	NA	YES	WHITE	NA	NA	R0	NO	NA	NA	1	NA	Primary	1	Female	0.3	Stomach	Matched	NA	NA	1.2	NA	NA	NA	NA	NA	NA	NA	NA	BR	1.86666666667	NA	NA	NA	NA	NA	Russia	NA	TUMOR FREE	NA	NA	NA	A	NA	NA	NA	NA	NA	NA	NA	NA	NA	NA	NA	NA	NA	NA	NA	NA	NA	NA	NA	NA	NA	NA	NA	NA	NA	NA	NA	NA	NA	NA	NA	NA	NA	NA	NA	NA	NA	NA	NA	NA	NA	NA	NA	NA	NA	NA	NA	NA	NA	NA	NA	NA	NA	NA	NA	NA	NA	NA	NA	NA	NA	NA	NA	NA	NA	NA	NA	NA
stad_tcga	TCGA-BR-7958	TCGA-BR-7958-01	60	NA	M0	N0	Stage IIIB	7th	T4b	NA	NA	Esophagogastric Cancer	Stomach Adenocarcinoma	Tver	NA	NA	NA	NA	NA	NA	0	NA	NA	NA	29.53	0:DiseaseFree	NA	NA	NOT HISPANIC OR LATINO	NA	NO	3/14/12	0.1395	G3	NA	Stomach, Adenocarcinoma, Not Otherwise Specified (NOS)	No	No	NA	C16.2	8140/3	C16.2	YES	2011	NO	NA	NA	2.5	YES	0	4	NA	NA	NA	150	NA	NA	NA	NA	NA	NA	NA	STAD	29.53	0:LIVING	NA	1fb6c06e-ecf4-4b4c-bb15-df8c0a9fad8f	e6977bc5-5928-40d2-a443-e778d949fbb3	NA	TCGA-BR-7958.ca979ce5-e9a0-4816-83cc-bc2f169d00de.pdf	ca979ce5-e9a0-4816-83cc-bc2f169d00de	NA	Fundus/Body	NA	YES	WHITE	NA	NA	R0	NO	NA	NA	1	NA	Primary	1	Male	0.3	Stomach	Matched	NA	NA	0.7	NA	NA	NA	NA	NA	NA	NA	NA	BR	5.2	NA	NA	NA	NA	NA	Russia	NA	TUMOR FREE	NA	NA	NA	A	NA	NA	NA	NA	NA	NA	NA	NA	NA	NA	NA	NA	NA	NA	NA	NA	NA	NA	NA	NA	NA	NA	NA	NA	NA	NA	NA	NA	NA	NA	NA	NA	NA	NA	NA	NA	NA	NA	NA	NA	NA	NA	NA	NA	NA	NA	NA	NA	NA	NA	NA	NA	NA	NA	NA	NA	NA	NA	NA	NA	NA	NA	NA	NA	NA	NA	NA	NA
stad_tcga	TCGA-BR-7959	TCGA-BR-7959-01	59	NA	M0	N1	Stage IIIA	7th	T4a	NA	NA	Esophagogastric Cancer	Mucinous Stomach Adenocarcinoma	Tver	NA	NA	NA	NA	NA	NA	0	NA	NA	NA	33.18	0:DiseaseFree	NA	NA	NOT HISPANIC OR LATINO	NA	NO	3/14/12	0.2752	G3	NA	Stomach, Intestinal Adenocarcinoma, Mucinous Type	No	No	NA	C16.0	8480/3	C16.0	YES	2011	NO	NA	NA	3.3	YES	1	7	NA	NA	NA	90	NA	NA	NA	NA	NA	NA	NA	MSTAD	33.18	0:LIVING	NA	b16167d0-d7d7-408e-bd0e-ce429b7f828c	c8fc5fb2-ded2-48af-a87d-36c367a3330d	NA	TCGA-BR-7959.8ba6ceee-5887-4fc6-a78b-4214ab41973c.pdf	8ba6ceee-5887-4fc6-a78b-4214ab41973c	NA	Cardia/Proximal	NA	YES	WHITE	NA	NA	R0	NO	NA	NA	1	NA	Primary	1	Male	0.2	Stomach	Matched	NA	NA	0.6	NA	NA	NA	NA	NA	NA	NA	NA	BR	3.13333333333	NA	NA	NA	NA	NA	Russia	NA	TUMOR FREE	NA	NA	NA	A	NA	NA	NA	NA	NA	NA	NA	NA	NA	NA	NA	NA	NA	NA	NA	NA	NA	NA	NA	NA	NA	NA	NA	NA	NA	NA	NA	NA	NA	NA	NA	NA	NA	NA	NA	NA	NA	NA	NA	NA	NA	NA	NA	NA	NA	NA	NA	NA	NA	NA	NA	NA	NA	NA	NA	NA	NA	NA	NA	NA	NA	NA	NA	NA	NA	NA	NA	NA
stad_tcga	TCGA-BR-8058	TCGA-BR-8058-01	53	NA	M0	N2	Stage IIIB	7th	T4a	NA	NA	Esophagogastric Cancer	Stomach Adenocarcinoma	Tver	NA	NA	NA	NA	NA	NA	0	NA	NA	NA	2.92	1:Recurred/Progressed	NA	NA	NOT HISPANIC OR LATINO	NA	NO	5/2/12	0.0252	G3	NA	Stomach, Adenocarcinoma, Not Otherwise Specified (NOS)	No	No	NA	C16.3	8140/3	C16.3	YES	2011	NO	NA	NA	3.2	YES	3	8	NA	NA	NA	56	NA	NA	NA	NA	NA	NA	NA	STAD	37.22	0:LIVING	NA	4685dc14-1809-47ea-aba9-9bde72f6661b	b9566f8d-cd38-448c-a8b9-edf35b6b33f0	NA	TCGA-BR-8058.f1d91247-04f9-4aa5-a7ed-d1347b837e5a.pdf	f1d91247-04f9-4aa5-a7ed-d1347b837e5a	NA	Antrum/Distal	NA	YES	WHITE	NA	NA	R0	NO	NA	NA	1	NA	Primary	1	Female	0.3	Stomach	Matched	NA	NA	1.6	NA	NA	NA	NA	NA	NA	NA	NA	BR	1.9	NA	NA	NA	NA	NA	Russia	NA	TUMOR FREE	NA	NA	NA	A	NA	NA	NA	NA	NA	NA	NA	NA	NA	NA	NA	NA	NA	NA	NA	NA	NA	NA	NA	NA	NA	NA	NA	NA	NA	NA	NA	NA	NA	NA	NA	NA	NA	NA	NA	NA	NA	NA	NA	NA	NA	NA	NA	NA	NA	NA	NA	NA	NA	NA	NA	NA	NA	NA	NA	NA	NA	NA	NA	NA	NA	NA	NA	NA	NA	NA	NA	NA
stad_tcga	TCGA-BR-8059	TCGA-BR-8059-01	72	NA	M0	N1	Stage III	7th	T4	NA	NA	Esophagogastric Cancer	Stomach Adenocarcinoma	Tver	NA	NA	NA	NA	NA	NA	0	NA	NA	NA	NA	NA	NA	NA	NOT HISPANIC OR LATINO	NA	NO	5/9/12	0.0754	G3	NA	Stomach, Intestinal Adenocarcinoma, Not Otherwise Specified (NOS)	No	No	NA	C16.1	8144/3	C16.1	YES	2011	NO	NA	NA	2.5	YES	1	7	NA	NA	NA	703	NA	NA	NA	NA	NA	NA	NA	STAD	14.42	1:DECEASED	NA	bae3c762-d894-4742-860c-43d18659b4bc	2954c95c-09d8-4090-a160-3f041e325ac3	NA	TCGA-BR-8059.c58def42-9a42-4b55-b4b6-6ef87ca4b6c3.pdf	c58def42-9a42-4b55-b4b6-6ef87ca4b6c3	NA	Fundus/Body	NA	YES	WHITE	NA	NA	R0	NO	NA	NA	1	NA	Primary	1	Male	0.3	Stomach	Matched	NA	NA	0.8	NA	NA	NA	NA	NA	NA	NA	NA	BR	23.9	NA	NA	NA	NA	NA	Russia	NA	TUMOR FREE	NA	NA	NA	A	NA	NA	NA	NA	NA	NA	NA	NA	NA	NA	NA	NA	NA	NA	NA	NA	NA	NA	NA	NA	NA	NA	NA	NA	NA	NA	NA	NA	NA	NA	NA	NA	NA	NA	NA	NA	NA	NA	NA	NA	NA	NA	NA	NA	NA	NA	NA	NA	NA	NA	NA	NA	NA	NA	NA	NA	NA	NA	NA	NA	NA	NA	NA	NA	NA	NA	NA	NA
stad_tcga	TCGA-BR-8060	TCGA-BR-8060-01	75	NA	M0	N2	Stage IIB	7th	T2	NA	NA	Esophagogastric Cancer	Stomach Adenocarcinoma	Tver	NA	NA	NA	NA	NA	NA	0	NA	NA	NA	NA	NA	NA	NA	NOT HISPANIC OR LATINO	NA	NO	5/2/12	0.3945	G3	NA	Stomach, Adenocarcinoma, Not Otherwise Specified (NOS)	No	No	NA	C16.0	8140/3	C16.0	YES	2011	NO	NA	NA	1.4	YES	4	4	NA	NA	NA	170	NA	NA	NA	NA	NA	NA	NA	STAD	11.43	1:DECEASED	NA	23ef21a0-3695-4ca2-99e2-274805f11892	15be8683-19e2-42a1-8a78-78ce5f278e12	NA	TCGA-BR-8060.ee0f0572-9f55-45f0-8ac4-f1f846b24fd5.pdf	ee0f0572-9f55-45f0-8ac4-f1f846b24fd5	NA	Cardia/Proximal	NA	YES	WHITE	NA	NA	R0	NO	NA	NA	1	NA	Primary	1	Female	0.2	Stomach	Matched	NA	NA	0.6	NA	NA	NA	NA	NA	NA	NA	NA	BR	5.76666666667	NA	NA	NA	NA	NA	Russia	NA	TUMOR FREE	NA	NA	NA	A	NA	NA	NA	NA	NA	NA	NA	NA	NA	NA	NA	NA	NA	NA	NA	NA	NA	NA	NA	NA	NA	NA	NA	NA	NA	NA	NA	NA	NA	NA	NA	NA	NA	NA	NA	NA	NA	NA	NA	NA	NA	NA	NA	NA	NA	NA	NA	NA	NA	NA	NA	NA	NA	NA	NA	NA	NA	NA	NA	NA	NA	NA	NA	NA	NA	NA	NA	NA
stad_tcga	TCGA-BR-8077	TCGA-BR-8077-01	58	NA	M0	N1	Stage IIIB	7th	T4b	NA	NA	Esophagogastric Cancer	Stomach Adenocarcinoma	Tver	NA	NA	NA	NA	NA	NA	0	NA	NA	NA	0.69	0:DiseaseFree	NA	NA	NOT HISPANIC OR LATINO	NA	NO	5/2/12	0.4778	G2	NA	Stomach, Intestinal Adenocarcinoma, Not Otherwise Specified (NOS)	No	No	NA	C16.2	8144/3	C16.2	YES	2011	NO	NA	NA	2.3	YES	2	7	NA	NA	NA	125	NA	NA	NA	NA	NA	NA	NA	STAD	0.69	0:LIVING	NA	faed873e-a019-49c0-95a9-e9880fc23093	7c205fc6-f200-42d1-83ec-66e05d8407ab	NA	TCGA-BR-8077.01880b73-3ebd-4819-b500-878dec6d39c8.pdf	01880b73-3ebd-4819-b500-878dec6d39c8	NA	Fundus/Body	NA	YES	WHITE	NA	NA	R0	NO	NA	NA	1	NA	Primary	1	Female	0.5	Stomach	Matched	NA	NA	1.3	NA	NA	NA	NA	NA	NA	NA	NA	BR	4.33333333333	NA	NA	NA	NA	NA	Russia	NA	TUMOR FREE	NA	NA	NA	A	NA	NA	NA	NA	NA	NA	NA	NA	NA	NA	NA	NA	NA	NA	NA	NA	NA	NA	NA	NA	NA	NA	NA	NA	NA	NA	NA	NA	NA	NA	NA	NA	NA	NA	NA	NA	NA	NA	NA	NA	NA	NA	NA	NA	NA	NA	NA	NA	NA	NA	NA	NA	NA	NA	NA	NA	NA	NA	NA	NA	NA	NA	NA	NA	NA	NA	NA	NA
stad_tcga	TCGA-BR-8078	TCGA-BR-8078-01	70	NA	M0	N0	Stage IIB	7th	T4a	NA	NA	Esophagogastric Cancer	Stomach Adenocarcinoma	Tver	NA	NA	NA	NA	NA	NA	0	NA	NA	NA	29.57	0:DiseaseFree	NA	NA	NOT HISPANIC OR LATINO	NA	NO	5/2/12	0.1396	G3	NA	Stomach, Adenocarcinoma, Not Otherwise Specified (NOS)	No	No	NA	C16.2	8140/3	C16.2	YES	2011	NO	NA	NA	2.3	YES	0	5	NA	NA	NA	1634	NA	NA	NA	NA	NA	NA	NA	STAD	29.57	0:LIVING	NA	ea600f9e-cda8-4a56-b8bd-e4c01ab724ba	a9f31501-eb30-4606-a6f3-862586f54999	NA	TCGA-BR-8078.999a1b85-577d-4bca-bcc3-26cf849a01eb.pdf	999a1b85-577d-4bca-bcc3-26cf849a01eb	NA	Fundus/Body	NA	YES	WHITE	NA	NA	R0	NO	NA	NA	1	NA	Primary	1	Female	0.5	Stomach	Matched	NA	NA	1.7	NA	NA	NA	NA	NA	NA	NA	NA	BR	56.1666666667	NA	NA	NA	NA	NA	Russia	NA	TUMOR FREE	NA	NA	NA	A	NA	NA	NA	NA	NA	NA	NA	NA	NA	NA	NA	NA	NA	NA	NA	NA	NA	NA	NA	NA	NA	NA	NA	NA	NA	NA	NA	NA	NA	NA	NA	NA	NA	NA	NA	NA	NA	NA	NA	NA	NA	NA	NA	NA	NA	NA	NA	NA	NA	NA	NA	NA	NA	NA	NA	NA	NA	NA	NA	NA	NA	NA	NA	NA	NA	NA	NA	NA
stad_tcga	TCGA-BR-8080	TCGA-BR-8080-01	72	NA	M0	N3a	Stage IIIC	7th	T4	NA	NA	Esophagogastric Cancer	Mucinous Stomach Adenocarcinoma	Tver	NA	NA	NA	NA	NA	NA	0	NA	NA	NA	NA	NA	NA	NA	NOT HISPANIC OR LATINO	NA	NO	5/2/12	0.0746	G3	NA	Stomach, Intestinal Adenocarcinoma, Mucinous Type	No	No	NA	C16.2	8480/3	C16.2	YES	2011	NO	NA	NA	2.2	YES	10	12	NA	NA	NA	160	NA	NA	NA	NA	NA	NA	NA	MSTAD	9.59	1:DECEASED	NA	d0b78f02-2315-4c12-8b2a-ac1a110f882d	09bdeebd-86e4-44c1-8070-21fcb6af957a	NA	TCGA-BR-8080.1da8cdb2-8900-481d-8303-69562e2628c1.pdf	1da8cdb2-8900-481d-8303-69562e2628c1	NA	Fundus/Body	NA	YES	WHITE	NA	NA	R0	NO	NA	NA	1	NA	Primary	1	Female	0.4	Stomach	Matched	NA	NA	1.8	NA	NA	NA	NA	NA	NA	NA	NA	BR	5.6	NA	NA	NA	NA	NA	Russia	NA	TUMOR FREE	NA	NA	NA	A	NA	NA	NA	NA	NA	NA	NA	NA	NA	NA	NA	NA	NA	NA	NA	NA	NA	NA	NA	NA	NA	NA	NA	NA	NA	NA	NA	NA	NA	NA	NA	NA	NA	NA	NA	NA	NA	NA	NA	NA	NA	NA	NA	NA	NA	NA	NA	NA	NA	NA	NA	NA	NA	NA	NA	NA	NA	NA	NA	NA	NA	NA	NA	NA	NA	NA	NA	NA
stad_tcga	TCGA-BR-8081	TCGA-BR-8081-01	71	NA	M0	N0	Stage IIB	7th	T4a	NA	NA	Esophagogastric Cancer	Stomach Adenocarcinoma	Tver	NA	NA	NA	NA	NA	NA	0	NA	NA	NA	32.23	0:DiseaseFree	NA	NA	NOT HISPANIC OR LATINO	NA	NO	5/2/12	0.0005	G2	NA	Stomach, Adenocarcinoma, Not Otherwise Specified (NOS)	No	No	NA	C16.2	8140/3	C16.2	YES	2011	NO	NA	NA	2.5	YES	0	5	NA	NA	NA	923	NA	NA	NA	NA	NA	NA	NA	STAD	32.23	0:LIVING	NA	1d3a03a5-b757-4617-b65a-50f429a0e026	a95fe711-1f13-4de5-b300-2e4a8f3be1fb	NA	TCGA-BR-8081.9cf967cc-86a9-4750-825b-2c6cb2e40f92.pdf	9cf967cc-86a9-4750-825b-2c6cb2e40f92	NA	Fundus/Body	NA	YES	WHITE	NA	NA	R0	NO	NA	NA	1	NA	Primary	1	Female	0.4	Stomach	Matched	NA	NA	1.4	NA	NA	NA	NA	NA	NA	NA	NA	BR	31.7	NA	NA	NA	NA	NA	Russia	NA	TUMOR FREE	NA	NA	NA	A	NA	NA	NA	NA	NA	NA	NA	NA	NA	NA	NA	NA	NA	NA	NA	NA	NA	NA	NA	NA	NA	NA	NA	NA	NA	NA	NA	NA	NA	NA	NA	NA	NA	NA	NA	NA	NA	NA	NA	NA	NA	NA	NA	NA	NA	NA	NA	NA	NA	NA	NA	NA	NA	NA	NA	NA	NA	NA	NA	NA	NA	NA	NA	NA	NA	NA	NA	NA
stad_tcga	TCGA-BR-8284	TCGA-BR-8284-01	72	NA	M0	N3a	Stage IIIC	7th	T4a	NA	NA	Esophagogastric Cancer	Stomach Adenocarcinoma	Tver	NA	NA	NA	NA	NA	NA	0	NA	NA	NA	NA	NA	NA	NA	NOT HISPANIC OR LATINO	NA	NO	5/31/12	0.1733	G3	NA	Stomach, Intestinal Adenocarcinoma, Not Otherwise Specified (NOS)	No	No	NA	C16.3	8144/3	C16.3	YES	2011	NO	NA	NA	2.4	YES	9	9	NA	NA	NA	340	NA	NA	NA	NA	NA	NA	NA	STAD	8.05	1:DECEASED	NA	a89e46f4-4808-41e5-a047-acebf8744eb7	2012faa6-f33b-4bfe-800d-fee233f742a5	NA	TCGA-BR-8284.4edf3f69-e07b-41e6-a040-31f950ad63cf.pdf	4edf3f69-e07b-41e6-a040-31f950ad63cf	NA	Antrum/Distal	NA	YES	WHITE	NO	NA	R0	NO	NA	NA	1	NA	Primary	1	Female	0.4	Stomach	Matched	NA	NA	1.7	NA	NA	NA	NA	NA	NO	NA	NA	BR	11.7666666667	NA	Complete Remission/Response	NA	NA	NA	Russia	NA	TUMOR FREE	NA	NA	NA	A	NA	NA	NA	NA	NA	NA	NA	NA	NA	NA	NA	NA	NA	NA	NA	NA	NA	NA	NA	NA	NA	NA	NA	NA	NA	NA	NA	NA	NA	NA	NA	NA	NA	NA	NA	NA	NA	NA	NA	NA	NA	NA	NA	NA	NA	NA	NA	NA	NA	NA	NA	NA	NA	NA	NA	NA	NA	NA	NA	NA	NA	NA	NA	NA	NA	NA	NA	NA
stad_tcga	TCGA-BR-8285	TCGA-BR-8285-01	57	NA	M0	N3a	Stage IIIC	7th	T4a	NA	NA	Esophagogastric Cancer	Stomach Adenocarcinoma	Tver	NA	NA	NA	NA	NA	NA	0	NA	NA	NA	NA	NA	NA	NA	NOT HISPANIC OR LATINO	NA	NO	5/31/12	0.0019	G3	NA	Stomach, Intestinal Adenocarcinoma, Not Otherwise Specified (NOS)	No	No	NA	C16.3	8144/3	C16.3	YES	2011	NO	NA	NA	2.3	YES	11	11	NA	NA	NA	81	NA	NA	NO	NA	NA	NA	NA	STAD	0.56	1:DECEASED	NA	9f4e471e-2397-4604-b0b9-c7e0c45a5d69	cce3c462-246f-4cc8-9a19-5f26d9e64567	NA	TCGA-BR-8285.16c6d9f7-b794-4b46-99be-fafbe259fa1b.pdf	16c6d9f7-b794-4b46-99be-fafbe259fa1b	NA	Fundus/Body	NA	YES	WHITE	NO	NA	R0	NO	NA	NA	1	NA	Primary	1	Female	0.2	Stomach	Matched	NA	NA	2	NA	NA	NA	NA	NA	NO	NA	NA	BR	2.76666666667	NA	Complete Remission/Response	NA	NA	NA	Russia	NA	TUMOR FREE	NA	NA	NA	A	NA	NA	NA	NA	NA	NA	NA	NA	NA	NA	NA	NA	NA	NA	NA	NA	NA	NA	NA	NA	NA	NA	NA	NA	NA	NA	NA	NA	NA	NA	NA	NA	NA	NA	NA	NA	NA	NA	NA	NA	NA	NA	NA	NA	NA	NA	NA	NA	NA	NA	NA	NA	NA	NA	NA	NA	NA	NA	NA	NA	NA	NA	NA	NA	NA	NA	NA	NA
stad_tcga	TCGA-BR-8286	TCGA-BR-8286-01	49	NA	M0	N0	Stage II	7th	T3	NA	NA	Esophagogastric Cancer	Stomach Adenocarcinoma	Tver	NA	NA	NA	NA	NA	NA	0	NA	NA	NA	29.4	0:DiseaseFree	NA	NA	NOT HISPANIC OR LATINO	NA	NO	5/31/12	0.4298	G3	NA	Stomach, Adenocarcinoma, Not Otherwise Specified (NOS)	No	No	NA	C16.3	8144/3	C16.3	YES	2011	NO	NA	NA	2.7	YES	0	5	NA	NA	NA	117	NA	NA	NA	NA	NA	NA	NA	STAD	29.4	0:LIVING	NA	7d915d11-729c-4577-a948-9824a8b033ce	e438f0f2-6f84-419a-a846-902eddd9373a	NA	TCGA-BR-8286.dea1ab09-0df6-4d15-9c96-a46fe1fe1408.pdf	dea1ab09-0df6-4d15-9c96-a46fe1fe1408	NA	Antrum/Distal	NA	YES	WHITE	NA	NA	R0	NO	NA	NA	1	NA	Primary	1	Male	0.4	Stomach	Matched	NA	NA	1.5	NA	NA	NA	NA	NA	NA	NA	NA	BR	4.03333333333	NA	NA	NA	NA	NA	Russia	NA	TUMOR FREE	NA	NA	NA	A	NA	NA	NA	NA	NA	NA	NA	NA	NA	NA	NA	NA	NA	NA	NA	NA	NA	NA	NA	NA	NA	NA	NA	NA	NA	NA	NA	NA	NA	NA	NA	NA	NA	NA	NA	NA	NA	NA	NA	NA	NA	NA	NA	NA	NA	NA	NA	NA	NA	NA	NA	NA	NA	NA	NA	NA	NA	NA	NA	NA	NA	NA	NA	NA	NA	NA	NA	NA
stad_tcga	TCGA-BR-8289	TCGA-BR-8289-01	57	NA	M1	N3a	Stage IV	7th	T4	NA	NA	Esophagogastric Cancer	Stomach Adenocarcinoma	Tver	NA	NA	NA	NA	NA	NA	0	NA	NA	NA	NA	NA	NA	NA	NOT HISPANIC OR LATINO	NA	NO	6/7/12	0.3045	G3	NA	Stomach, Intestinal Adenocarcinoma, Not Otherwise Specified (NOS)	No	No	NA	C16.2	8144/3	C16.2	YES	2011	NO	NA	NA	2	YES	11	11	NA	NA	NA	195	NA	NA	NA	NA	NA	NA	NA	STAD	2.66	1:DECEASED	NA	889cb779-36a5-4ac6-b2cf-ea7be0cc387d	92abc4ef-88ac-4d4e-bf85-4a7ab9a1960b	NA	TCGA-BR-8289.35305ff8-448b-4c82-bf25-e75cf563dd18.pdf	35305ff8-448b-4c82-bf25-e75cf563dd18	NA	Fundus/Body	NA	YES	WHITE	NA	NA	R0	NO	NA	NA	1	NA	Primary	1	Male	0.5	Stomach	Matched	NA	NA	1	NA	NA	NA	NA	NA	NA	NA	NA	BR	6.56666666667	NA	NA	NA	NA	NA	Russia	NA	TUMOR FREE	NA	NA	NA	A	NA	NA	NA	NA	NA	NA	NA	NA	NA	NA	NA	NA	NA	NA	NA	NA	NA	NA	NA	NA	NA	NA	NA	NA	NA	NA	NA	NA	NA	NA	NA	NA	NA	NA	NA	NA	NA	NA	NA	NA	NA	NA	NA	NA	NA	NA	NA	NA	NA	NA	NA	NA	NA	NA	NA	NA	NA	NA	NA	NA	NA	NA	NA	NA	NA	NA	NA	NA
stad_tcga	TCGA-BR-8291	TCGA-BR-8291-01	61	NA	M0	N1	Stage IIB	7th	T3	NA	NA	Esophagogastric Cancer	Diffuse Type Stomach Adenocarcinoma	Tver	NA	NA	NA	NA	NA	NA	0	NA	NA	NA	NA	NA	NA	NA	NOT HISPANIC OR LATINO	NA	NO	6/13/12	0.0280	GX	NA	Stomach, Adenocarcinoma, Diffuse Type	No	No	NA	C16.3	8145/3	C16.3	YES	2011	NO	NA	NA	2.9	YES	1	6	NA	NA	NA	36	NA	NA	NA	NA	NA	NA	NA	DSTAD	19.94	1:DECEASED	NA	264b781d-122b-433d-80d4-59fbec262f22	aef7d085-b8fc-44f8-a77d-0873aa8801c6	NA	TCGA-BR-8291.1d259742-9c4a-414a-bfef-2d92d859a99f.pdf	1d259742-9c4a-414a-bfef-2d92d859a99f	NA	Antrum/Distal	NA	YES	WHITE	NA	NA	R0	NO	NA	NA	1	NA	Primary	1	Male	0.4	Stomach	Matched	NA	NA	1.4	NA	NA	NA	NA	NA	NA	NA	NA	BR	1.23333333333	NA	NA	NA	NA	NA	Russia	NA	TUMOR FREE	NA	NA	NA	A	NA	NA	NA	NA	NA	NA	NA	NA	NA	NA	NA	NA	NA	NA	NA	NA	NA	NA	NA	NA	NA	NA	NA	NA	NA	NA	NA	NA	NA	NA	NA	NA	NA	NA	NA	NA	NA	NA	NA	NA	NA	NA	NA	NA	NA	NA	NA	NA	NA	NA	NA	NA	NA	NA	NA	NA	NA	NA	NA	NA	NA	NA	NA	NA	NA	NA	NA	NA
stad_tcga	TCGA-BR-8295	TCGA-BR-8295-01	60	NA	M0	N0	Stage IIB	7th	T4a	NA	NA	Esophagogastric Cancer	Stomach Adenocarcinoma	Tver	NA	NA	NA	NA	NA	NA	0	NA	NA	NA	NA	NA	NA	NA	NOT HISPANIC OR LATINO	NA	NO	6/7/12	0.4283	G3	NA	Stomach, Adenocarcinoma, Not Otherwise Specified (NOS)	No	No	NA	C16.2	8144/3	C16.2	YES	2011	NO	NA	NA	2.2	YES	0	5	NA	NA	NA	60	NA	NA	NA	NA	NA	NA	NA	STAD	2.2	1:DECEASED	NA	62d32d19-ec93-4359-ab17-dc32e599b29a	efca85b6-cac4-4df0-9b83-84cc8669a053	NA	TCGA-BR-8295.f51be268-2ab3-44e6-aca3-1142d74461d0.pdf	f51be268-2ab3-44e6-aca3-1142d74461d0	NA	Fundus/Body	NA	YES	WHITE	NA	NA	R0	NO	NA	NA	1	NA	Primary	1	Female	0.4	Stomach	Matched	NA	NA	1.3	NA	NA	NA	NA	NA	NA	NA	NA	BR	2.06666666667	NA	NA	NA	NA	NA	Russia	NA	WITH TUMOR	NA	NA	NA	A	NA	NA	NA	NA	NA	NA	NA	NA	NA	NA	NA	NA	NA	NA	NA	NA	NA	NA	NA	NA	NA	NA	NA	NA	NA	NA	NA	NA	NA	NA	NA	NA	NA	NA	NA	NA	NA	NA	NA	NA	NA	NA	NA	NA	NA	NA	NA	NA	NA	NA	NA	NA	NA	NA	NA	NA	NA	NA	NA	NA	NA	NA	NA	NA	NA	NA	NA	NA
stad_tcga	TCGA-BR-8296	TCGA-BR-8296-01	58	NA	M0	N2	Stage IIIC	7th	T4b	NA	NA	Esophagogastric Cancer	Stomach Adenocarcinoma	Tver	NA	NA	NA	NA	NA	NA	0	NA	NA	NA	12.81	1:Recurred/Progressed	NA	NA	NOT HISPANIC OR LATINO	NA	NO	6/7/12	0.0703	G3	NA	Stomach, Intestinal Adenocarcinoma, Not Otherwise Specified (NOS)	No	No	NA	C16.2	8144/3	C16.2	YES	2011	NO	NA	NA	2.9	YES	6	7	NA	NA	NA	87	NA	NA	NA	NA	NA	NA	NA	STAD	15.57	1:DECEASED	NA	2688d563-b052-440b-a810-873b1cd3666d	2cf87b12-26b3-454e-88f9-b654f70b883c	NA	TCGA-BR-8296.c9f1e9c4-d693-470a-b49c-551bd8fb890b.pdf	c9f1e9c4-d693-470a-b49c-551bd8fb890b	NA	Fundus/Body	NA	YES	WHITE	NO	NA	R0	NO	NA	NA	1	NA	Primary	1	Female	0.4	Stomach	Matched	NA	NA	1.5	NA	NA	NA	NA	NA	YES	NA	NA	BR	3.03333333333	NA	Stable Disease	NA	NA	NA	Russia	NA	WITH TUMOR	NA	NA	NA	A	NA	NA	NA	NA	NA	NA	NA	NA	NA	NA	NA	NA	NA	NA	NA	NA	NA	NA	NA	NA	NA	NA	NA	NA	NA	NA	NA	NA	NA	NA	NA	NA	NA	NA	NA	NA	NA	NA	NA	NA	NA	NA	NA	NA	NA	NA	NA	NA	NA	NA	NA	NA	NA	NA	NA	NA	NA	NA	NA	NA	NA	NA	NA	NA	NA	NA	NA	NA
stad_tcga	TCGA-BR-8297	TCGA-BR-8297-01	58	NA	M0	N3a	Stage IIIC	7th	T4b	NA	NA	Esophagogastric Cancer	Diffuse Type Stomach Adenocarcinoma	Tver	NA	NA	NA	NA	NA	NA	0	NA	NA	NA	7.39	0:DiseaseFree	NA	NA	NOT HISPANIC OR LATINO	NA	NO	6/13/12	0.1375	GX	NA	Stomach, Adenocarcinoma, Diffuse Type	No	No	NA	C16.2	8145/3	C16.2	YES	2012	NO	NA	NA	2.5	YES	11	11	NA	NA	NA	215	NA	NA	NA	NA	NA	NA	NA	DSTAD	7.39	0:LIVING	NA	304aab66-4a2a-4b9f-af87-4a591d518ca1	3a4b1c75-5258-4770-8b86-786fc6603a38	NA	TCGA-BR-8297.9fc14cf7-d917-47b0-94f3-1532301b5eef.pdf	9fc14cf7-d917-47b0-94f3-1532301b5eef	NA	Fundus/Body	NA	YES	WHITE	NA	NA	R0	NO	NA	NA	1	NA	Primary	1	Male	0.4	Stomach	Matched	NA	NA	1.5	NA	NA	NA	NA	NA	YES	NA	NA	BR	7.2	NA	NA	NA	NA	NA	Russia	NA	WITH TUMOR	NA	NA	NA	A	NA	NA	NA	NA	NA	NA	NA	NA	NA	NA	NA	NA	NA	NA	NA	NA	NA	NA	NA	NA	NA	NA	NA	NA	NA	NA	NA	NA	NA	NA	NA	NA	NA	NA	NA	NA	NA	NA	NA	NA	NA	NA	NA	NA	NA	NA	NA	NA	NA	NA	NA	NA	NA	NA	NA	NA	NA	NA	NA	NA	NA	NA	NA	NA	NA	NA	NA	NA
stad_tcga	TCGA-BR-8360	TCGA-BR-8360-01	66	NA	M0	N0	Stage IIA	7th	T3	NA	NA	Esophagogastric Cancer	Stomach Adenocarcinoma	Kiev	NA	NA	NA	NA	NA	NA	0	NA	NA	NA	6.18	0:DiseaseFree	NA	NA	NOT HISPANIC OR LATINO	NA	NO	7/17/12	0.1348	G2	NA	Stomach, Intestinal Adenocarcinoma, Not Otherwise Specified (NOS)	No	No	NA	C16.1	8144/3	C16.1	YES	2011	NO	NA	NA	2.7	YES	0	15	NA	NA	NA	892	NA	NA	NA	NA	NA	NA	NA	STAD	6.18	0:LIVING	NA	9db0da77-797d-45d2-abdc-a586dea94ed8	5b5c9453-948e-496c-9901-0f5ba0546ffb	NA	TCGA-BR-8360.9879214f-a6c8-4d8d-8244-873eb5ae5f8a.pdf	9879214f-a6c8-4d8d-8244-873eb5ae5f8a	NA	Fundus/Body	NA	YES	WHITE	NA	NA	R0	NO	NA	NA	1	NA	Primary	1	Male	0.5	Stomach	Matched	NA	NA	1.6	NA	NA	NA	NA	NA	NA	NA	NA	BR	30.7666666667	NA	NA	NA	NA	NA	Ukraine	NA	TUMOR FREE	NA	NA	NA	A	NA	NA	NA	NA	NA	NA	NA	NA	NA	NA	NA	NA	NA	NA	NA	NA	NA	NA	NA	NA	NA	NA	NA	NA	NA	NA	NA	NA	NA	NA	NA	NA	NA	NA	NA	NA	NA	NA	NA	NA	NA	NA	NA	NA	NA	NA	NA	NA	NA	NA	NA	NA	NA	NA	NA	NA	NA	NA	NA	NA	NA	NA	NA	NA	NA	NA	NA	NA
stad_tcga	TCGA-BR-8361	TCGA-BR-8361-01	71	NA	M0	N2	Stage IIIC	7th	T4b	NA	NA	Esophagogastric Cancer	Stomach Adenocarcinoma	Tver	NA	NA	NA	NA	NA	NA	0	NA	NA	NA	31.08	0:DiseaseFree	NA	NA	NOT HISPANIC OR LATINO	NA	NO	7/17/12	0.2159	G3	NA	Stomach, Adenocarcinoma, Not Otherwise Specified (NOS)	No	No	NA	C16.1	8140/3	C16.1	YES	2012	NO	NA	NA	2	YES	6	10	NA	NA	NA	1428	NA	NA	NA	NA	NA	NA	NA	STAD	31.08	0:LIVING	NA	86cbca52-29bd-4b88-a203-e8b9a072bd4b	f05e8a2f-3db9-41c4-9e4d-cd898ab53aa4	NA	TCGA-BR-8361.b8966001-4e75-4d0e-b31d-f2b283d0e326.pdf	b8966001-4e75-4d0e-b31d-f2b283d0e326	NA	Fundus/Body	NA	YES	WHITE	NA	NA	R0	NO	NA	NA	1	NA	Primary	1	Female	0.5	Stomach	Matched	NA	NA	1.5	NA	NA	NA	NA	NA	NA	NA	NA	BR	49.0666666667	NA	NA	NA	NA	NA	Russia	NA	TUMOR FREE	NA	NA	NA	A	NA	NA	NA	NA	NA	NA	NA	NA	NA	NA	NA	NA	NA	NA	NA	NA	NA	NA	NA	NA	NA	NA	NA	NA	NA	NA	NA	NA	NA	NA	NA	NA	NA	NA	NA	NA	NA	NA	NA	NA	NA	NA	NA	NA	NA	NA	NA	NA	NA	NA	NA	NA	NA	NA	NA	NA	NA	NA	NA	NA	NA	NA	NA	NA	NA	NA	NA	NA
stad_tcga	TCGA-BR-8362	TCGA-BR-8362-01	65	NA	M0	N3a	Stage IIIC	7th	T4b	NA	NA	Esophagogastric Cancer	Stomach Adenocarcinoma	Tver	NA	NA	NA	NA	NA	NA	0	NA	NA	NA	11.7	1:Recurred/Progressed	NA	NA	NOT HISPANIC OR LATINO	NA	NO	7/17/12	0.2174	G3	NA	Stomach, Adenocarcinoma, Not Otherwise Specified (NOS)	No	No	NA	C16.1	8140/3	C16.1	YES	2012	NO	NA	NA	2.8	YES	15	30	NA	NA	NA	NA	NA	NA	NA	NA	NA	NA	NA	STAD	13.07	1:DECEASED	NA	bdfd84fa-a8b9-46cd-b618-1267590da864	7d692fac-0161-4c81-b191-c24d653012d1	NA	TCGA-BR-8362.73be4302-c225-4c2c-b3f6-57644f9fabf8.pdf	73be4302-c225-4c2c-b3f6-57644f9fabf8	NA	Fundus/Body	NA	YES	WHITE	NA	NA	R0	NO	NA	NA	1	NA	Primary	1	Male	0.5	Stomach	Matched	NA	NA	2	NA	NA	NA	NA	NA	NA	NA	NA	BR	0	NA	NA	NA	NA	NA	Russia	NA	TUMOR FREE	NA	NA	NA	A	NA	NA	NA	NA	NA	NA	NA	NA	NA	NA	NA	NA	NA	NA	NA	NA	NA	NA	NA	NA	NA	NA	NA	NA	NA	NA	NA	NA	NA	NA	NA	NA	NA	NA	NA	NA	NA	NA	NA	NA	NA	NA	NA	NA	NA	NA	NA	NA	NA	NA	NA	NA	NA	NA	NA	NA	NA	NA	NA	NA	NA	NA	NA	NA	NA	NA	NA	NA
stad_tcga	TCGA-BR-8363	TCGA-BR-8363-01	73	NA	M0	N0	Stage IB	7th	T2	NA	NA	Esophagogastric Cancer	Stomach Adenocarcinoma	Tver	NA	NA	NA	NA	NA	NA	0	NA	NA	NA	NA	NA	NA	NA	NOT HISPANIC OR LATINO	NA	NO	7/17/12	0.0172	G3	NA	Stomach, Adenocarcinoma, Not Otherwise Specified (NOS)	No	No	NA	C16.1	8140/3	C16.1	YES	2012	NO	NA	NA	1.5	YES	0	11	NA	NA	NA	1250	NA	NA	NO	NA	NA	NA	NA	STAD	0.26	1:DECEASED	NA	65ef7ccc-93e9-487a-9d4c-70ee7b9ddb17	9f2134ef-1257-47f4-9677-d314a5e5dcb7	NA	TCGA-BR-8363.a9b7ae6a-69d4-41d3-82f9-7fabda8bb680.pdf	a9b7ae6a-69d4-41d3-82f9-7fabda8bb680	Other, non-malignant disease	Antrum/Distal	NA	YES	WHITE	NO	NA	R0	NO	NA	NA	1	NA	Primary	1	Female	0.5	Stomach	Matched	NA	NA	0.5	NA	NA	NA	NA	NA	NO	NA	NA	BR	42.6666666667	NA	Complete Remission/Response	NA	NA	NA	Russia	NA	TUMOR FREE	NA	NA	NA	A	NA	NA	NA	NA	NA	NA	NA	NA	NA	NA	NA	NA	NA	NA	NA	NA	NA	NA	NA	NA	NA	NA	NA	NA	NA	NA	NA	NA	NA	NA	NA	NA	NA	NA	NA	NA	NA	NA	NA	NA	NA	NA	NA	NA	NA	NA	NA	NA	NA	NA	NA	NA	NA	NA	NA	NA	NA	NA	NA	NA	NA	NA	NA	NA	NA	NA	NA	NA
stad_tcga	TCGA-BR-8364	TCGA-BR-8364-01	42	NA	M0	N2	Stage IIIC	7th	T4b	NA	NA	Esophagogastric Cancer	Diffuse Type Stomach Adenocarcinoma	Tver	NA	NA	NA	NA	NA	NA	0	NA	NA	NA	22.17	0:DiseaseFree	NA	NA	NOT HISPANIC OR LATINO	NA	NO	8/31/12	0.0003	G3	NA	Stomach, Adenocarcinoma, Diffuse Type	No	No	NA	C16.1	8145/3	C16.1	YES	2011	NO	NA	NA	2	YES	3	11	NA	NA	NA	24	NA	NA	NA	NA	NA	NA	NA	DSTAD	22.17	0:LIVING	NA	632f51b3-8ef4-4b6e-a992-c81e554507ed	70a0c712-76c9-4f18-8c43-054a2773e8e1	NA	TCGA-BR-8364.02bbc59e-5550-4d09-bd79-36976eeeb62e.pdf	02bbc59e-5550-4d09-bd79-36976eeeb62e	NA	Fundus/Body	NA	YES	WHITE	NA	NA	R0	NO	NA	NA	1	NA	Primary	1	Female	0.5	Stomach	Matched	NA	NA	1.5	NA	NA	NA	NA	NA	NA	NA	NA	BR	0.866666666667	NA	NA	NA	NA	NA	Russia	NA	TUMOR FREE	NA	NA	NA	A	NA	NA	NA	NA	NA	NA	NA	NA	NA	NA	NA	NA	NA	NA	NA	NA	NA	NA	NA	NA	NA	NA	NA	NA	NA	NA	NA	NA	NA	NA	NA	NA	NA	NA	NA	NA	NA	NA	NA	NA	NA	NA	NA	NA	NA	NA	NA	NA	NA	NA	NA	NA	NA	NA	NA	NA	NA	NA	NA	NA	NA	NA	NA	NA	NA	NA	NA	NA
stad_tcga	TCGA-BR-8365	TCGA-BR-8365-01	70	NA	M0	N0	Stage IIA	7th	T3	NA	NA	Esophagogastric Cancer	Stomach Adenocarcinoma	Kiev	NA	NA	NA	NA	NA	NA	0	NA	NA	NA	NA	NA	NA	NA	NOT HISPANIC OR LATINO	NA	NO	7/17/12	0.0280	G3	NA	Stomach, Adenocarcinoma, Not Otherwise Specified (NOS)	No	No	NA	C16.1	8140/3	C16.1	YES	2011	NO	NA	NA	2.3	YES	0	15	NA	NA	NA	38	NA	NA	NA	NA	NA	NA	NA	STAD	17.51	1:DECEASED	NA	55a2c884-49a7-4d1a-9e0e-42f6a8b720fa	03be8fe5-aa79-4c4a-826e-2052d470c33b	NA	TCGA-BR-8365.615d4ec0-59a8-455b-b64d-b958bd082885.pdf	615d4ec0-59a8-455b-b64d-b958bd082885	NA	Fundus/Body	NA	YES	WHITE	NA	NA	R0	NO	NA	NA	1	NA	Primary	1	Female	0.5	Stomach	Matched	NA	NA	1.2	NA	NA	NA	NA	NA	NA	NA	NA	BR	1.26666666667	NA	NA	NA	NA	NA	Ukraine	NA	TUMOR FREE	NA	NA	NA	A	NA	NA	NA	NA	NA	NA	NA	NA	NA	NA	NA	NA	NA	NA	NA	NA	NA	NA	NA	NA	NA	NA	NA	NA	NA	NA	NA	NA	NA	NA	NA	NA	NA	NA	NA	NA	NA	NA	NA	NA	NA	NA	NA	NA	NA	NA	NA	NA	NA	NA	NA	NA	NA	NA	NA	NA	NA	NA	NA	NA	NA	NA	NA	NA	NA	NA	NA	NA
stad_tcga	TCGA-BR-8366	TCGA-BR-8366-01	80	NA	M0	N0	Stage IIA	7th	T3	NA	NA	Esophagogastric Cancer	Stomach Adenocarcinoma	Kiev	NA	NA	NA	NA	NA	NA	0	NA	NA	NA	0.95	0:DiseaseFree	NA	NA	NOT HISPANIC OR LATINO	NA	NO	7/17/12	0.0265	G3	NA	Stomach, Adenocarcinoma, Not Otherwise Specified (NOS)	No	No	NA	C16.1	8140/3	C16.1	YES	2011	NO	NA	NA	2	YES	0	15	NA	NA	NA	186	NA	NA	NA	NA	NA	NA	NA	STAD	0.95	0:LIVING	NA	66c04b8f-42fd-44c5-945b-ee149bcf5dad	da651f10-2fe1-4430-b899-42fce04d42fb	NA	TCGA-BR-8366.bebb26ab-e0e5-44c2-9feb-47ebfc57cbcf.pdf	bebb26ab-e0e5-44c2-9feb-47ebfc57cbcf	NA	Fundus/Body	NA	YES	WHITE	NA	NA	R0	NO	NA	NA	1	NA	Primary	1	Female	0.6	Stomach	Matched	NA	NA	1.5	NA	NA	NA	NA	NA	NA	NA	NA	BR	6.36666666667	NA	NA	NA	NA	NA	Ukraine	NA	TUMOR FREE	NA	NA	NA	A	NA	NA	NA	NA	NA	NA	NA	NA	NA	NA	NA	NA	NA	NA	NA	NA	NA	NA	NA	NA	NA	NA	NA	NA	NA	NA	NA	NA	NA	NA	NA	NA	NA	NA	NA	NA	NA	NA	NA	NA	NA	NA	NA	NA	NA	NA	NA	NA	NA	NA	NA	NA	NA	NA	NA	NA	NA	NA	NA	NA	NA	NA	NA	NA	NA	NA	NA	NA
stad_tcga	TCGA-BR-8367	TCGA-BR-8367-01	55	NA	M0	N3a	Stage IIIB	7th	T3	NA	NA	Esophagogastric Cancer	Stomach Adenocarcinoma	Kiev	NA	NA	NA	NA	NA	NA	0	NA	NA	NA	19.05	1:Recurred/Progressed	NA	NA	NOT HISPANIC OR LATINO	NA	NO	7/17/12	0.0241	G3	NA	Stomach, Adenocarcinoma, Not Otherwise Specified (NOS)	No	No	NA	C16.1	8140/3	C16.1	YES	2011	NO	NA	NA	2.6	YES	9	15	NA	NA	NA	71	NA	NA	NA	NA	NA	NA	NA	STAD	26.31	1:DECEASED	NA	b12d9857-9ae1-445b-a963-b630b27b254e	d7162ccd-b9b3-47f8-bd0e-4f547bb23100	NA	TCGA-BR-8367.3ecfc05d-6535-4b71-ad28-6696b9d0995f.pdf	3ecfc05d-6535-4b71-ad28-6696b9d0995f	NA	Fundus/Body	NA	YES	WHITE	NA	NA	R0	NO	NA	NA	1	NA	Primary	1	Male	0.5	Stomach	Matched	NA	NA	1.3	NA	NA	NA	NA	NA	NA	NA	NA	BR	2.43333333333	NA	NA	NA	NA	NA	Ukraine	NA	TUMOR FREE	NA	NA	NA	A	NA	NA	NA	NA	NA	NA	NA	NA	NA	NA	NA	NA	NA	NA	NA	NA	NA	NA	NA	NA	NA	NA	NA	NA	NA	NA	NA	NA	NA	NA	NA	NA	NA	NA	NA	NA	NA	NA	NA	NA	NA	NA	NA	NA	NA	NA	NA	NA	NA	NA	NA	NA	NA	NA	NA	NA	NA	NA	NA	NA	NA	NA	NA	NA	NA	NA	NA	NA
stad_tcga	TCGA-BR-8368	TCGA-BR-8368-01	84	NA	M0	N0	Stage IB	7th	T2	NA	NA	Esophagogastric Cancer	Stomach Adenocarcinoma	Kiev	NA	NA	NA	NA	NA	NA	0	NA	NA	NA	4.3	0:DiseaseFree	NA	NA	NOT HISPANIC OR LATINO	NA	NO	7/17/12	0.0877	G3	NA	Stomach, Adenocarcinoma, Not Otherwise Specified (NOS)	No	No	NA	C16.1	8140/3	C16.1	YES	2011	NO	NA	NA	2	YES	0	15	NA	NA	NA	1009	NA	NA	NA	NA	NA	NA	NA	STAD	4.3	0:LIVING	NA	00781a96-4068-427c-a9c5-584d167c3dea	bf5321d2-aa86-4990-a2f7-00822f0edd8d	NA	TCGA-BR-8368.5836d843-39fd-4c25-a740-124e59e31907.pdf	5836d843-39fd-4c25-a740-124e59e31907	NA	Fundus/Body	NA	YES	WHITE	NA	NA	R0	NO	NA	NA	1	NA	Primary	1	Female	0.5	Stomach	Matched	NA	NA	1	NA	NA	NA	NA	NA	NA	NA	NA	BR	34.5333333333	NA	NA	NA	NA	NA	Ukraine	NA	TUMOR FREE	NA	NA	NA	A	NA	NA	NA	NA	NA	NA	NA	NA	NA	NA	NA	NA	NA	NA	NA	NA	NA	NA	NA	NA	NA	NA	NA	NA	NA	NA	NA	NA	NA	NA	NA	NA	NA	NA	NA	NA	NA	NA	NA	NA	NA	NA	NA	NA	NA	NA	NA	NA	NA	NA	NA	NA	NA	NA	NA	NA	NA	NA	NA	NA	NA	NA	NA	NA	NA	NA	NA	NA
stad_tcga	TCGA-BR-8369	TCGA-BR-8369-01	76	NA	M0	N3a	Stage IIIB	7th	T3	NA	NA	Esophagogastric Cancer	Stomach Adenocarcinoma	Kiev	NA	NA	NA	NA	NA	NA	0	NA	NA	NA	13.76	1:Recurred/Progressed	NA	NA	NOT HISPANIC OR LATINO	NA	NO	7/17/12	0.2103	G3	NA	Stomach, Adenocarcinoma, Not Otherwise Specified (NOS)	No	No	NA	C16.1	8140/3	C16.1	YES	2011	NO	NA	NA	2.3	YES	7	15	NA	NA	NA	179	NA	NA	NA	NA	NA	NA	NA	STAD	14.03	0:LIVING	NA	f89ac782-e0b2-4e62-844d-2e00d10a1c65	51e3d5cf-fb90-420d-a495-38dc20d6c72e	NA	TCGA-BR-8369.45c33e8a-a576-45c1-b5df-6530d4524363.pdf	45c33e8a-a576-45c1-b5df-6530d4524363	NA	Antrum/Distal	NA	YES	WHITE	NA	NA	R0	NO	NA	NA	1	NA	Primary	1	Female	0.4	Stomach	Matched	NA	NA	2.2	NA	NA	NA	NA	NA	NA	NA	NA	BR	6.16666666667	NA	NA	NA	NA	NA	Ukraine	NA	TUMOR FREE	NA	NA	NA	A	NA	NA	NA	NA	NA	NA	NA	NA	NA	NA	NA	NA	NA	NA	NA	NA	NA	NA	NA	NA	NA	NA	NA	NA	NA	NA	NA	NA	NA	NA	NA	NA	NA	NA	NA	NA	NA	NA	NA	NA	NA	NA	NA	NA	NA	NA	NA	NA	NA	NA	NA	NA	NA	NA	NA	NA	NA	NA	NA	NA	NA	NA	NA	NA	NA	NA	NA	NA
stad_tcga	TCGA-BR-8370	TCGA-BR-8370-01	64	NA	M0	N3a	Stage IIIB	7th	T3	NA	NA	Esophagogastric Cancer	Diffuse Type Stomach Adenocarcinoma	Kiev	NA	NA	NA	NA	NA	NA	0	NA	NA	NA	3.32	0:DiseaseFree	NA	NA	NOT HISPANIC OR LATINO	NA	NO	7/17/12	0.1969	G3	NA	Stomach, Adenocarcinoma, Diffuse Type	No	No	NA	C16.0	8140/3	C16.0	YES	2011	NO	NA	NA	2	YES	9	15	NA	NA	NA	106	NA	NA	NA	NA	NA	NA	NA	DSTAD	3.32	0:LIVING	NA	cae32f61-6b84-4122-af33-d8cbf410d4c8	115e9d77-700b-47f7-861c-3068b04f7c2e	NA	TCGA-BR-8370.782e4813-0b61-4a12-8db7-bcae3ace173f.pdf	782e4813-0b61-4a12-8db7-bcae3ace173f	NA	Cardia/Proximal	NA	YES	WHITE	NA	NA	R0	NO	NA	NA	1	NA	Primary	1	Male	0.6	Stomach	Matched	NA	NA	1.5	NA	NA	NA	NA	NA	NA	NA	NA	BR	3.63333333333	NA	NA	NA	NA	NA	Ukraine	NA	TUMOR FREE	NA	NA	NA	A	NA	NA	NA	NA	NA	NA	NA	NA	NA	NA	NA	NA	NA	NA	NA	NA	NA	NA	NA	NA	NA	NA	NA	NA	NA	NA	NA	NA	NA	NA	NA	NA	NA	NA	NA	NA	NA	NA	NA	NA	NA	NA	NA	NA	NA	NA	NA	NA	NA	NA	NA	NA	NA	NA	NA	NA	NA	NA	NA	NA	NA	NA	NA	NA	NA	NA	NA	NA
stad_tcga	TCGA-BR-8371	TCGA-BR-8371-01	62	NA	M0	N3a	Stage IIIB	7th	T3	NA	NA	Esophagogastric Cancer	Stomach Adenocarcinoma	Kiev	NA	NA	NA	NA	NA	NA	0	NA	NA	NA	11.73	1:Recurred/Progressed	NA	NA	NOT HISPANIC OR LATINO	NA	NO	7/17/12	0.0001	G3	NA	Stomach, Adenocarcinoma, Not Otherwise Specified (NOS)	No	No	NA	C16.0	8140/3	C16.0	YES	2011	NO	NA	NA	2.4	YES	10	15	NA	NA	NA	40	NA	NA	NA	NA	NA	NA	NA	STAD	11.79	1:DECEASED	NA	4020b1b1-576d-4869-9ff5-552e3afb3ab5	5014a0d9-535d-45c0-ad9e-710fff6ba527	NA	TCGA-BR-8371.1836e793-dfac-4fa3-bd1d-a44e2f1692a7.pdf	1836e793-dfac-4fa3-bd1d-a44e2f1692a7	NA	Cardia/Proximal	NA	YES	WHITE	NA	NA	R0	NO	NA	NA	1	NA	Primary	1	Male	0.5	Stomach	Matched	NA	NA	1.7	NA	NA	NA	NA	NA	NA	NA	NA	BR	1.33333333333	NA	NA	NA	NA	NA	Ukraine	NA	TUMOR FREE	NA	NA	NA	A	NA	NA	NA	NA	NA	NA	NA	NA	NA	NA	NA	NA	NA	NA	NA	NA	NA	NA	NA	NA	NA	NA	NA	NA	NA	NA	NA	NA	NA	NA	NA	NA	NA	NA	NA	NA	NA	NA	NA	NA	NA	NA	NA	NA	NA	NA	NA	NA	NA	NA	NA	NA	NA	NA	NA	NA	NA	NA	NA	NA	NA	NA	NA	NA	NA	NA	NA	NA
stad_tcga	TCGA-BR-8372	TCGA-BR-8372-01	63	NA	M0	N3a	Stage IIIC	7th	T4b	NA	NA	Esophagogastric Cancer	Stomach Adenocarcinoma	Tver	NA	NA	NA	NA	NA	NA	0	NA	NA	NA	31.24	0:DiseaseFree	NA	NA	NOT HISPANIC OR LATINO	NA	NO	7/17/12	0.0505	G3	NA	Stomach, Adenocarcinoma, Not Otherwise Specified (NOS)	No	No	NA	C16.1	8144/3	C16.1	YES	2012	NO	NA	NA	2	YES	8	17	NA	NA	NA	1299	NA	NA	NA	NA	NA	NA	NA	STAD	31.24	0:LIVING	NA	5b52f882-df12-42ec-a000-ff3b428ba05b	fae10552-1d8a-4970-b733-5aa0f498fbc8	NA	TCGA-BR-8372.7e36a66e-5969-47f3-afe0-60a103978d4f.pdf	7e36a66e-5969-47f3-afe0-60a103978d4f	NA	Fundus/Body	NA	YES	WHITE	NA	NA	R0	NO	NA	NA	1	NA	Primary	1	Male	0.5	Stomach	Matched	NA	NA	1	NA	NA	NA	NA	NA	NA	NA	NA	BR	44.4666666667	NA	NA	NA	NA	NA	Russia	NA	TUMOR FREE	NA	NA	NA	A	NA	NA	NA	NA	NA	NA	NA	NA	NA	NA	NA	NA	NA	NA	NA	NA	NA	NA	NA	NA	NA	NA	NA	NA	NA	NA	NA	NA	NA	NA	NA	NA	NA	NA	NA	NA	NA	NA	NA	NA	NA	NA	NA	NA	NA	NA	NA	NA	NA	NA	NA	NA	NA	NA	NA	NA	NA	NA	NA	NA	NA	NA	NA	NA	NA	NA	NA	NA
stad_tcga	TCGA-BR-8373	TCGA-BR-8373-01	65	NA	M0	N1	Stage IIIA	7th	T4a	NA	NA	Esophagogastric Cancer	Stomach Adenocarcinoma	Kiev	NA	NA	NA	NA	NA	NA	0	NA	NA	NA	14.78	0:DiseaseFree	NA	NA	NOT HISPANIC OR LATINO	NA	NO	7/17/12	0.4735	G2	NA	Stomach, Intestinal Adenocarcinoma, Not Otherwise Specified (NOS)	No	No	NA	C16.1	8144/3	C16.1	YES	2011	NO	NA	NA	2.5	YES	2	15	NA	NA	NA	74	NA	NA	NA	NA	NA	NA	NA	STAD	14.78	0:LIVING	NA	60879669-96c2-4710-82e0-0ae9d0e5b242	4370b4f3-4fd7-4558-bf59-daae486badc3	NA	TCGA-BR-8373.87c67d3f-2f68-48ed-a0e7-75b522ee92d9.pdf	87c67d3f-2f68-48ed-a0e7-75b522ee92d9	NA	Fundus/Body	NA	YES	WHITE	NA	NA	R0	NO	NA	NA	1	NA	Primary	1	Female	0.4	Stomach	Matched	NA	NA	1.4	NA	NA	NA	NA	NA	NA	NA	NA	BR	2.56666666667	NA	NA	NA	NA	NA	Ukraine	NA	TUMOR FREE	NA	NA	NA	A	NA	NA	NA	NA	NA	NA	NA	NA	NA	NA	NA	NA	NA	NA	NA	NA	NA	NA	NA	NA	NA	NA	NA	NA	NA	NA	NA	NA	NA	NA	NA	NA	NA	NA	NA	NA	NA	NA	NA	NA	NA	NA	NA	NA	NA	NA	NA	NA	NA	NA	NA	NA	NA	NA	NA	NA	NA	NA	NA	NA	NA	NA	NA	NA	NA	NA	NA	NA
stad_tcga	TCGA-BR-8380	TCGA-BR-8380-01	55	NA	M0	N3a	Stage IIIC	7th	T4a	NA	NA	Esophagogastric Cancer	Stomach Adenocarcinoma	Kharkiv	NA	NA	NA	NA	NA	NA	0	NA	NA	NA	15.34	1:Recurred/Progressed	NA	NA	NOT HISPANIC OR LATINO	NA	NO	7/17/12	0.0000	G3	NA	Stomach, Adenocarcinoma, Not Otherwise Specified (NOS)	No	No	NA	C16.3	8140/3	C16.3	YES	2012	NO	NA	NA	3	YES	11	15	NA	NA	NA	81	NA	NA	NA	NA	NA	NA	NA	STAD	NA	1:DECEASED	NA	9ebc8b58-363b-4638-8365-cfbde31a71ae	77e1ded5-6aaf-4321-946f-7e9173274d0a	NA	TCGA-BR-8380.7D2AF5C0-EA38-422F-83F7-EF1812BEE118.pdf	7D2AF5C0-EA38-422F-83F7-EF1812BEE118	NA	Antrum/Distal	NA	YES	WHITE	NA	NA	R1	NO	NA	NA	1	NA	Primary	1	Male	0.5	Stomach	Matched	NA	NA	1.7	NA	NA	NA	NA	NA	NA	NA	NA	BR	2.7	NA	NA	NA	NA	NA	Ukraine	NA	WITH TUMOR	NA	NA	NA	A	NA	NA	NA	NA	NA	NA	NA	NA	NA	NA	NA	NA	NA	NA	NA	NA	NA	NA	NA	NA	NA	NA	NA	NA	NA	NA	NA	NA	NA	NA	NA	NA	NA	NA	NA	NA	NA	NA	NA	NA	NA	NA	NA	NA	NA	NA	NA	NA	NA	NA	NA	NA	NA	NA	NA	NA	NA	NA	NA	NA	NA	NA	NA	NA	NA	NA	NA	NA
stad_tcga	TCGA-BR-8381	TCGA-BR-8381-01	51	NA	M0	N1	Stage IIB	7th	T3	No	NA	Esophagogastric Cancer	Stomach Adenocarcinoma	Kiev	NA	NA	NA	NA	NA	NA	0	NA	NA	NA	7.36	0:DiseaseFree	NA	NA	NOT HISPANIC OR LATINO	NA	NA	7/17/12	0.0823	G3	NA	Stomach, Adenocarcinoma, Not Otherwise Specified (NOS)	No	No	NA	C16.1	8140/3	C16.1	YES	2012	NO	NA	NA	2.5	YES	1	15	NA	NA	NA	102	NA	NA	NA	NA	NA	NA	NA	STAD	7.36	0:LIVING	NA	aef8d98f-7a1c-47f3-b5a7-a3cb299c70de	1ddc7f73-d793-4ae6-8a6a-851069892fad	NA	TCGA-BR-8381.C6F1CEC0-F54F-40D8-9946-1E20844B3C6F.pdf	C6F1CEC0-F54F-40D8-9946-1E20844B3C6F	NA	Fundus/Body	NA	YES	WHITE	NA	NO	R0	NO	NA	NA	1	NA	Primary	1	Male	0.5	Stomach	Matched	NA	NA	2	NA	NA	NA	NA	NA	NA	NA	NA	BR	3.53333333333	NA	NA	NA	NA	NA	Ukraine	NA	TUMOR FREE	NA	NA	NA	A	NA	NA	NA	NA	NA	NA	NA	NA	NA	NA	NA	NA	NA	NA	NA	NA	NA	NA	NA	NA	NA	NA	NA	NA	NA	NA	NA	NA	NA	NA	NA	NA	NA	NA	NA	NA	NA	NA	NA	NA	NA	NA	NA	NA	NA	NA	NA	NA	NA	NA	NA	NA	NA	NA	NA	NA	NA	NA	NA	NA	NA	NA	NA	NA	NA	NA	NA	NA
stad_tcga	TCGA-BR-8382	TCGA-BR-8382-01	67	NA	M0	N3a	Stage IIIC	7th	T4b	NA	NA	Esophagogastric Cancer	Stomach Adenocarcinoma	Kiev	NA	NA	NA	NA	NA	NA	0	NA	NA	NA	NA	NA	NA	NA	NOT HISPANIC OR LATINO	NA	NA	7/17/12	0.0501	G3	NA	Stomach, Adenocarcinoma, Not Otherwise Specified (NOS)	No	No	NA	C16.3	8140/3	C16.3	YES	2011	NO	NA	NA	2.2	YES	9	15	NA	NA	NA	931	NA	NA	NA	NA	NA	NA	NA	STAD	25.03	1:DECEASED	NA	e617b5c5-55ca-47a7-8497-854ab2844818	5a985977-8259-4d53-b101-51f504a9a7d3	NA	TCGA-BR-8382.F491D25F-25DB-43BD-8489-540FA929689E.pdf	F491D25F-25DB-43BD-8489-540FA929689E	NA	Antrum/Distal	NA	YES	WHITE	NO	NA	R0	NO	NA	NA	1	NA	Primary	1	Female	0.4	Stomach	Matched	NA	NA	1.2	NA	NA	NA	NA	NA	NO	NA	NA	BR	32.1	NA	Complete Remission/Response	NA	NA	NA	Ukraine	NA	TUMOR FREE	NA	NA	NA	A	NA	NA	NA	NA	NA	NA	NA	NA	NA	NA	NA	NA	NA	NA	NA	NA	NA	NA	NA	NA	NA	NA	NA	NA	NA	NA	NA	NA	NA	NA	NA	NA	NA	NA	NA	NA	NA	NA	NA	NA	NA	NA	NA	NA	NA	NA	NA	NA	NA	NA	NA	NA	NA	NA	NA	NA	NA	NA	NA	NA	NA	NA	NA	NA	NA	NA	NA	NA
stad_tcga	TCGA-BR-8384	TCGA-BR-8384-01	69	NA	M0	N2	Stage IIIC	7th	T4b	NA	NA	Esophagogastric Cancer	Stomach Adenocarcinoma	Kiev	NA	NA	NA	NA	NA	NA	0	NA	NA	NA	3.71	0:DiseaseFree	NA	NA	NOT HISPANIC OR LATINO	NA	NO	7/17/12	0.0106	G3	NA	Stomach, Adenocarcinoma, Not Otherwise Specified (NOS)	No	No	NA	C16.3	8140/3	C16.3	YES	2011	NO	NA	NA	2.4	YES	6	18	NA	NA	NA	42	NA	NA	NO	NA	NA	NA	NA	STAD	3.71	0:LIVING	NA	698a89d8-b4bc-48a8-80af-8414dbacf327	e01ad1ea-f973-4268-b101-4e5c2bd4796d	NA	TCGA-BR-8384.6030394B-10EF-4707-A0BF-25B82AC7EC84.pdf	6030394B-10EF-4707-A0BF-25B82AC7EC84	NA	Antrum/Distal	NA	YES	WHITE	NO	NA	R0	NO	NA	NA	1	NA	Primary	1	Male	0.5	Stomach	Matched	NA	NA	1.7	NA	NA	NA	NA	NA	NO	NA	NA	BR	1.6	NA	Complete Remission/Response	NA	NA	NA	Ukraine	NA	TUMOR FREE	NA	NA	NA	A	NA	NA	NA	NA	NA	NA	NA	NA	NA	NA	NA	NA	NA	NA	NA	NA	NA	NA	NA	NA	NA	NA	NA	NA	NA	NA	NA	NA	NA	NA	NA	NA	NA	NA	NA	NA	NA	NA	NA	NA	NA	NA	NA	NA	NA	NA	NA	NA	NA	NA	NA	NA	NA	NA	NA	NA	NA	NA	NA	NA	NA	NA	NA	NA	NA	NA	NA	NA
stad_tcga	TCGA-BR-8483	TCGA-BR-8483-01	59	NA	M0	N2	Stage IIIA	7th	T3	No	NA	Esophagogastric Cancer	Stomach Adenocarcinoma	Kiev	NA	NA	NA	NA	NA	NA	0	NA	NA	NA	5.39	0:DiseaseFree	NA	NA	NOT HISPANIC OR LATINO	NA	NO	9/11/12	0.7048	G2	NA	Stomach, Intestinal Adenocarcinoma, Not Otherwise Specified (NOS)	No	No	NA	C16.3	8144/3	C16.3	YES	2012	NO	NA	NA	2.7	YES	4	15	NA	NA	NA	114	NA	NA	NA	NA	NA	NA	NA	STAD	5.39	0:LIVING	NA	e17cf9e9-0902-44e0-962b-af5492876f7d	e6b69391-40b9-404f-ae2d-fd996e235039	NA	TCGA-BR-8483.5905e95b-f7a0-4a2a-ae1e-c7ed21309db3.pdf	5905e95b-f7a0-4a2a-ae1e-c7ed21309db3	NA	Antrum/Distal	NA	YES	WHITE	NO	NO	R0	NO	NA	NA	1	NA	Primary	1	Male	0.5	Stomach	Matched	NA	NA	1.7	NA	NA	NA	NA	NA	YES	NA	NA	BR	3.83333333333	NA	NA	NA	NA	NA	Ukraine	NA	TUMOR FREE	NA	NA	NA	A	NA	NA	NA	NA	NA	NA	NA	NA	NA	NA	NA	NA	NA	NA	NA	NA	NA	NA	NA	NA	NA	NA	NA	NA	NA	NA	NA	NA	NA	NA	NA	NA	NA	NA	NA	NA	NA	NA	NA	NA	NA	NA	NA	NA	NA	NA	NA	NA	NA	NA	NA	NA	NA	NA	NA	NA	NA	NA	NA	NA	NA	NA	NA	NA	NA	NA	NA	NA
stad_tcga	TCGA-BR-8484	TCGA-BR-8484-01	61	NA	M0	N1	Stage IIIA	7th	T4a	No	NA	Esophagogastric Cancer	Stomach Adenocarcinoma	Saratov	NA	NA	NA	NA	NA	NA	0	NA	NA	NA	NA	NA	NA	NA	NOT HISPANIC OR LATINO	NA	NA	8/31/12	0.2919	G2	NA	Stomach, Adenocarcinoma, Not Otherwise Specified (NOS)	No	No	NA	C16.1	8140/3	C16.1	YES	2012	NO	NA	NA	1.5	YES	2	7	NA	NA	NA	71	NA	NA	NA	NA	NA	NA	NA	STAD	25.16	1:DECEASED	NA	fa00a6a7-d5b0-40b9-8360-d56f7db64d34	45e275e2-d8b1-4423-aa70-b9425e0fb570	NA	TCGA-BR-8484.edb6a731-07df-403a-bd4b-4844aa1b1138.pdf	edb6a731-07df-403a-bd4b-4844aa1b1138	NA	Fundus/Body	NA	YES	WHITE	NA	NO	R0	NO	NA	NA	1	NA	Primary	1	Male	0.5	Stomach	Matched	NA	NA	1.4	NA	NA	NA	NA	NA	NA	NA	NA	BR	2.5	NA	Complete Remission/Response	NA	NA	NA	Russia	NA	TUMOR FREE	NA	NA	NA	A	NA	NA	NA	NA	NA	NA	NA	NA	NA	NA	NA	NA	NA	NA	NA	NA	NA	NA	NA	NA	NA	NA	NA	NA	NA	NA	NA	NA	NA	NA	NA	NA	NA	NA	NA	NA	NA	NA	NA	NA	NA	NA	NA	NA	NA	NA	NA	NA	NA	NA	NA	NA	NA	NA	NA	NA	NA	NA	NA	NA	NA	NA	NA	NA	NA	NA	NA	NA
stad_tcga	TCGA-BR-8485	TCGA-BR-8485-01	68	NA	M0	N3a	Stage IIIC	7th	T4	NA	NA	Esophagogastric Cancer	Stomach Adenocarcinoma	Tver	NA	NA	NA	NA	NA	NA	0	NA	NA	NA	9.2	0:DiseaseFree	NA	NA	NOT HISPANIC OR LATINO	NA	NO	8/31/12	0.3001	G3	NA	Stomach, Adenocarcinoma, Not Otherwise Specified (NOS)	No	No	NA	C16.1	8140/3	C16.1	YES	2012	NO	NA	NA	1.8	YES	7	13	NA	NA	NA	277	NA	NA	NA	NA	NA	NA	NA	STAD	9.2	0:LIVING	NA	1a3e7ec6-c9be-4174-8799-72267eb8a7bf	2f1460ea-827b-4c51-86a5-2d85771888bb	NA	TCGA-BR-8485.d2272ced-29fc-4da0-9de3-cfdf0e2cd899.pdf	d2272ced-29fc-4da0-9de3-cfdf0e2cd899	NA	Fundus/Body	NA	YES	WHITE	NA	NA	R0	NO	NA	NA	1	NA	Primary	1	Female	0.6	Stomach	Matched	NA	NA	1.2	NA	NA	NA	NA	NA	NA	NA	NA	BR	9.56666666667	NA	NA	NA	NA	NA	Russia	NA	TUMOR FREE	NA	NA	NA	A	NA	NA	NA	NA	NA	NA	NA	NA	NA	NA	NA	NA	NA	NA	NA	NA	NA	NA	NA	NA	NA	NA	NA	NA	NA	NA	NA	NA	NA	NA	NA	NA	NA	NA	NA	NA	NA	NA	NA	NA	NA	NA	NA	NA	NA	NA	NA	NA	NA	NA	NA	NA	NA	NA	NA	NA	NA	NA	NA	NA	NA	NA	NA	NA	NA	NA	NA	NA
stad_tcga	TCGA-BR-8486	TCGA-BR-8486-01	90	NA	M0	N0	Stage IA	7th	T1b	NA	NA	Esophagogastric Cancer	Stomach Adenocarcinoma	Tver	NA	NA	NA	NA	NA	NA	0	NA	NA	NA	20.2	0:DiseaseFree	NA	NA	NOT HISPANIC OR LATINO	NA	NO	8/31/12	0.2279	G2	NA	Stomach, Adenocarcinoma, Not Otherwise Specified (NOS)	No	No	NA	C16.1	8140/3	C16.1	YES	2012	NO	NA	NA	2.8	YES	0	5	NA	NA	NA	60	NA	NA	NA	NA	NA	NA	NA	STAD	20.2	0:LIVING	NA	b8a1c8c7-3945-4d84-8f58-3a1a1eb10730	65fa5f32-8747-41b7-8287-061587dc22de	NA	TCGA-BR-8486.0fdee0d8-68a9-4820-9876-f0f4d6e1250c.pdf	0fdee0d8-68a9-4820-9876-f0f4d6e1250c	NA	Fundus/Body	NA	YES	WHITE	NA	NA	R0	NO	NA	NA	1	NA	Primary	1	Female	0.5	Stomach	Matched	NA	NA	1.4	NA	NA	NA	NA	NA	NA	NA	NA	BR	2.0	NA	NA	NA	NA	NA	Russia	NA	TUMOR FREE	NA	NA	NA	A	NA	NA	NA	NA	NA	NA	NA	NA	NA	NA	NA	NA	NA	NA	NA	NA	NA	NA	NA	NA	NA	NA	NA	NA	NA	NA	NA	NA	NA	NA	NA	NA	NA	NA	NA	NA	NA	NA	NA	NA	NA	NA	NA	NA	NA	NA	NA	NA	NA	NA	NA	NA	NA	NA	NA	NA	NA	NA	NA	NA	NA	NA	NA	NA	NA	NA	NA	NA
stad_tcga	TCGA-BR-8487	TCGA-BR-8487-01	64	NA	M0	N0	Stage IIA	7th	T3	No	NA	Esophagogastric Cancer	Stomach Adenocarcinoma	Kiev	NA	NA	NA	NA	NA	NA	0	NA	NA	NA	1.12	0:DiseaseFree	NA	NA	NOT HISPANIC OR LATINO	NA	NO	9/11/12	0.1111	G3	NA	Stomach, Adenocarcinoma, Not Otherwise Specified (NOS)	No	No	NA	C16.3	8140/3	C16.3	YES	2012	NO	NA	NA	2.2	YES	0	15	NA	NA	NA	2901	NA	NA	NA	NA	NA	NA	NA	STAD	1.12	0:LIVING	NA	bd2a14e7-bb30-48d0-a585-7fbab767d4cf	ccfab7af-711c-448d-92c6-560219a940a6	NA	TCGA-BR-8487.6720bda7-1f6c-4426-9fa2-819d9318a736.pdf	6720bda7-1f6c-4426-9fa2-819d9318a736	NA	Antrum/Distal	NA	YES	WHITE	NA	NO	R0	NO	NA	NA	1	NA	Primary	1	Female	0.5	Stomach	Matched	NA	NA	1.6	NA	NA	NA	NA	NA	NA	NA	NA	BR	99.8666666667	NA	NA	NA	NA	NA	Ukraine	NA	TUMOR FREE	NA	NA	NA	A	NA	NA	NA	NA	NA	NA	NA	NA	NA	NA	NA	NA	NA	NA	NA	NA	NA	NA	NA	NA	NA	NA	NA	NA	NA	NA	NA	NA	NA	NA	NA	NA	NA	NA	NA	NA	NA	NA	NA	NA	NA	NA	NA	NA	NA	NA	NA	NA	NA	NA	NA	NA	NA	NA	NA	NA	NA	NA	NA	NA	NA	NA	NA	NA	NA	NA	NA	NA
stad_tcga	TCGA-BR-8588	TCGA-BR-8588-01	55	NA	M0	N0	Stage IIB	7th	T4a	NA	NA	Esophagogastric Cancer	Stomach Adenocarcinoma	Tver	NA	NA	NA	NA	NA	NA	0	NA	NA	NA	12.78	0:DiseaseFree	NA	NA	NOT HISPANIC OR LATINO	NA	NO	8/31/12	0.0412	G3	NA	Stomach, Adenocarcinoma, Not Otherwise Specified (NOS)	No	No	NA	C16.1	8140/3	C16.1	YES	2012	NO	NA	NA	2	YES	0	6	NA	NA	NA	104	NA	NA	NA	NA	NA	NA	NA	STAD	12.78	0:LIVING	NA	ad73529b-92d7-412f-b001-920a61cec313	059db5a3-4cd9-4c4f-8d59-b898bd9ad997	NA	TCGA-BR-8588.8c9ddbc4-9745-41fe-b03c-caccacff4a5a.pdf	8c9ddbc4-9745-41fe-b03c-caccacff4a5a	NA	Fundus/Body	NA	YES	WHITE	NA	NA	R0	NO	NA	NA	1	NA	Primary	1	Female	0.3	Stomach	Matched	NA	NA	0.6	NA	NA	NA	NA	NA	NA	NA	NA	BR	3.6	NA	NA	NA	NA	NA	Russia	NA	TUMOR FREE	NA	NA	NA	A	NA	NA	NA	NA	NA	NA	NA	NA	NA	NA	NA	NA	NA	NA	NA	NA	NA	NA	NA	NA	NA	NA	NA	NA	NA	NA	NA	NA	NA	NA	NA	NA	NA	NA	NA	NA	NA	NA	NA	NA	NA	NA	NA	NA	NA	NA	NA	NA	NA	NA	NA	NA	NA	NA	NA	NA	NA	NA	NA	NA	NA	NA	NA	NA	NA	NA	NA	NA
stad_tcga	TCGA-BR-8589	TCGA-BR-8589-01	56	NA	M0	N1	Stage IIIB	7th	T4b	NA	NA	Esophagogastric Cancer	Stomach Adenocarcinoma	Tver	NA	NA	NA	NA	NA	NA	0	NA	NA	NA	27.1	0:DiseaseFree	NA	NA	NOT HISPANIC OR LATINO	NA	NA	8/31/12	0.1537	G3	NA	Stomach, Adenocarcinoma, Not Otherwise Specified (NOS)	No	No	NA	C16.1	8140/3	C16.1	YES	2011	NO	NA	NA	2.7	YES	1	8	NA	NA	NA	982	NA	NA	NA	NA	NA	NA	NA	STAD	27.1	0:LIVING	NA	a1867d3e-a006-4e04-8118-478792bdca4b	56e9b06f-8e06-48a7-b940-10fb9bc36310	NA	TCGA-BR-8589.d8d7d51f-cab5-4734-a753-aef2cc4bd928.pdf	d8d7d51f-cab5-4734-a753-aef2cc4bd928	NA	Fundus/Body	NA	YES	WHITE	NA	NA	R0	NO	NA	NA	1	NA	Primary	1	Male	0.3	Stomach	Matched	NA	NA	1	NA	NA	NA	NA	NA	NA	NA	NA	BR	33.8333333333	NA	NA	NA	NA	NA	Russia	NA	TUMOR FREE	NA	NA	NA	A	NA	NA	NA	NA	NA	NA	NA	NA	NA	NA	NA	NA	NA	NA	NA	NA	NA	NA	NA	NA	NA	NA	NA	NA	NA	NA	NA	NA	NA	NA	NA	NA	NA	NA	NA	NA	NA	NA	NA	NA	NA	NA	NA	NA	NA	NA	NA	NA	NA	NA	NA	NA	NA	NA	NA	NA	NA	NA	NA	NA	NA	NA	NA	NA	NA	NA	NA	NA
stad_tcga	TCGA-BR-8590	TCGA-BR-8590-01	62	NA	M0	N2	Stage IIIC	7th	T4b	NA	NA	Esophagogastric Cancer	Stomach Adenocarcinoma	Tver	NA	NA	NA	NA	NA	NA	0	NA	NA	NA	7.33	1:Recurred/Progressed	NA	NA	NOT HISPANIC OR LATINO	NA	NO	9/12/12	0.0046	G3	NA	Stomach, Adenocarcinoma, Not Otherwise Specified (NOS)	No	No	NA	C16.1	8140/3	C16.1	YES	2011	NO	NA	NA	2.8	YES	5	7	NA	NA	NA	113	NA	NA	NA	NA	NA	NA	NA	STAD	9.33	1:DECEASED	NA	d59824bd-816e-4ffc-8aae-1c3eff1f800e	a0c5a5f3-2ed1-496c-9cce-45b7d6619960	NA	TCGA-BR-8590.b7f40cbc-844d-4f3e-92c1-187c4dcce179.pdf	b7f40cbc-844d-4f3e-92c1-187c4dcce179	NA	Fundus/Body	NA	YES	WHITE	NA	NA	R0	NO	NA	NA	1	NA	Primary	1	Male	0.3	Stomach	Matched	NA	NA	1.2	NA	NA	NA	NA	NA	NA	NA	NA	BR	3.96666666667	NA	NA	NA	NA	NA	Russia	NA	TUMOR FREE	NA	NA	NA	A	NA	NA	NA	NA	NA	NA	NA	NA	NA	NA	NA	NA	NA	NA	NA	NA	NA	NA	NA	NA	NA	NA	NA	NA	NA	NA	NA	NA	NA	NA	NA	NA	NA	NA	NA	NA	NA	NA	NA	NA	NA	NA	NA	NA	NA	NA	NA	NA	NA	NA	NA	NA	NA	NA	NA	NA	NA	NA	NA	NA	NA	NA	NA	NA	NA	NA	NA	NA
stad_tcga	TCGA-BR-8591	TCGA-BR-8591-01	79	NA	M0	N3a	Stage IIIC	7th	T4a	NA	NA	Esophagogastric Cancer	Stomach Adenocarcinoma	Tver	NA	NA	NA	NA	NA	NA	0	NA	NA	NA	28.12	0:DiseaseFree	NA	NA	NOT HISPANIC OR LATINO	NA	NO	8/31/12	0.0525	G3	NA	Stomach, Adenocarcinoma, Not Otherwise Specified (NOS)	No	No	NA	C16.3	8140/3	C16.3	YES	2012	NO	NA	NA	2.6	YES	14	14	NA	NA	NA	1481	NA	NA	NA	NA	NA	NA	NA	STAD	28.12	0:LIVING	NA	0f3e2f16-1c06-4128-af45-ee73de19ea69	cffe9c07-395d-479e-b2ac-7cf082b5ce29	NA	TCGA-BR-8591.eac8321e-e75d-426d-8db2-a7e89ae3e8a4.pdf	eac8321e-e75d-426d-8db2-a7e89ae3e8a4	NA	Antrum/Distal	NA	YES	WHITE	NA	NA	R0	NO	NA	NA	1	NA	Primary	1	Male	0.3	Stomach	Matched	NA	NA	0.8	NA	NA	NA	NA	NA	NA	NA	NA	BR	50.8666666667	NA	NA	NA	NA	NA	Russia	NA	TUMOR FREE	NA	NA	NA	A	NA	NA	NA	NA	NA	NA	NA	NA	NA	NA	NA	NA	NA	NA	NA	NA	NA	NA	NA	NA	NA	NA	NA	NA	NA	NA	NA	NA	NA	NA	NA	NA	NA	NA	NA	NA	NA	NA	NA	NA	NA	NA	NA	NA	NA	NA	NA	NA	NA	NA	NA	NA	NA	NA	NA	NA	NA	NA	NA	NA	NA	NA	NA	NA	NA	NA	NA	NA
stad_tcga	TCGA-BR-8592	TCGA-BR-8592-01	63	NA	M0	N1	Stage IIIB	7th	T4b	NA	NA	Esophagogastric Cancer	Diffuse Type Stomach Adenocarcinoma	Tver	NA	NA	NA	NA	NA	NA	0	NA	NA	NA	NA	NA	NA	NA	NOT HISPANIC OR LATINO	NA	NO	8/31/12	0.0011	G3	NA	Stomach, Adenocarcinoma, Diffuse Type	No	No	NA	C16.1	8145/3	C16.1	YES	2012	NO	NA	NA	2.7	YES	1	3	NA	NA	NA	40	NA	NA	NA	NA	NA	NA	NA	DSTAD	6.27	1:DECEASED	NA	a4cd4ff1-0c0e-488d-91d9-0ac8ef3e7bfd	7bff1914-e0a9-47af-bc5d-fdcfc7ea1e93	NA	TCGA-BR-8592.3199efb2-5f90-451a-ae61-c1d5e9888859.pdf	3199efb2-5f90-451a-ae61-c1d5e9888859	NA	Fundus/Body	NA	YES	WHITE	NA	NA	R0	NO	NA	NA	1	NA	Primary	1	Female	0.3	Stomach	Matched	NA	NA	1.6	NA	NA	NA	NA	NA	NA	NA	NA	BR	1.36666666667	NA	NA	NA	NA	NA	Russia	NA	TUMOR FREE	NA	NA	NA	A	NA	NA	NA	NA	NA	NA	NA	NA	NA	NA	NA	NA	NA	NA	NA	NA	NA	NA	NA	NA	NA	NA	NA	NA	NA	NA	NA	NA	NA	NA	NA	NA	NA	NA	NA	NA	NA	NA	NA	NA	NA	NA	NA	NA	NA	NA	NA	NA	NA	NA	NA	NA	NA	NA	NA	NA	NA	NA	NA	NA	NA	NA	NA	NA	NA	NA	NA	NA
stad_tcga	TCGA-BR-8676	TCGA-BR-8676-01	59	NA	M0	N3a	Stage IIIB	7th	T3	No	NA	Esophagogastric Cancer	Stomach Adenocarcinoma	Kiev	NA	NA	NA	NA	NA	NA	0	NA	NA	NA	7.52	0:DiseaseFree	NA	NA	NOT HISPANIC OR LATINO	NA	NO	9/11/12	0.0850	G3	NA	Stomach, Intestinal Adenocarcinoma, Not Otherwise Specified (NOS)	No	No	NA	C16.3	8144/3	C16.3	YES	2012	NO	NA	NA	2.4	YES	10	10	NA	NA	NA	85	NA	NA	NA	NA	NA	NA	NA	STAD	7.52	0:LIVING	NA	b604b620-cd32-4c87-ace3-00a68ab16973	54070ee0-8b1b-475c-b63f-f222df444d3b	NA	TCGA-BR-8676.05ae128b-ca52-4fcb-9b6b-af8b4f6f74f0.pdf	05ae128b-ca52-4fcb-9b6b-af8b4f6f74f0	NA	Antrum/Distal	NA	YES	WHITE	NA	NO	R0	NO	NA	NA	1	NA	Primary	1	Male	0.5	Stomach	Matched	NA	NA	1.4	NA	NA	NA	NA	NA	NA	NA	NA	BR	2.86666666667	NA	NA	NA	NA	NA	Ukraine	NA	TUMOR FREE	NA	NA	NA	A	NA	NA	NA	NA	NA	NA	NA	NA	NA	NA	NA	NA	NA	NA	NA	NA	NA	NA	NA	NA	NA	NA	NA	NA	NA	NA	NA	NA	NA	NA	NA	NA	NA	NA	NA	NA	NA	NA	NA	NA	NA	NA	NA	NA	NA	NA	NA	NA	NA	NA	NA	NA	NA	NA	NA	NA	NA	NA	NA	NA	NA	NA	NA	NA	NA	NA	NA	NA
stad_tcga	TCGA-BR-8677	TCGA-BR-8677-01	74	NA	M0	N3a	Stage IIIB	7th	T3	No	NA	Esophagogastric Cancer	Stomach Adenocarcinoma	Kiev	NA	NA	NA	NA	NA	NA	0	NA	NA	NA	26.71	0:DiseaseFree	NA	NA	NOT HISPANIC OR LATINO	NA	NO	9/11/12	0.0169	G3	NA	Stomach, Adenocarcinoma, Not Otherwise Specified (NOS)	No	No	NA	C16.3	8140/3	C16.3	YES	2012	NO	NA	NA	2.1	YES	8	15	NA	NA	NA	60	NA	NA	NA	NA	NA	NA	NA	STAD	26.71	0:LIVING	NA	e7a3574b-1fcf-4366-adf8-f4330d9be6f8	ad63e5a1-5a29-46ec-8e9d-3160ab503650	NA	TCGA-BR-8677.2004e918-cb0b-463c-b487-625f96f8d3c4.pdf	2004e918-cb0b-463c-b487-625f96f8d3c4	NA	Antrum/Distal	NA	YES	WHITE	NA	NO	R0	NO	NA	NA	1	NA	Primary	1	Female	0.5	Stomach	Matched	NA	NA	1.8	NA	NA	NA	NA	NA	NA	NA	NA	BR	2.16666666667	NA	NA	NA	NA	NA	Ukraine	NA	TUMOR FREE	NA	NA	NA	A	NA	NA	NA	NA	NA	NA	NA	NA	NA	NA	NA	NA	NA	NA	NA	NA	NA	NA	NA	NA	NA	NA	NA	NA	NA	NA	NA	NA	NA	NA	NA	NA	NA	NA	NA	NA	NA	NA	NA	NA	NA	NA	NA	NA	NA	NA	NA	NA	NA	NA	NA	NA	NA	NA	NA	NA	NA	NA	NA	NA	NA	NA	NA	NA	NA	NA	NA	NA
stad_tcga	TCGA-BR-8678	TCGA-BR-8678-01	76	NA	M0	N0	Stage IB	7th	T2	NA	NA	Esophagogastric Cancer	Stomach Adenocarcinoma	Saratov	NA	NA	NA	NA	NA	NA	0	NA	NA	NA	24.77	0:DiseaseFree	NA	NA	NOT HISPANIC OR LATINO	NA	NO	8/31/12	0.4534	G2	NA	Stomach, Adenocarcinoma, Not Otherwise Specified (NOS)	No	No	NA	C16.1	8140/3	C16.1	YES	2012	NO	NA	NA	1.8	YES	0	12	NA	NA	NA	102	NA	NA	NA	NA	NA	NA	NA	STAD	24.77	0:LIVING	NA	1770adbd-b424-4a88-95f0-768e5f168cee	59138f14-cb8d-416d-a684-e904818d732d	NA	TCGA-BR-8678.240633bb-785e-4b1d-af6b-9a2febccef30.pdf	240633bb-785e-4b1d-af6b-9a2febccef30	NA	Fundus/Body	NA	YES	WHITE	NA	NO	R0	NO	NA	NA	1	NA	Primary	1	Male	0.5	Stomach	Matched	NA	NA	1.2	NA	NA	NA	NA	NA	NA	NA	NA	BR	3.53333333333	NA	NA	NA	NA	NA	Russia	NA	TUMOR FREE	NA	NA	NA	A	NA	NA	NA	NA	NA	NA	NA	NA	NA	NA	NA	NA	NA	NA	NA	NA	NA	NA	NA	NA	NA	NA	NA	NA	NA	NA	NA	NA	NA	NA	NA	NA	NA	NA	NA	NA	NA	NA	NA	NA	NA	NA	NA	NA	NA	NA	NA	NA	NA	NA	NA	NA	NA	NA	NA	NA	NA	NA	NA	NA	NA	NA	NA	NA	NA	NA	NA	NA
stad_tcga	TCGA-BR-8679	TCGA-BR-8679-01	63	NA	M0	N0	Stage IB	7th	T2	NA	NA	Esophagogastric Cancer	Stomach Adenocarcinoma	Saratov	NA	NA	NA	NA	NA	NA	0	NA	NA	NA	0	0:DiseaseFree	NA	NA	NOT HISPANIC OR LATINO	NA	NO	8/31/12	0.2591	G2	NA	Stomach, Adenocarcinoma, Not Otherwise Specified (NOS)	No	No	NA	C16.1	8140/3	C16.1	YES	2012	NO	NA	NA	1.2	YES	0	11	NA	NA	NA	141	NA	NA	NA	NA	NA	NA	NA	STAD	0	0:LIVING	NA	03e3082e-9f8b-4689-9013-0a9954146dfa	a9c9f13c-0a67-4403-9bbc-304ec7690929	NA	TCGA-BR-8679.2962a88d-2b4b-4f2d-8733-3001368d080c.pdf	2962a88d-2b4b-4f2d-8733-3001368d080c	NA	Fundus/Body	NA	YES	WHITE	NA	NO	R0	NO	NA	NA	1	NA	Primary	1	Female	0.5	Stomach	Matched	NA	NA	1	NA	NA	NA	NA	NA	NA	NA	NA	BR	4.83333333333	NA	Complete Remission/Response	NA	NA	NA	Russia	NA	TUMOR FREE	NA	NA	NA	A	NA	NA	NA	NA	NA	NA	NA	NA	NA	NA	NA	NA	NA	NA	NA	NA	NA	NA	NA	NA	NA	NA	NA	NA	NA	NA	NA	NA	NA	NA	NA	NA	NA	NA	NA	NA	NA	NA	NA	NA	NA	NA	NA	NA	NA	NA	NA	NA	NA	NA	NA	NA	NA	NA	NA	NA	NA	NA	NA	NA	NA	NA	NA	NA	NA	NA	NA	NA
stad_tcga	TCGA-BR-8680	TCGA-BR-8680-01	45	NA	M1	N2	Stage IV	7th	T4b	No	NA	Esophagogastric Cancer	Tubular Stomach Adenocarcinoma	Hanoi	NA	NA	NA	NA	NA	NA	0	NA	NA	NA	31.93	0:DiseaseFree	NA	NA	NOT HISPANIC OR LATINO	NA	NO	9/11/12	0.1205	G2	NA	Stomach, Intestinal Adenocarcinoma, Tubular Type	No	No	NA	C16.3	8211/3	C16.3	YES	2012	NO	NA	NA	2.5	YES	3	10	NA	NA	NA	5245	NA	NA	NO	NA	NA	NA	NA	TSTAD	31.93	0:LIVING	NA	ab76544e-df6a-4b05-9317-054812474d4c	74d5ac79-6a9a-473f-92bf-c7e2cb124167	NA	TCGA-BR-8680.90414042-1cda-4da6-b2e6-0dce995a8b8a.pdf	90414042-1cda-4da6-b2e6-0dce995a8b8a	NA	Antrum/Distal	NA	YES	ASIAN	NA	NO	R0	NO	NA	NA	1	NA	Primary	1	Male	0.4	Stomach	Matched	NA	NA	2	NA	NA	NA	NA	NA	NA	NA	NA	BR	180.133333333	NA	Complete Remission/Response	NA	NA	NA	Vietnam	NA	TUMOR FREE	NA	NA	NA	A	NA	NA	NA	NA	NA	NA	NA	NA	NA	NA	NA	NA	NA	NA	NA	NA	NA	NA	NA	NA	NA	NA	NA	NA	NA	NA	NA	NA	NA	NA	NA	NA	NA	NA	NA	NA	NA	NA	NA	NA	NA	NA	NA	NA	NA	NA	NA	NA	NA	NA	NA	NA	NA	NA	NA	NA	NA	NA	NA	NA	NA	NA	NA	NA	NA	NA	NA	NA
stad_tcga	TCGA-BR-8682	TCGA-BR-8682-01	52	NA	M0	N0	Stage IIB	7th	T4a	No	NA	Esophagogastric Cancer	Mucinous Stomach Adenocarcinoma	Hanoi	NA	NA	NA	NA	NA	NA	0	NA	NA	NA	32.56	0:DiseaseFree	NA	NA	NOT HISPANIC OR LATINO	NA	NO	9/11/12	0.1482	G3	NA	Stomach, Intestinal Adenocarcinoma, Mucinous Type	No	No	No	C16.3	8480/3	C16.3	YES	2012	NO	NA	NA	2.5	YES	0	5	NA	NA	NA	62	NA	NA	NO	NA	NA	NA	NA	MSTAD	32.56	0:LIVING	NA	d5efcde2-21e6-4071-9aa4-3c5688a45b3f	4e6bbc3c-bb9e-46c0-8b22-60f9725db516	NA	TCGA-BR-8682.d788c666-1194-492c-a019-2b5c7be555d9.pdf	d788c666-1194-492c-a019-2b5c7be555d9	NA	Antrum/Distal	NA	YES	ASIAN	NA	NO	R0	NO	NA	NA	1	NA	Primary	1	Male	0.5	Stomach	Matched	NA	NA	2	NA	NA	NA	NA	NA	NA	NA	NA	BR	2.06666666667	NA	Complete Remission/Response	NA	NA	NA	Vietnam	NA	TUMOR FREE	NA	NA	NA	A	NA	NA	NA	NA	NA	NA	NA	NA	NA	NA	NA	NA	NA	NA	NA	NA	NA	NA	NA	NA	NA	NA	NA	NA	NA	NA	NA	NA	NA	NA	NA	NA	NA	NA	NA	NA	NA	NA	NA	NA	NA	NA	NA	NA	NA	NA	NA	NA	NA	NA	NA	NA	NA	NA	NA	NA	NA	NA	NA	NA	NA	NA	NA	NA	NA	NA	NA	NA
stad_tcga	TCGA-BR-8683	TCGA-BR-8683-01	75	NA	M0	N2	Stage IIIB	7th	T4a	No	NA	Esophagogastric Cancer	Tubular Stomach Adenocarcinoma	Hanoi	NA	NA	NA	NA	NA	NA	0	NA	NA	NA	NA	NA	NA	NA	NOT HISPANIC OR LATINO	NA	NO	9/11/12	0.1741	G3	NA	Stomach, Intestinal Adenocarcinoma, Tubular Type	No	No	NA	C16.3	8211/3	C16.3	YES	2012	NO	NA	NA	2.6	YES	3	5	NA	NA	NA	131	NA	NA	NA	NA	NA	NA	NA	TSTAD	9.86	1:DECEASED	NA	84d32a4c-023b-4563-9eb5-e2f47818142a	5bb1dfef-e819-44ba-bff8-b9ae793a0309	NA	TCGA-BR-8683.e8b4cfbb-3f11-4fa9-9380-8f06a2c50cc9.pdf	e8b4cfbb-3f11-4fa9-9380-8f06a2c50cc9	NA	Antrum/Distal	NA	YES	ASIAN	NA	NO	R0	NO	NA	NA	1	NA	Primary	1	Male	0.5	Stomach	Matched	NA	NA	1.7	NA	NA	NA	NA	NA	NA	NA	NA	BR	4.4	NA	NA	NA	NA	NA	Vietnam	NA	TUMOR FREE	NA	NA	NA	A	NA	NA	NA	NA	NA	NA	NA	NA	NA	NA	NA	NA	NA	NA	NA	NA	NA	NA	NA	NA	NA	NA	NA	NA	NA	NA	NA	NA	NA	NA	NA	NA	NA	NA	NA	NA	NA	NA	NA	NA	NA	NA	NA	NA	NA	NA	NA	NA	NA	NA	NA	NA	NA	NA	NA	NA	NA	NA	NA	NA	NA	NA	NA	NA	NA	NA	NA	NA
stad_tcga	TCGA-BR-8686	TCGA-BR-8686-01	69	NA	M0	N1	Stage IIIB	7th	T4b	No	NA	Esophagogastric Cancer	Tubular Stomach Adenocarcinoma	Hanoi	NA	NA	NA	NA	NA	NA	0	NA	NA	NA	NA	NA	NA	NA	NOT HISPANIC OR LATINO	NA	NO	9/11/12	0.0674	G3	NA	Stomach, Intestinal Adenocarcinoma, Tubular Type	No	No	NA	C16.3	8211/3	C16.3	YES	2012	NO	NA	NA	2.8	YES	2	2	NA	NA	NA	99	NA	NA	NO	NA	NA	NA	NA	TSTAD	20.86	1:DECEASED	NA	7c7cef85-024c-48c0-8644-92c034432e8f	5e8e3a60-0e63-43ca-9992-4871c0030296	NA	TCGA-BR-8686.269bc522-3673-4a1c-8b0e-8ef1bdb8cdff.pdf	269bc522-3673-4a1c-8b0e-8ef1bdb8cdff	NA	Antrum/Distal	NA	YES	ASIAN	NA	NA	R0	NO	NA	NA	1	NA	Primary	1	Male	0.5	Stomach	Matched	NA	NA	1.5	NA	NA	NA	NA	NA	NA	NA	NA	BR	3.5	NA	Complete Remission/Response	NA	NA	NA	Vietnam	NA	TUMOR FREE	NA	NA	NA	A	NA	NA	NA	NA	NA	NA	NA	NA	NA	NA	NA	NA	NA	NA	NA	NA	NA	NA	NA	NA	NA	NA	NA	NA	NA	NA	NA	NA	NA	NA	NA	NA	NA	NA	NA	NA	NA	NA	NA	NA	NA	NA	NA	NA	NA	NA	NA	NA	NA	NA	NA	NA	NA	NA	NA	NA	NA	NA	NA	NA	NA	NA	NA	NA	NA	NA	NA	NA
stad_tcga	TCGA-BR-8687	TCGA-BR-8687-01	67	NA	M0	N2	Stage IIIC	7th	T4b	NA	NA	Esophagogastric Cancer	Stomach Adenocarcinoma	Tver	NA	NA	NA	NA	NA	NA	0	NA	NA	NA	NA	NA	NA	NA	NOT HISPANIC OR LATINO	NA	NO	8/31/12	0.3310	G3	NA	Stomach, Adenocarcinoma, Not Otherwise Specified (NOS)	No	No	NA	C16.0	8140/3	C16.0	YES	2012	NO	NA	NA	2	YES	5	9	NA	NA	NA	157	NA	NA	NO	NA	NA	NA	NA	STAD	8.21	1:DECEASED	NA	621411ee-c1f2-4da4-b1c0-cbe0936060f6	dcea7464-a426-4c22-92af-6ec99341eedc	NA	TCGA-BR-8687.31932076-b23b-4bd9-a544-ded399ae5723.pdf	31932076-b23b-4bd9-a544-ded399ae5723	NA	Cardia/Proximal	NA	YES	WHITE	NA	NA	R1	NO	NA	NA	1	NA	Primary	1	Female	0.5	Stomach	Matched	NA	NA	1.5	NA	NA	NA	NA	NA	NA	NA	NA	BR	5.56666666667	NA	Stable Disease	NA	NA	NA	Russia	NA	WITH TUMOR	NA	NA	NA	A	NA	NA	NA	NA	NA	NA	NA	NA	NA	NA	NA	NA	NA	NA	NA	NA	NA	NA	NA	NA	NA	NA	NA	NA	NA	NA	NA	NA	NA	NA	NA	NA	NA	NA	NA	NA	NA	NA	NA	NA	NA	NA	NA	NA	NA	NA	NA	NA	NA	NA	NA	NA	NA	NA	NA	NA	NA	NA	NA	NA	NA	NA	NA	NA	NA	NA	NA	NA
stad_tcga	TCGA-BR-8690	TCGA-BR-8690-01	54	NA	M0	N3a	Stage IIIB	7th	T3	No	NA	Esophagogastric Cancer	Stomach Adenocarcinoma	Kiev	NA	NA	NA	NA	NA	NA	0	NA	NA	NA	10.68	0:DiseaseFree	NA	NA	NOT HISPANIC OR LATINO	NA	NO	9/11/12	0.1000	G2	NA	Stomach, Adenocarcinoma, Not Otherwise Specified (NOS)	No	No	NA	C16.0	8140/3	C16.0	YES	2012	NO	NA	NA	3.2	YES	10	10	NA	NA	NA	125	NA	NA	NA	NA	NA	NA	NA	STAD	10.68	0:LIVING	NA	337819d2-5281-4b41-9583-a476924bc837	0f7ebffa-d119-45d6-8af1-2048eca173e7	NA	TCGA-BR-8690.f3e14a43-5309-4015-8115-897ade3c3de5.pdf	f3e14a43-5309-4015-8115-897ade3c3de5	NA	Cardia/Proximal	NA	YES	WHITE	NA	NO	R0	NO	NA	NA	1	NA	Primary	1	Female	0.5	Stomach	Matched	NA	NA	1.6	NA	NA	NA	NA	NA	NA	NA	NA	BR	4.4	NA	NA	NA	NA	NA	Ukraine	NA	TUMOR FREE	NA	NA	NA	A	NA	NA	NA	NA	NA	NA	NA	NA	NA	NA	NA	NA	NA	NA	NA	NA	NA	NA	NA	NA	NA	NA	NA	NA	NA	NA	NA	NA	NA	NA	NA	NA	NA	NA	NA	NA	NA	NA	NA	NA	NA	NA	NA	NA	NA	NA	NA	NA	NA	NA	NA	NA	NA	NA	NA	NA	NA	NA	NA	NA	NA	NA	NA	NA	NA	NA	NA	NA
stad_tcga	TCGA-BR-A44T	TCGA-BR-A44T-01	53	NA	M0	N0	Stage IIA	7th	T3	No	NA	Esophagogastric Cancer	Diffuse Type Stomach Adenocarcinoma	Kiev	NA	NA	NA	NA	NA	146	0	NA	NA	NA	22.4	1:Recurred/Progressed	NA	NA	NOT HISPANIC OR LATINO	NA	NO	12/6/12	0.0018	G3	NA	Stomach, Adenocarcinoma, Diffuse Type	No	No	NA	C16.0	8145/3	C16.0	YES	2012	NO	NA	NA	NA	YES	0	10	NA	NA	NA	20	NA	NA	NO	NA	NA	NA	TRUE	DSTAD	34.1	0:LIVING	NA	98BF4652-0088-4ECC-9DFA-376438CB063C	A7FD8028-FFB5-41C0-84F5-960920995F00	NA	TCGA-BR-A44T.6C1D6C98-3D06-4946-86B0-BD86960103B8.pdf	6C1D6C98-3D06-4946-86B0-BD86960103B8	NA	Cardia/Proximal	NA	YES	WHITE	NA	NO	R0	NO	NA	NA	1	1140	Primary	1	Female	NA	Stomach	Matched	NA	NA	NA	NA	NA	NA	NA	NA	NA	NA	NA	BR	0.666666666667	NA	NA	NA	NA	NA	Ukraine	NA	TUMOR FREE	NA	NA	NA	A	NA	NA	NA	NA	NA	NA	NA	NA	NA	NA	NA	NA	NA	NA	NA	NA	NA	NA	NA	NA	NA	NA	NA	NA	NA	NA	NA	NA	NA	NA	NA	NA	NA	NA	NA	NA	NA	NA	NA	NA	NA	NA	NA	NA	NA	NA	NA	NA	NA	NA	NA	NA	NA	NA	NA	NA	NA	NA	NA	NA	NA	NA	NA	NA	NA	NA	NA	NA
stad_tcga	TCGA-BR-A44U	TCGA-BR-A44U-01	70	NA	M0	N3a	Stage IIIB	7th	T3	No	NA	Esophagogastric Cancer	Stomach Adenocarcinoma	Kiev	NA	NA	NA	NA	NA	161	0	NA	NA	NA	NA	NA	NA	NA	NOT HISPANIC OR LATINO	NA	NO	12/6/12	0.3073	G3	NA	Stomach, Adenocarcinoma, Not Otherwise Specified (NOS)	No	No	NA	C16.3	8140/3	C16.3	YES	2012	NO	NA	NA	NA	YES	10	15	NA	NA	NA	92	NA	NA	NO	NA	NA	NA	TRUE	STAD	13.86	1:DECEASED	NA	7840D10B-4927-4731-8DDA-5F288DA21BEF	27E6932C-CAE6-4335-AC98-A47C690212EF	NA	TCGA-BR-A44U.82CA5CB5-68B4-490E-AF2F-FE66A6F915C0.pdf	82CA5CB5-68B4-490E-AF2F-FE66A6F915C0	NA	Antrum/Distal	NA	YES	WHITE	NA	NO	R0	NO	NA	NA	1	640	Primary	1	Male	NA	Stomach	Matched	NA	NA	NA	NA	NA	NA	NA	NA	NA	NA	NA	BR	3.23333333333	NO	NA	NA	NA	NA	Ukraine	NA	TUMOR FREE	NA	NA	NA	A	NA	NA	NA	NA	NA	NA	NA	NA	NA	NA	NA	NA	NA	NA	NA	NA	NA	NA	NA	NA	NA	NA	NA	NA	NA	NA	NA	NA	NA	NA	NA	NA	NA	NA	NA	NA	NA	NA	NA	NA	NA	NA	NA	NA	NA	NA	NA	NA	NA	NA	NA	NA	NA	NA	NA	NA	NA	NA	NA	NA	NA	NA	NA	NA	NA	NA	NA	NA
stad_tcga	TCGA-BR-A452	TCGA-BR-A452-01	57	NA	M0	N1	Stage IIIA	7th	T4a	No	NA	Esophagogastric Cancer	Tubular Stomach Adenocarcinoma	Hanoi	NA	NA	NA	NA	NA	79	0	NA	NA	NA	NA	NA	NA	NA	NOT HISPANIC OR LATINO	NA	NO	12/6/12	0.3468	G3	NA	Stomach, Intestinal Adenocarcinoma, Tubular Type	No	No	NA	C16.3	8211/3	C16.3	YES	2012	NO	NA	NA	NA	YES	2	4	NA	NA	NA	93	NA	NA	NO	NA	NA	NA	TRUE	TSTAD	7.52	1:DECEASED	NA	722A3067-2B68-442F-A333-540AB085AF32	07994602-FDF6-4949-ACDA-B2A8F417A54F	NA	TCGA-BR-A452.CAD6E7A0-0E24-4868-B869-878020622282.pdf	CAD6E7A0-0E24-4868-B869-878020622282	NA	Antrum/Distal	NA	YES	ASIAN	NA	NO	R0	NO	NA	NA	1	2420	Primary	1	Male	NA	Stomach	Matched	NA	NA	NA	NA	NA	NA	NA	NA	NA	NA	NA	BR	3.2	NA	NA	NA	NA	NA	NA	NA	TUMOR FREE	NA	NA	NA	A	NA	NA	NA	NA	NA	NA	NA	NA	NA	NA	NA	NA	NA	NA	NA	NA	NA	NA	NA	NA	NA	NA	NA	NA	NA	NA	NA	NA	NA	NA	NA	NA	NA	NA	NA	NA	NA	NA	NA	NA	NA	NA	NA	NA	NA	NA	NA	NA	NA	NA	NA	NA	NA	NA	NA	NA	NA	NA	NA	NA	NA	NA	NA	NA	NA	NA	NA	NA
stad_tcga	TCGA-BR-A453	TCGA-BR-A453-01	51	NA	M1	N3a	Stage IV	7th	T4a	No	NA	Esophagogastric Cancer	Signet Ring Cell Carcinoma of the Stomach	Hanoi	NA	NA	NA	NA	NA	164	0	NA	NA	NA	NA	NA	NA	NA	NOT HISPANIC OR LATINO	NA	NO	12/6/12	0.0030	G3	NA	Stomach Adenocarcinoma, Signet Ring Type	No	No	NA	C16.3	8490/3	C16.3	YES	2012	NO	NA	NA	NA	YES	11	11	NA	NA	NA	65	NA	NA	NO	NA	NA	NA	TRUE	SSRCC	6.08	1:DECEASED	NA	1A1D4702-254B-4FFF-9609-182442EDB83E	24A91ADB-F3E1-4CA2-8501-82A4DBFD57E7	NA	TCGA-BR-A453.D379B5B3-46FB-4D0D-B68B-C85C95A87154.pdf	D379B5B3-46FB-4D0D-B68B-C85C95A87154	NA	Antrum/Distal	NA	YES	ASIAN	NA	NO	R0	NO	NA	NA	1	1180	Primary	1	Male	NA	Stomach	Matched	NA	NA	NA	NA	NA	NA	NA	NA	NA	NA	NA	BR	2.23333333333	NO	NA	NA	NA	NA	Vietnam	NA	TUMOR FREE	NA	NA	NA	A	NA	NA	NA	NA	NA	NA	NA	NA	NA	NA	NA	NA	NA	NA	NA	NA	NA	NA	NA	NA	NA	NA	NA	NA	NA	NA	NA	NA	NA	NA	NA	NA	NA	NA	NA	NA	NA	NA	NA	NA	NA	NA	NA	NA	NA	NA	NA	NA	NA	NA	NA	NA	NA	NA	NA	NA	NA	NA	NA	NA	NA	NA	NA	NA	NA	NA	NA	NA
stad_tcga	TCGA-BR-A4CQ	TCGA-BR-A4CQ-01	58	NA	M0	N1	Stage IIIA	7th	T4a	No	NA	Esophagogastric Cancer	Stomach Adenocarcinoma	LVIV	NA	NA	NA	NA	NA	221	0	NA	NA	NA	31.6	1:Recurred/Progressed	NA	NA	NOT HISPANIC OR LATINO	NA	NO	12/6/12	0.6407	G3	NA	Stomach, Adenocarcinoma, Not Otherwise Specified (NOS)	No	No	NA	C16.0	8140/3	C16.0	YES	2012	NO	NA	NA	NA	YES	2	3	NA	NA	NA	158	NA	NA	NO	NA	NA	NA	TRUE	STAD	34.95	0:LIVING	NA	10A83FCB-AD7E-48A4-A35B-6A2CBD250707	3FC1945B-754E-4590-B6FF-ADE14CA2F4E7	NA	TCGA-BR-A4CQ.D748B3EE-B773-4B33-85D3-6BDAB268C7BB.pdf	D748B3EE-B773-4B33-85D3-6BDAB268C7BB	NA	Cardia/Proximal	NA	YES	WHITE	NA	NO	R0	NO	NA	NA	1	630	Primary	1	Male	NA	Stomach	Matched	NA	NA	NA	NA	NA	NA	NA	NA	NA	NA	NA	BR	5.4	NA	NA	NA	NA	NA	Ukraine	NA	TUMOR FREE	NA	NA	NA	A	NA	NA	NA	NA	NA	NA	NA	NA	NA	NA	NA	NA	NA	NA	NA	NA	NA	NA	NA	NA	NA	NA	NA	NA	NA	NA	NA	NA	NA	NA	NA	NA	NA	NA	NA	NA	NA	NA	NA	NA	NA	NA	NA	NA	NA	NA	NA	NA	NA	NA	NA	NA	NA	NA	NA	NA	NA	NA	NA	NA	NA	NA	NA	NA	NA	NA	NA	NA
stad_tcga	TCGA-BR-A4CR	TCGA-BR-A4CR-01	70	NA	M0	N3a	Stage IIIC	7th	T4b	NA	NA	Esophagogastric Cancer	Stomach Adenocarcinoma	Tver	NA	NA	NA	NA	NA	154	0	NA	NA	NA	0	0:DiseaseFree	NA	NA	NOT HISPANIC OR LATINO	NA	NO	12/6/12	0.5745	G3	NA	Stomach, Adenocarcinoma, Not Otherwise Specified (NOS)	No	No	NA	C16.1	8140/3	C16.1	YES	2012	NO	NA	NA	NA	YES	8	8	NA	NA	NA	63	NA	NA	NO	NA	NA	NA	TRUE	STAD	0	0:LIVING	NA	794FBAD5-93CE-4F9A-AEE4-37A89A6719EC	76165733-85CA-47D0-A82A-F64FA9B1B834	NA	TCGA-BR-A4CR.71D66FC2-7513-4A62-AB65-762A30046473.pdf	71D66FC2-7513-4A62-AB65-762A30046473	NA	Fundus/Body	NA	YES	WHITE	NA	NA	R0	NO	NA	NA	1	990	Primary	1	Female	NA	Stomach	Matched	NA	NA	NA	NA	NA	NA	NA	NA	NA	NA	NA	BR	2.16666666667	NA	NA	NA	NA	NA	NA	NA	TUMOR FREE	NA	NA	NA	A	NA	NA	NA	NA	NA	NA	NA	NA	NA	NA	NA	NA	NA	NA	NA	NA	NA	NA	NA	NA	NA	NA	NA	NA	NA	NA	NA	NA	NA	NA	NA	NA	NA	NA	NA	NA	NA	NA	NA	NA	NA	NA	NA	NA	NA	NA	NA	NA	NA	NA	NA	NA	NA	NA	NA	NA	NA	NA	NA	NA	NA	NA	NA	NA	NA	NA	NA	NA
stad_tcga	TCGA-BR-A4CS	TCGA-BR-A4CS-01	77	NA	M0	N3a	Stage IIIC	7th	T4b	NA	NA	Esophagogastric Cancer	Stomach Adenocarcinoma	Tver	NA	NA	NA	NA	NA	131	0	NA	NA	NA	NA	NA	NA	NA	NOT HISPANIC OR LATINO	NA	NO	12/6/12	0.5840	G3	NA	Stomach, Adenocarcinoma, Not Otherwise Specified (NOS)	No	No	NA	C16.1	8140/3	C16.1	YES	2012	NO	NA	NA	NA	YES	7	15	NA	NA	NA	135	NA	NA	NO	NA	NA	NA	TRUE	STAD	1.48	1:DECEASED	NA	2A790F24-3563-4A7E-B445-56B71C70E685	C06AB5BA-3A29-433C-8058-6970A3B30A8B	NA	TCGA-BR-A4CS.43050057-F3ED-4C99-B6F6-624CAFC6F6D8.pdf	43050057-F3ED-4C99-B6F6-624CAFC6F6D8	NA	Fundus/Body	NA	YES	WHITE	NA	NA	R0	NO	NA	NA	1	920	Primary	1	Male	NA	Stomach	Matched	NA	NA	NA	NA	NA	NA	NA	NA	NA	NA	NA	BR	4.56666666667	NA	NA	NA	NA	NA	Russia	NA	TUMOR FREE	NA	NA	NA	A	NA	NA	NA	NA	NA	NA	NA	NA	NA	NA	NA	NA	NA	NA	NA	NA	NA	NA	NA	NA	NA	NA	NA	NA	NA	NA	NA	NA	NA	NA	NA	NA	NA	NA	NA	NA	NA	NA	NA	NA	NA	NA	NA	NA	NA	NA	NA	NA	NA	NA	NA	NA	NA	NA	NA	NA	NA	NA	NA	NA	NA	NA	NA	NA	NA	NA	NA	NA
stad_tcga	TCGA-BR-A4IU	TCGA-BR-A4IU-01	34	NA	M0	N1	Stage IIIA	7th	T4a	No	NA	Esophagogastric Cancer	Diffuse Type Stomach Adenocarcinoma	Hanoi	NA	NA	NA	NA	NA	113	0	NA	NA	NA	27.53	0:DiseaseFree	NA	NA	NOT HISPANIC OR LATINO	NA	NO	2/8/13	0.0001	G3	NA	Stomach, Adenocarcinoma, Diffuse Type	No	No	NA	C16.3	8140/3	C16.3	YES	2012	NO	NA	NA	NA	YES	1	6	NA	NA	NA	36	NA	NA	NA	NA	0	NA	TRUE	DSTAD	27.53	0:LIVING	NA	AF59B21E-2805-4C0B-8AAD-C99B26C79EE1	D09D3B6D-D985-4AFF-A815-D5985DA0275C	NA	TCGA-BR-A4IU.9FF6D7F5-1C75-45E5-AC2F-BDFC30272D03.pdf	9FF6D7F5-1C75-45E5-AC2F-BDFC30272D03	NA	Antrum/Distal	NA	YES	ASIAN	NA	NO	R0	NO	NA	NA	1	1610	Primary	1	Female	NA	Stomach	Matched	NA	NA	NA	NA	NA	NA	NA	NA	NA	NA	NA	BR	1.3	NO	NA	NA	NA	NA	Vietnam	NA	TUMOR FREE	NA	NA	NA	A	NA	NA	NA	NA	NA	NA	NA	NA	NA	NA	NA	NA	NA	NA	NA	NA	NA	NA	NA	NA	NA	NA	NA	NA	NA	NA	NA	NA	NA	NA	NA	NA	NA	NA	NA	NA	NA	NA	NA	NA	NA	NA	NA	NA	NA	NA	NA	NA	NA	NA	NA	NA	NA	NA	NA	NA	NA	NA	NA	NA	NA	NA	NA	NA	NA	NA	NA	NA
stad_tcga	TCGA-BR-A4IV	TCGA-BR-A4IV-01	47	NA	M0	N2	Stage IIIB	7th	T4a	No	NA	Esophagogastric Cancer	Diffuse Type Stomach Adenocarcinoma	Hanoi	NA	NA	NA	NA	NA	116	0	NA	NA	NA	24.21	1:Recurred/Progressed	NA	NA	NOT HISPANIC OR LATINO	NA	NO	2/8/13	0.0009	G3	NA	Stomach, Adenocarcinoma, Diffuse Type	No	No	NA	C16.3	8145/3	C16.3	YES	2012	NO	NA	NA	NA	YES	3	9	NA	NA	NA	26	NA	NA	NA	NA	0	NA	TRUE	DSTAD	28.55	1:DECEASED	NA	30425882-20D7-47ED-9630-60977BA62C72	5FC53960-C9B2-4B34-9D7F-E1D06F3EC791	NA	TCGA-BR-A4IV.F4214EF2-C310-4BEA-A90A-3FA593B250BC.pdf	F4214EF2-C310-4BEA-A90A-3FA593B250BC	NA	Antrum/Distal	NA	YES	ASIAN	NA	NO	R0	NO	NA	NA	1	1400	Primary	1	Male	NA	Stomach	Matched	NA	NA	NA	NA	NA	NA	NA	NA	NA	NA	NA	BR	0.9	NO	NA	NA	NA	NA	Vietnam	NA	TUMOR FREE	NA	NA	NA	A	NA	NA	NA	NA	NA	NA	NA	NA	NA	NA	NA	NA	NA	NA	NA	NA	NA	NA	NA	NA	NA	NA	NA	NA	NA	NA	NA	NA	NA	NA	NA	NA	NA	NA	NA	NA	NA	NA	NA	NA	NA	NA	NA	NA	NA	NA	NA	NA	NA	NA	NA	NA	NA	NA	NA	NA	NA	NA	NA	NA	NA	NA	NA	NA	NA	NA	NA	NA
stad_tcga	TCGA-BR-A4IY	TCGA-BR-A4IY-01	58	NA	M0	N0	Stage IIB	7th	T4a	No	NA	Esophagogastric Cancer	Stomach Adenocarcinoma	Hanoi	NA	NA	NA	NA	NA	85	0	NA	NA	NA	12.88	0:DiseaseFree	NA	NA	NOT HISPANIC OR LATINO	NA	NO	2/8/13	0.1529	G3	NA	Stomach, Adenocarcinoma, Not Otherwise Specified (NOS)	No	No	NA	C16.3	8140/3	C16.3	YES	2012	NO	NA	NA	NA	YES	0	8	NA	NA	NA	127	NA	NA	NA	NA	0	NA	TRUE	STAD	12.88	0:LIVING	NA	98C56F92-547B-473D-9FE0-2135DD5A96A8	37E9A9A3-D9BA-47A8-BB45-2D6A1930BF2D	NA	TCGA-BR-A4IY.8684FB67-A491-4266-9BBA-8AF4F88ABD08.pdf	8684FB67-A491-4266-9BBA-8AF4F88ABD08	NA	Antrum/Distal	NA	YES	ASIAN	NA	NO	R0	NO	NA	NA	1	730	Primary	1	Male	NA	Stomach	Matched	NA	NA	NA	NA	NA	NA	NA	NA	NA	NA	NA	BR	4.3	NO	NA	NA	NA	NA	Vietnam	NA	TUMOR FREE	NA	NA	NA	A	NA	NA	NA	NA	NA	NA	NA	NA	NA	NA	NA	NA	NA	NA	NA	NA	NA	NA	NA	NA	NA	NA	NA	NA	NA	NA	NA	NA	NA	NA	NA	NA	NA	NA	NA	NA	NA	NA	NA	NA	NA	NA	NA	NA	NA	NA	NA	NA	NA	NA	NA	NA	NA	NA	NA	NA	NA	NA	NA	NA	NA	NA	NA	NA	NA	NA	NA	NA
stad_tcga	TCGA-BR-A4IZ	TCGA-BR-A4IZ-01	45	NA	M0	N2	Stage IIIB	7th	T4a	No	NA	Esophagogastric Cancer	Diffuse Type Stomach Adenocarcinoma	Hanoi	NA	NA	NA	NA	NA	97	0	NA	NA	NA	NA	NA	NA	NA	NOT HISPANIC OR LATINO	NA	NO	2/8/13	0.0003	G3	NA	Stomach, Adenocarcinoma, Diffuse Type	No	No	NA	C16.3	8145/3	C16.3	YES	2012	NO	NA	NA	NA	YES	3	5	NA	NA	NA	21	NA	NA	NA	NA	0	NA	TRUE	DSTAD	8.97	1:DECEASED	NA	CADC555E-E350-40CF-8674-3536942F3E02	F767B6BF-3407-47C3-9F2D-9D8D301AA173	NA	TCGA-BR-A4IZ.68DBCC00-4ACC-4F99-B3F4-C22FAE175B86.pdf	68DBCC00-4ACC-4F99-B3F4-C22FAE175B86	NA	Antrum/Distal	NA	YES	ASIAN	NA	NO	R0	NO	NA	NA	1	1040	Primary	1	Female	NA	Stomach	Matched	NA	NA	NA	NA	NA	NA	NA	NA	NA	NA	NA	BR	0.733333333333	NO	NA	NA	NA	NA	Vietnam	NA	TUMOR FREE	NA	NA	NA	A	NA	NA	NA	NA	NA	NA	NA	NA	NA	NA	NA	NA	NA	NA	NA	NA	NA	NA	NA	NA	NA	NA	NA	NA	NA	NA	NA	NA	NA	NA	NA	NA	NA	NA	NA	NA	NA	NA	NA	NA	NA	NA	NA	NA	NA	NA	NA	NA	NA	NA	NA	NA	NA	NA	NA	NA	NA	NA	NA	NA	NA	NA	NA	NA	NA	NA	NA	NA
stad_tcga	TCGA-BR-A4J1	TCGA-BR-A4J1-01	63	NA	M0	N1	Stage IIIA	7th	T4a	No	NA	Esophagogastric Cancer	Stomach Adenocarcinoma	Hanoi	NA	NA	NA	NA	NA	90	0	NA	NA	NA	NA	NA	NA	NA	NOT HISPANIC OR LATINO	NA	NO	2/8/13	0.5331	G3	NA	Stomach, Adenocarcinoma, Not Otherwise Specified (NOS)	No	No	NA	C16.3	8140/3	C16.3	YES	2012	NO	NA	NA	NA	YES	1	5	NA	NA	NA	65	NA	NA	NA	NA	0	NA	TRUE	STAD	0.72	1:DECEASED	NA	E9A98A44-83F2-490C-B053-1E953EBD4E7E	5EA76063-F2B5-4546-BEF2-CE7E2B24B1FE	NA	TCGA-BR-A4J1.2F9F930A-B47E-4616-9C1B-7E0F40FB036F.pdf	2F9F930A-B47E-4616-9C1B-7E0F40FB036F	NA	Antrum/Distal	NA	YES	ASIAN	NA	NO	R0	NO	NA	NA	1	1900	Primary	1	Male	NA	Stomach	Matched	NA	NA	NA	NA	NA	NA	NA	NA	NA	NA	NA	BR	2.23333333333	NO	NA	NA	NA	NA	Vietnam	NA	NA	NA	NA	NA	A	NA	NA	NA	NA	NA	NA	NA	NA	NA	NA	NA	NA	NA	NA	NA	NA	NA	NA	NA	NA	NA	NA	NA	NA	NA	NA	NA	NA	NA	NA	NA	NA	NA	NA	NA	NA	NA	NA	NA	NA	NA	NA	NA	NA	NA	NA	NA	NA	NA	NA	NA	NA	NA	NA	NA	NA	NA	NA	NA	NA	NA	NA	NA	NA	NA	NA	NA	NA
stad_tcga	TCGA-BR-A4J2	TCGA-BR-A4J2-01	70	NA	M0	N0	Stage IIB	7th	T4a	No	NA	Esophagogastric Cancer	Diffuse Type Stomach Adenocarcinoma	Hanoi	NA	NA	NA	NA	NA	88	0	NA	NA	NA	14.16	0:DiseaseFree	NA	NA	NOT HISPANIC OR LATINO	NA	NO	2/8/13	0.0064	G3	NA	Stomach, Adenocarcinoma, Diffuse Type	No	No	NA	C16.3	8145/3	C16.3	YES	2012	NO	NA	NA	NA	YES	0	8	NA	NA	NA	68	NA	NA	NA	NA	0	NA	TRUE	DSTAD	14.16	0:LIVING	NA	12F63577-7FAE-4FC8-9106-39729669FDFE	8EFFAE86-5582-4675-956B-10885308D35D	NA	TCGA-BR-A4J2.9B8AF4E4-1099-4806-BC99-F555DFFC388F.pdf	9B8AF4E4-1099-4806-BC99-F555DFFC388F	NA	Antrum/Distal	NA	YES	ASIAN	NA	NO	R0	NO	NA	NA	1	1110	Primary	1	Male	NA	Stomach	Matched	NA	NA	NA	NA	NA	NA	NA	NA	NA	NA	NA	BR	2.3	NO	NA	NA	NA	NA	Vietnam	NA	TUMOR FREE	NA	NA	NA	A	NA	NA	NA	NA	NA	NA	NA	NA	NA	NA	NA	NA	NA	NA	NA	NA	NA	NA	NA	NA	NA	NA	NA	NA	NA	NA	NA	NA	NA	NA	NA	NA	NA	NA	NA	NA	NA	NA	NA	NA	NA	NA	NA	NA	NA	NA	NA	NA	NA	NA	NA	NA	NA	NA	NA	NA	NA	NA	NA	NA	NA	NA	NA	NA	NA	NA	NA	NA
stad_tcga	TCGA-BR-A4J4	TCGA-BR-A4J4-01	39	NA	M0	N2	Stage IIIB	7th	T4a	No	NA	Esophagogastric Cancer	Stomach Adenocarcinoma	Hanoi	NA	NA	NA	NA	NA	86	0	NA	NA	NA	0.53	0:DiseaseFree	NA	NA	NOT HISPANIC OR LATINO	NA	NO	2/7/13	0.2632	G3	NA	Stomach, Adenocarcinoma, Not Otherwise Specified (NOS)	No	No	NA	C16.3	8140/3	C16.3	YES	2012	NO	NA	NA	NA	YES	3	3	NA	NA	NA	76	NA	NA	NA	NA	0	NA	TRUE	STAD	0.53	0:LIVING	NA	8A24F1A3-4BAB-4591-9676-7BEE01D096C1	5A5C4538-D75D-4DA5-8E8C-DD92766FEE50	NA	TCGA-BR-A4J4.03C22CBA-8668-4425-83E7-06EA1982957B.pdf	03C22CBA-8668-4425-83E7-06EA1982957B	NA	Antrum/Distal	NA	YES	ASIAN	NA	NO	R0	NO	NA	NA	1	1210	Primary	1	Male	NA	Stomach	Matched	NA	NA	NA	NA	NA	NA	NA	NA	NA	NA	NA	BR	2.66666666667	NA	NA	NA	NA	NA	Vietnam	NA	TUMOR FREE	NA	NA	NA	A	NA	NA	NA	NA	NA	NA	NA	NA	NA	NA	NA	NA	NA	NA	NA	NA	NA	NA	NA	NA	NA	NA	NA	NA	NA	NA	NA	NA	NA	NA	NA	NA	NA	NA	NA	NA	NA	NA	NA	NA	NA	NA	NA	NA	NA	NA	NA	NA	NA	NA	NA	NA	NA	NA	NA	NA	NA	NA	NA	NA	NA	NA	NA	NA	NA	NA	NA	NA
stad_tcga	TCGA-BR-A4J5	TCGA-BR-A4J5-01	56	NA	M0	N1	Stage IIIA	7th	T4a	No	NA	Esophagogastric Cancer	Mucinous Stomach Adenocarcinoma	Hanoi	NA	NA	NA	NA	NA	83	0	NA	NA	NA	28.32	0:DiseaseFree	NA	NA	NOT HISPANIC OR LATINO	NA	NO	2/7/13	0.0002	G3	NA	Stomach, Intestinal Adenocarcinoma, Mucinous Type	No	No	NA	C16.3	8480/3	C16.3	YES	2012	NO	NA	NA	NA	YES	1	5	NA	NA	NA	78	NA	NA	NA	NA	0	NA	TRUE	MSTAD	28.32	0:LIVING	NA	5A12857B-4132-4089-A7B7-E706366102DB	329F870B-7BED-4C05-AD9A-06BD937FC274	NA	TCGA-BR-A4J5.A42D8979-68E8-4DF3-B446-1A3EB7AE6226.pdf	A42D8979-68E8-4DF3-B446-1A3EB7AE6226	NA	Antrum/Distal	NA	YES	ASIAN	NA	NO	R0	NO	NA	NA	1	1580	Primary	1	Male	NA	Stomach	Matched	NA	NA	NA	NA	NA	NA	NA	NA	NA	NA	NA	BR	2.66666666667	NO	NA	NA	NA	NA	Vietnam	NA	TUMOR FREE	NA	NA	NA	A	NA	NA	NA	NA	NA	NA	NA	NA	NA	NA	NA	NA	NA	NA	NA	NA	NA	NA	NA	NA	NA	NA	NA	NA	NA	NA	NA	NA	NA	NA	NA	NA	NA	NA	NA	NA	NA	NA	NA	NA	NA	NA	NA	NA	NA	NA	NA	NA	NA	NA	NA	NA	NA	NA	NA	NA	NA	NA	NA	NA	NA	NA	NA	NA	NA	NA	NA	NA
stad_tcga	TCGA-BR-A4J6	TCGA-BR-A4J6-01	69	NA	M0	N0	Stage IIA	7th	T3	No	NA	Esophagogastric Cancer	Stomach Adenocarcinoma	Kiev	NA	NA	NA	NA	NA	69	0	NA	NA	NA	0.66	0:DiseaseFree	NA	NA	NOT HISPANIC OR LATINO	NA	NO	2/8/13	0.2311	G2	NA	Stomach, Adenocarcinoma, Not Otherwise Specified (NOS)	No	No	NA	C16.0	8140/3	C16.0	YES	2012	NO	NA	NA	NA	YES	0	10	NA	NA	NA	31	NA	NA	NA	NA	0	NA	TRUE	STAD	0.66	0:LIVING	NA	0F344863-11CC-4FAE-8386-8247DFF59DE4	FBE616B2-C372-4314-AE34-2CC71ADC6ADB	NA	TCGA-BR-A4J6.141FECBE-8D53-400C-AFEA-BE4027787253.pdf	141FECBE-8D53-400C-AFEA-BE4027787253	NA	Cardia/Proximal	NA	YES	WHITE	NA	NO	R0	NO	NA	NA	1	1240	Primary	1	Female	NA	Stomach	Matched	NA	NA	NA	NA	NA	NA	NA	NA	NA	NA	NA	BR	1.03333333333	NO	NA	NA	NA	NA	NA	NA	TUMOR FREE	NA	NA	NA	A	NA	NA	NA	NA	NA	NA	NA	NA	NA	NA	NA	NA	NA	NA	NA	NA	NA	NA	NA	NA	NA	NA	NA	NA	NA	NA	NA	NA	NA	NA	NA	NA	NA	NA	NA	NA	NA	NA	NA	NA	NA	NA	NA	NA	NA	NA	NA	NA	NA	NA	NA	NA	NA	NA	NA	NA	NA	NA	NA	NA	NA	NA	NA	NA	NA	NA	NA	NA
stad_tcga	TCGA-BR-A4J7	TCGA-BR-A4J7-01	49	NA	M0	NX	Stage IIB	7th	T4a	No	NA	Esophagogastric Cancer	Mucinous Stomach Adenocarcinoma	Hanoi	NA	NA	NA	NA	NA	107	0	NA	NA	NA	32.49	0:DiseaseFree	NA	NA	NOT HISPANIC OR LATINO	NA	NO	2/7/13	0.0232	G3	NA	Stomach, Intestinal Adenocarcinoma, Mucinous Type	No	No	NA	C16.3	8480/3	C16.3	YES	2012	NO	NA	NA	NA	NO	NA	NA	NA	NA	NA	50	NA	NA	NA	NA	0	NA	TRUE	MSTAD	32.49	0:LIVING	NA	394F390A-563C-447C-8CAE-CD7D0D7E689F	0D392B48-FCFF-4FCE-99AD-B3E5FFCB2C70	NA	TCGA-BR-A4J7.AD4F9754-BE94-4ECD-869C-AE2A9DF457CB.pdf	AD4F9754-BE94-4ECD-869C-AE2A9DF457CB	NA	Antrum/Distal	NA	YES	ASIAN	NA	NO	R0	NO	NA	NA	1	1800	Primary	1	Male	NA	Stomach	Matched	NA	NA	NA	NA	NA	NA	NA	NA	NA	NA	NA	BR	1.7	NO	NA	NA	NA	NA	Vietnam	NA	TUMOR FREE	NA	NA	NA	A	NA	NA	NA	NA	NA	NA	NA	NA	NA	NA	NA	NA	NA	NA	NA	NA	NA	NA	NA	NA	NA	NA	NA	NA	NA	NA	NA	NA	NA	NA	NA	NA	NA	NA	NA	NA	NA	NA	NA	NA	NA	NA	NA	NA	NA	NA	NA	NA	NA	NA	NA	NA	NA	NA	NA	NA	NA	NA	NA	NA	NA	NA	NA	NA	NA	NA	NA	NA
stad_tcga	TCGA-BR-A4J8	TCGA-BR-A4J8-01	71	NA	M0	N3a	Stage IIIB	7th	T3	No	NA	Esophagogastric Cancer	Stomach Adenocarcinoma	Kiev	NA	NA	NA	NA	NA	79	0	NA	NA	NA	13.5	0:DiseaseFree	NA	NA	NOT HISPANIC OR LATINO	NA	NO	2/8/13	0.3625	G3	NA	Stomach, Adenocarcinoma, Not Otherwise Specified (NOS)	No	No	NA	C16.0	8140/3	C16.0	YES	2012	NO	NA	NA	NA	YES	12	12	NA	NA	NA	73	NA	NA	NA	NA	0	NA	TRUE	STAD	13.5	0:LIVING	NA	1EB2038D-3B4F-4DA2-964B-E629EA068215	A0B8DF23-4EF7-4008-9576-B2F57F1EE8E2	NA	TCGA-BR-A4J8.35854151-AD82-446F-B2FC-FE3AFAE0FA60.pdf	35854151-AD82-446F-B2FC-FE3AFAE0FA60	NA	Cardia/Proximal	NA	YES	WHITE	NA	NO	R0	NO	NA	NA	1	730	Primary	1	Female	NA	Stomach	Matched	NA	NA	NA	NA	NA	NA	NA	NA	NA	NA	NA	BR	2.53333333333	NO	NA	NA	NA	NA	NA	NA	TUMOR FREE	NA	NA	NA	A	NA	NA	NA	NA	NA	NA	NA	NA	NA	NA	NA	NA	NA	NA	NA	NA	NA	NA	NA	NA	NA	NA	NA	NA	NA	NA	NA	NA	NA	NA	NA	NA	NA	NA	NA	NA	NA	NA	NA	NA	NA	NA	NA	NA	NA	NA	NA	NA	NA	NA	NA	NA	NA	NA	NA	NA	NA	NA	NA	NA	NA	NA	NA	NA	NA	NA	NA	NA
stad_tcga	TCGA-BR-A4J9	TCGA-BR-A4J9-01	55	NA	M0	N0	Stage IIA	7th	T3	No	NA	Esophagogastric Cancer	Stomach Adenocarcinoma	Kiev	NA	NA	NA	NA	NA	73	0	NA	NA	NA	0.46	0:DiseaseFree	NA	NA	NOT HISPANIC OR LATINO	NA	NO	2/8/13	0.0109	G3	NA	Stomach, Adenocarcinoma, Not Otherwise Specified (NOS)	No	No	NA	C16.3	8140/3	C16.3	YES	2012	NO	NA	NA	NA	YES	0	10	NA	NA	NA	NA	NA	NA	NA	NA	0	NA	TRUE	STAD	0.46	0:LIVING	NA	5034CC97-9EEC-42FE-ACF9-CDC5A10E6547	44B67D95-5BEE-4196-9D15-9F1725BF0DFF	NA	TCGA-BR-A4J9.9D2BB6EC-782D-4132-B51A-92ADDC975360.pdf	9D2BB6EC-782D-4132-B51A-92ADDC975360	NA	Antrum/Distal	NA	YES	WHITE	NA	NO	R0	NO	NA	NA	1	700	Primary	1	Male	NA	Stomach	Matched	NA	NA	NA	NA	NA	NA	NA	NA	NA	NA	NA	BR	0	NO	NA	NA	NA	NA	NA	NA	TUMOR FREE	NA	NA	NA	A	NA	NA	NA	NA	NA	NA	NA	NA	NA	NA	NA	NA	NA	NA	NA	NA	NA	NA	NA	NA	NA	NA	NA	NA	NA	NA	NA	NA	NA	NA	NA	NA	NA	NA	NA	NA	NA	NA	NA	NA	NA	NA	NA	NA	NA	NA	NA	NA	NA	NA	NA	NA	NA	NA	NA	NA	NA	NA	NA	NA	NA	NA	NA	NA	NA	NA	NA	NA
stad_tcga	TCGA-BR-A4PD	TCGA-BR-A4PD-01	72	NA	M0	N0	Stage IIB	7th	T4a	No	NA	Esophagogastric Cancer	Stomach Adenocarcinoma	Saratov	NA	NA	NA	NA	NA	190	0	NA	NA	NA	20.63	0:DiseaseFree	NA	NA	NOT HISPANIC OR LATINO	NA	NO	2/21/13	0.3256	G3	NA	Stomach, Adenocarcinoma, Not Otherwise Specified (NOS)	No	No	NA	C16.1	8140/3	C16.1	YES	2012	NO	NA	NA	NA	YES	0	11	NA	NA	NA	134	NA	NA	NO	NA	NA	NA	TRUE	STAD	20.63	0:LIVING	NA	DA2E8310-F54A-477E-A1FB-3F5542452780	D6DEBE0A-42AC-4822-9F67-809A73D9BAC9	NA	TCGA-BR-A4PD.CE5CF343-454B-4501-AB0E-191EF01F7D29.pdf	CE5CF343-454B-4501-AB0E-191EF01F7D29	NA	Fundus/Body	NA	YES	WHITE	NA	NO	R0	NO	NA	NA	1	1390	Primary	1	Female	NA	Stomach	Matched	NA	NA	NA	NA	NA	NA	NA	NA	NA	NA	NA	BR	4.7	NA	NA	NA	NA	NA	NA	NA	TUMOR FREE	NA	NA	NA	A	NA	NA	NA	NA	NA	NA	NA	NA	NA	NA	NA	NA	NA	NA	NA	NA	NA	NA	NA	NA	NA	NA	NA	NA	NA	NA	NA	NA	NA	NA	NA	NA	NA	NA	NA	NA	NA	NA	NA	NA	NA	NA	NA	NA	NA	NA	NA	NA	NA	NA	NA	NA	NA	NA	NA	NA	NA	NA	NA	NA	NA	NA	NA	NA	NA	NA	NA	NA
stad_tcga	TCGA-BR-A4PE	TCGA-BR-A4PE-01	68	NA	M0	N0	Stage IB	7th	T2	No	NA	Esophagogastric Cancer	Stomach Adenocarcinoma	Saratov	NA	NA	NA	NA	NA	183	0	NA	NA	NA	20.4	0:DiseaseFree	NA	NA	NOT HISPANIC OR LATINO	NA	NO	2/21/13	0.2964	G2	NA	Stomach, Adenocarcinoma, Not Otherwise Specified (NOS)	No	No	NA	C16.0	8140/3	C16.0	YES	2012	NO	NA	NA	NA	YES	0	14	NA	NA	NA	197	NA	NA	NA	NA	NA	NA	TRUE	STAD	20.4	0:LIVING	NA	FCE4E670-84BE-4592-AE6C-2B7A59218110	BE4C09EB-4E12-48D4-80E9-059847263E96	NA	TCGA-BR-A4PE.99DE1840-D7CC-4F46-9FF5-1330542D3869.pdf	99DE1840-D7CC-4F46-9FF5-1330542D3869	NA	Cardia/Proximal	NA	YES	WHITE	NA	NO	R0	NO	NA	NA	1	1090	Primary	1	Female	NA	Stomach	Matched	NA	NA	NA	NA	NA	NA	NA	NA	NA	NA	NA	BR	6.8	NO	Complete Remission/Response	NA	NA	NA	NA	NA	TUMOR FREE	NA	NA	NA	A	NA	NA	NA	NA	NA	NA	NA	NA	NA	NA	NA	NA	NA	NA	NA	NA	NA	NA	NA	NA	NA	NA	NA	NA	NA	NA	NA	NA	NA	NA	NA	NA	NA	NA	NA	NA	NA	NA	NA	NA	NA	NA	NA	NA	NA	NA	NA	NA	NA	NA	NA	NA	NA	NA	NA	NA	NA	NA	NA	NA	NA	NA	NA	NA	NA	NA	NA	NA
stad_tcga	TCGA-BR-A4PF	TCGA-BR-A4PF-01	72	NA	M0	N2	Stage IIIB	7th	T4a	NA	NA	Esophagogastric Cancer	Stomach Adenocarcinoma	Tver	NA	NA	NA	NA	NA	176	0	NA	NA	NA	1.15	0:DiseaseFree	NA	NA	NOT HISPANIC OR LATINO	NA	NO	2/21/13	0.2781	G3	NA	Stomach, Adenocarcinoma, Not Otherwise Specified (NOS)	No	No	NA	C16.3	8140/3	C16.3	YES	2012	NO	NA	NA	NA	YES	3	8	NA	NA	NA	104	NA	NA	NA	NA	NA	NA	TRUE	STAD	1.15	0:LIVING	NA	0F6B5086-4BC0-4CE3-84E7-EF8EA0356D1C	F47E0E93-FC80-4792-9207-DC603C692321	NA	TCGA-BR-A4PF.8C379B7F-4EAB-4AAA-A90E-8088BEE63AAE.pdf	8C379B7F-4EAB-4AAA-A90E-8088BEE63AAE	NA	Antrum/Distal	NA	YES	WHITE	NA	NA	R0	NO	NA	NA	1	1100	Primary	1	Male	NA	Stomach	Matched	NA	NA	NA	NA	NA	NA	NA	NA	NA	NA	NA	BR	3.43333333333	NA	NA	NA	NA	NA	Russia	NA	TUMOR FREE	NA	NA	NA	A	NA	NA	NA	NA	NA	NA	NA	NA	NA	NA	NA	NA	NA	NA	NA	NA	NA	NA	NA	NA	NA	NA	NA	NA	NA	NA	NA	NA	NA	NA	NA	NA	NA	NA	NA	NA	NA	NA	NA	NA	NA	NA	NA	NA	NA	NA	NA	NA	NA	NA	NA	NA	NA	NA	NA	NA	NA	NA	NA	NA	NA	NA	NA	NA	NA	NA	NA	NA
stad_tcga	TCGA-BR-A4QI	TCGA-BR-A4QI-01	70	NA	M0	N0	Stage IIA	7th	T3	No	NA	Esophagogastric Cancer	Stomach Adenocarcinoma	Kiev	NA	NA	NA	NA	NA	84	0	NA	NA	NA	12.58	1:Recurred/Progressed	NA	NA	NOT HISPANIC OR LATINO	NA	NO	3/19/13	0.6679	G3	NA	Stomach, Adenocarcinoma, Not Otherwise Specified (NOS)	No	No	No	C16.3	8140/3	C16.3	YES	2012	NO	NA	NA	NA	YES	0	10	NA	NA	NA	107	NA	NA	NO	NA	NA	NA	TRUE	STAD	21.42	1:DECEASED	NA	8BB9CFD8-7012-41B1-8AA1-B6592B0C0D43	A8A64CCB-2793-410C-933F-49938266E412	NA	TCGA-BR-A4QI.0913A809-96C6-4AD2-90BD-8D53632AC727.pdf	0913A809-96C6-4AD2-90BD-8D53632AC727	NA	Antrum/Distal	NA	YES	WHITE	NO	NO	R0	NO	NA	NA	1	270	Primary	1	Female	NA	Stomach	Matched	NA	NA	NA	NA	NA	NA	NA	NA	NO	NA	NA	BR	3.76666666667	NO	Complete Remission/Response	NA	NA	NA	NA	NA	TUMOR FREE	NA	NA	NA	A	NA	NA	NA	NA	NA	NA	NA	NA	NA	NA	NA	NA	NA	NA	NA	NA	NA	NA	NA	NA	NA	NA	NA	NA	NA	NA	NA	NA	NA	NA	NA	NA	NA	NA	NA	NA	NA	NA	NA	NA	NA	NA	NA	NA	NA	NA	NA	NA	NA	NA	NA	NA	NA	NA	NA	NA	NA	NA	NA	NA	NA	NA	NA	NA	NA	NA	NA	NA
stad_tcga	TCGA-BR-A4QL	TCGA-BR-A4QL-01	75	NA	M0	N3a	Stage IIIB	7th	T3	No	NA	Esophagogastric Cancer	Stomach Adenocarcinoma	Kiev	NA	NA	NA	NA	NA	64	0	NA	NA	NA	NA	NA	NA	NA	NOT HISPANIC OR LATINO	NA	NO	3/19/13	0.0567	G2	NA	Stomach, Adenocarcinoma, Not Otherwise Specified (NOS)	No	No	No	C16.3	8140/3	C16.3	YES	2012	NO	NA	NA	NA	YES	9	10	NA	NA	NA	1758	NA	NA	NO	NA	NA	NA	TRUE	STAD	16.13	1:DECEASED	NA	AA2C5D29-2764-4804-9181-5870C0956904	E5E60060-A748-4864-BAB2-EC7343095BCA	NA	TCGA-BR-A4QL.E2FF83BD-C0E2-439E-ABF4-BCFC4008D323.pdf	E2FF83BD-C0E2-439E-ABF4-BCFC4008D323	NA	Antrum/Distal	NA	YES	WHITE	NO	NO	R0	NO	NA	NA	1	930	Primary	1	Female	NA	Stomach	Matched	NA	NA	NA	NA	NA	NA	NA	NA	YES	NA	NA	BR	60.7666666667	NO	Complete Remission/Response	NA	NA	NA	NA	NA	TUMOR FREE	NA	NA	NA	A	NA	NA	NA	NA	NA	NA	NA	NA	NA	NA	NA	NA	NA	NA	NA	NA	NA	NA	NA	NA	NA	NA	NA	NA	NA	NA	NA	NA	NA	NA	NA	NA	NA	NA	NA	NA	NA	NA	NA	NA	NA	NA	NA	NA	NA	NA	NA	NA	NA	NA	NA	NA	NA	NA	NA	NA	NA	NA	NA	NA	NA	NA	NA	NA	NA	NA	NA	NA
stad_tcga	TCGA-BR-A4QM	TCGA-BR-A4QM-01	65	NA	M0	N2	Stage IIIA	7th	T3	No	NA	Esophagogastric Cancer	Stomach Adenocarcinoma	Kiev	NA	NA	NA	NA	NA	79	0	NA	NA	NA	4.17	1:Recurred/Progressed	NA	NA	NOT HISPANIC OR LATINO	NA	NO	3/28/13	0.0356	G3	NA	Stomach, Adenocarcinoma, Not Otherwise Specified (NOS)	No	No	No	C16.0	8140/3	C16.0	YES	2012	NO	NA	NA	NA	YES	6	6	NA	NA	NA	88	NA	NA	NO	NA	NA	NA	TRUE	STAD	5.12	0:LIVING	NA	0E99C305-C69F-4FB4-84D6-29CAC1CC9D39	DB224D8C-18B0-4907-963A-875CF0F2887E	NA	TCGA-BR-A4QM.1099CBC6-7A8D-4E55-9291-3D43C9DDAF9B.pdf	1099CBC6-7A8D-4E55-9291-3D43C9DDAF9B	NA	Cardia/Proximal	NA	YES	WHITE	NO	NO	R0	NO	NA	NA	1	950	Primary	1	Male	NA	Stomach	Matched	NA	NA	NA	NA	NA	NA	NA	NA	YES	NA	NA	BR	3.0	NO	Complete Remission/Response	NA	NA	NA	NA	NA	TUMOR FREE	NA	NA	NA	A	NA	NA	NA	NA	NA	NA	NA	NA	NA	NA	NA	NA	NA	NA	NA	NA	NA	NA	NA	NA	NA	NA	NA	NA	NA	NA	NA	NA	NA	NA	NA	NA	NA	NA	NA	NA	NA	NA	NA	NA	NA	NA	NA	NA	NA	NA	NA	NA	NA	NA	NA	NA	NA	NA	NA	NA	NA	NA	NA	NA	NA	NA	NA	NA	NA	NA	NA	NA
stad_tcga	TCGA-CD-5798	TCGA-CD-5798-01	82	NA	M0	N0	Stage II	6th	T3	NA	NA	Esophagogastric Cancer	Mucinous Stomach Adenocarcinoma	NA	NA	NA	NA	NA	NA	NA	0	NA	NA	NA	13.4	0:DiseaseFree	NA	NA	NOT HISPANIC OR LATINO	NA	NA	6/8/11	0.0022	G2	NA	Stomach, Intestinal Adenocarcinoma, Mucinous Type	No	No	NA	C16.3	8480/3	C16.3	YES	2010	NO	NA	NA	2	NO	NA	NA	NA	NA	NA	82	NA	NA	NA	NA	NA	NA	NA	MSTAD	13.4	0:LIVING	NA	e42f45c6-fd00-44cf-a210-c8803da326a1	72855d36-60be-498f-96e9-0f10dc05b3a0	NA	TCGA-CD-5798.5d1c744e-9f88-4393-8969-0463bcfe5d00.pdf	5d1c744e-9f88-4393-8969-0463bcfe5d00	NA	Antrum/Distal	NA	YES	ASIAN	NA	NA	NA	NO	NA	NA	1	NA	Primary	1	Male	0.5	Stomach	Matched	NA	NA	1.2	NA	NA	NA	NA	NA	NA	NA	NA	CD	2.83333333333	NA	NA	NA	NA	NA	Vietnam	NA	TUMOR FREE	NA	NA	NA	A	NA	NA	NA	NA	NA	NA	NA	NA	NA	NA	NA	NA	NA	NA	NA	NA	NA	NA	NA	NA	NA	NA	NA	NA	NA	NA	NA	NA	NA	NA	NA	NA	NA	NA	NA	NA	NA	NA	NA	NA	NA	NA	NA	NA	NA	NA	NA	NA	NA	NA	NA	NA	NA	NA	NA	NA	NA	NA	NA	NA	NA	NA	NA	NA	NA	NA	NA	NA
stad_tcga	TCGA-CD-5799	TCGA-CD-5799-01	45	NA	M0	N1	Stage II	6th	T2	NA	NA	Esophagogastric Cancer	Stomach Adenocarcinoma	NA	NA	NA	NA	NA	NA	NA	0	NA	NA	NA	13.01	0:DiseaseFree	NA	NA	NOT HISPANIC OR LATINO	NA	NA	6/8/11	0.4482	G3	NA	Stomach, Intestinal Adenocarcinoma, Not Otherwise Specified (NOS)	No	No	NA	C16.3	8144/3	C16.3	YES	2010	NO	NA	NA	1.3	NO	NA	NA	NA	NA	NA	31	NA	NA	NA	NA	NA	NA	NA	STAD	13.01	0:LIVING	NA	c991697f-77f9-412a-9bd1-0e47f7387cb2	a3180e0e-eb99-49dd-8252-5fea05a9885f	NA	TCGA-CD-5799.aef14515-49aa-4557-9dbb-45f63c3f90c3.pdf	aef14515-49aa-4557-9dbb-45f63c3f90c3	NA	Antrum/Distal	NA	YES	ASIAN	NA	NA	NA	NO	NA	NA	1	NA	Primary	1	Male	0.4	Stomach	Matched	NA	NA	1	NA	NA	NA	NA	NA	NA	NA	NA	CD	1.06666666667	NA	NA	NA	NA	NA	Vietnam	NA	TUMOR FREE	NA	NA	NA	A	NA	NA	NA	NA	NA	NA	NA	NA	NA	NA	NA	NA	NA	NA	NA	NA	NA	NA	NA	NA	NA	NA	NA	NA	NA	NA	NA	NA	NA	NA	NA	NA	NA	NA	NA	NA	NA	NA	NA	NA	NA	NA	NA	NA	NA	NA	NA	NA	NA	NA	NA	NA	NA	NA	NA	NA	NA	NA	NA	NA	NA	NA	NA	NA	NA	NA	NA	NA
stad_tcga	TCGA-CD-5800	TCGA-CD-5800-01	51	NA	M0	N0	Stage II	6th	T3	NA	NA	Esophagogastric Cancer	Papillary Stomach Adenocarcinoma	NA	NA	NA	NA	NA	NA	NA	0	NA	NA	NA	13.14	0:DiseaseFree	NA	NA	NOT HISPANIC OR LATINO	NA	NA	6/8/11	0.3436	G1	NA	Stomach, Intestinal Adenocarcinoma, Papillary Type	No	No	NA	C16.3	8260/3	C16.3	YES	2010	NO	NA	NA	2.2	YES	NA	3	NA	NA	NA	147	NA	NA	NA	NA	NA	NA	NA	PSTAD	13.14	0:LIVING	NA	eeb114ea-ecee-49ee-a162-b3b7bc0a60cd	b23e2d58-e61b-4b94-b4d8-407418351167	NA	TCGA-CD-5800.d807f051-89c8-4899-9747-0b9f623cd06e.pdf	d807f051-89c8-4899-9747-0b9f623cd06e	NA	Antrum/Distal	NA	YES	ASIAN	NA	NA	R0	NO	NA	NA	1	NA	Primary	1	Female	0.4	Stomach	Matched	NA	NA	1.4	NA	NA	NA	NA	NA	NA	NA	NA	CD	4.96666666667	NA	NA	NA	NA	NA	Vietnam	NA	TUMOR FREE	NA	NA	NA	A	NA	NA	NA	NA	NA	NA	NA	NA	NA	NA	NA	NA	NA	NA	NA	NA	NA	NA	NA	NA	NA	NA	NA	NA	NA	NA	NA	NA	NA	NA	NA	NA	NA	NA	NA	NA	NA	NA	NA	NA	NA	NA	NA	NA	NA	NA	NA	NA	NA	NA	NA	NA	NA	NA	NA	NA	NA	NA	NA	NA	NA	NA	NA	NA	NA	NA	NA	NA
stad_tcga	TCGA-CD-5801	TCGA-CD-5801-01	69	NA	M0	N1	Stage IIIA	6th	T3	NA	NA	Esophagogastric Cancer	Stomach Adenocarcinoma	NA	NA	NA	NA	NA	NA	NA	0	NA	NA	NA	NA	NA	NA	NA	NOT HISPANIC OR LATINO	NA	NA	6/8/11	0.3353	G3	NA	Stomach, Adenocarcinoma, Not Otherwise Specified (NOS)	No	No	NA	C16.3	8140/3	C16.3	YES	2010	NO	NA	NA	1.1	YES	NA	5	NA	NA	NA	326	NA	NA	NA	NA	NA	NA	NA	STAD	13.17	1:DECEASED	NA	df822ea3-e0e6-4ad3-a228-e20e3a737dac	9d0df8d7-8d59-4983-9bbf-c6c106bdefec	NA	TCGA-CD-5801.c1508c91-7c9c-45af-b741-5304f8c34acb.pdf	c1508c91-7c9c-45af-b741-5304f8c34acb	NA	Antrum/Distal	NA	YES	ASIAN	NA	NA	R0	NO	NA	NA	1	NA	Primary	1	Male	0.4	Stomach	Matched	NA	NA	1.1	NA	NA	NA	NA	NA	NA	NA	NA	CD	11.1333333333	NA	NA	NA	NA	NA	Vietnam	NA	NA	NA	NA	NA	A	NA	NA	NA	NA	NA	NA	NA	NA	NA	NA	NA	NA	NA	NA	NA	NA	NA	NA	NA	NA	NA	NA	NA	NA	NA	NA	NA	NA	NA	NA	NA	NA	NA	NA	NA	NA	NA	NA	NA	NA	NA	NA	NA	NA	NA	NA	NA	NA	NA	NA	NA	NA	NA	NA	NA	NA	NA	NA	NA	NA	NA	NA	NA	NA	NA	NA	NA	NA
stad_tcga	TCGA-CD-5802	TCGA-CD-5802-01	58	NA	M0	N0	Stage II	6th	T3	NA	NA	Esophagogastric Cancer	Stomach Adenocarcinoma	NA	NA	NA	NA	NA	NA	NA	0	NA	NA	NA	13.34	0:DiseaseFree	NA	NA	NOT HISPANIC OR LATINO	NA	NA	6/8/11	0.3462	G2	NA	Stomach, Adenocarcinoma, Not Otherwise Specified (NOS)	No	No	NA	C16.0	8140/3	C16.0	YES	2010	NO	NA	NA	1.5	NO	NA	NA	NA	NA	NA	46	NA	NA	NA	NA	NA	NA	NA	STAD	13.34	0:LIVING	NA	0aecac64-5982-4d76-8f31-958f6a00951d	93c38ffb-27ac-4c91-939d-7102ee72f404	NA	TCGA-CD-5802.46cb18fc-0b29-478b-8782-2c098259ccee.pdf	46cb18fc-0b29-478b-8782-2c098259ccee	NA	Cardia/Proximal	NA	YES	ASIAN	NA	NA	NA	NO	NA	NA	1	NA	Primary	1	Male	0.3	Stomach	Matched	NA	NA	0.7	NA	NA	NA	NA	NA	NA	NA	NA	CD	1.56666666667	NA	NA	NA	NA	NA	Vietnam	NA	TUMOR FREE	NA	NA	NA	A	NA	NA	NA	NA	NA	NA	NA	NA	NA	NA	NA	NA	NA	NA	NA	NA	NA	NA	NA	NA	NA	NA	NA	NA	NA	NA	NA	NA	NA	NA	NA	NA	NA	NA	NA	NA	NA	NA	NA	NA	NA	NA	NA	NA	NA	NA	NA	NA	NA	NA	NA	NA	NA	NA	NA	NA	NA	NA	NA	NA	NA	NA	NA	NA	NA	NA	NA	NA
stad_tcga	TCGA-CD-5803	TCGA-CD-5803-01	78	NA	M0	N0	Stage II	6th	T3	NA	NA	Esophagogastric Cancer	Stomach Adenocarcinoma	NA	NA	NA	NA	NA	NA	NA	0	NA	NA	NA	9.86	1:Recurred/Progressed	NA	NA	NOT HISPANIC OR LATINO	NA	NA	6/8/11	0.0007	G3	NA	Stomach, Adenocarcinoma, Not Otherwise Specified (NOS)	No	No	NA	C16.3	8140/3	C16.3	YES	2010	NO	NA	NA	2	NO	NA	NA	NA	NA	NA	33	NA	NA	NA	NA	NA	NA	NA	STAD	11.2	1:DECEASED	NA	33901c6f-9180-4a19-866c-f4ac6bec76da	eb71264d-c896-4910-bf46-d6f129b83941	NA	TCGA-CD-5803.f1cf51ad-e05a-479c-8340-320d8e40d9b5.pdf	f1cf51ad-e05a-479c-8340-320d8e40d9b5	NA	Antrum/Distal	NA	YES	ASIAN	NA	NA	NA	NO	NA	NA	1	NA	Primary	1	Female	0.5	Stomach	Matched	NA	NA	0.6	NA	NA	NA	NA	NA	NA	NA	NA	CD	1.13333333333	NA	NA	NA	NA	NA	Vietnam	NA	TUMOR FREE	NA	NA	NA	A	NA	NA	NA	NA	NA	NA	NA	NA	NA	NA	NA	NA	NA	NA	NA	NA	NA	NA	NA	NA	NA	NA	NA	NA	NA	NA	NA	NA	NA	NA	NA	NA	NA	NA	NA	NA	NA	NA	NA	NA	NA	NA	NA	NA	NA	NA	NA	NA	NA	NA	NA	NA	NA	NA	NA	NA	NA	NA	NA	NA	NA	NA	NA	NA	NA	NA	NA	NA
stad_tcga	TCGA-CD-5804	TCGA-CD-5804-01	90	NA	M0	N1	NA	7th	T3	No	NA	Esophagogastric Cancer	Stomach Adenocarcinoma	NA	NA	NA	NA	NA	NA	NA	0	NA	NA	NA	12.09	0:DiseaseFree	NA	NA	NOT HISPANIC OR LATINO	NA	NO	3/6/12	0.2338	G2	NA	Stomach, Adenocarcinoma, Not Otherwise Specified (NOS)	No	No	No	C16.0	8140/3	C16.0	YES	2010	NO	NA	NA	1.5	YES	1	NA	NA	NA	NA	71	NA	NA	NA	NA	NA	NA	NA	STAD	12.09	0:LIVING	NA	9fa752b7-9873-4bad-9eba-8cc113705fed	955851a5-1c5b-406b-954a-ef0b0d348098	NA	TCGA-CD-5804.8381b806-afd3-4443-afdf-e445d3559717.pdf	8381b806-afd3-4443-afdf-e445d3559717	NA	Antrum/Distal	NA	YES	ASIAN	NA	NA	R0	NA	NA	NA	1	NA	Primary	1	Male	0.5	Stomach	Matched	NA	NA	1.2	NA	NA	NA	NA	NA	NA	NA	NA	CD	2.46666666667	NO	NA	NA	NA	NA	Vietnam	NA	NA	NA	NA	NA	A	NA	NA	NA	NA	NA	NA	NA	NA	NA	NA	NA	NA	NA	NA	NA	NA	NA	NA	NA	NA	NA	NA	NA	NA	NA	NA	NA	NA	NA	NA	NA	NA	NA	NA	NA	NA	NA	NA	NA	NA	NA	NA	NA	NA	NA	NA	NA	NA	NA	NA	NA	NA	NA	NA	NA	NA	NA	NA	NA	NA	NA	NA	NA	NA	NA	NA	NA	NA
stad_tcga	TCGA-CD-5813	TCGA-CD-5813-01	60	NA	M0	N0	Stage II	6th	T3	NA	NA	Esophagogastric Cancer	Mucinous Stomach Adenocarcinoma	NA	NA	NA	NA	NA	NA	NA	0	NA	NA	NA	10.35	1:Recurred/Progressed	NA	NA	NOT HISPANIC OR LATINO	NA	NA	6/8/11	NA	G3	NA	Stomach, Intestinal Adenocarcinoma, Mucinous Type	No	No	NA	C16.2	8480/3	C16.2	YES	2010	NO	NA	NA	1.5	NO	NA	NA	NA	NA	NA	141	NA	NA	NA	NA	NA	NA	NA	MSTAD	12.39	1:DECEASED	NA	152b9d8a-19fd-4665-b9e4-4fedfb1608cd	09e42e33-d2ec-406c-9a42-36d9d2ebd6c6	NA	TCGA-CD-5813.d298f789-f31c-4035-919c-a6f7af3f53ae.pdf	d298f789-f31c-4035-919c-a6f7af3f53ae	NA	Fundus/Body	NA	YES	ASIAN	NA	NA	NA	NO	NA	NA	1	NA	Primary	1	Male	0.5	Stomach	Matched	NA	NA	1.3	NA	NA	NA	NA	NA	NA	NA	NA	CD	4.83333333333	NA	NA	NA	NA	NA	Vietnam	NA	TUMOR FREE	NA	NA	NA	A	NA	NA	NA	NA	NA	NA	NA	NA	NA	NA	NA	NA	NA	NA	NA	NA	NA	NA	NA	NA	NA	NA	NA	NA	NA	NA	NA	NA	NA	NA	NA	NA	NA	NA	NA	NA	NA	NA	NA	NA	NA	NA	NA	NA	NA	NA	NA	NA	NA	NA	NA	NA	NA	NA	NA	NA	NA	NA	NA	NA	NA	NA	NA	NA	NA	NA	NA	NA
stad_tcga	TCGA-CD-8524	TCGA-CD-8524-01	61	NA	M0	N0	Stage II	6th	T3	NA	NA	Esophagogastric Cancer	Stomach Adenocarcinoma	NA	NA	NA	NA	NA	NA	NA	0	NA	NA	NA	2.27	1:Recurred/Progressed	NA	NA	NOT HISPANIC OR LATINO	NA	NO	4/15/13	0.1877	G3	NA	Stomach, Intestinal Adenocarcinoma, Not Otherwise Specified (NOS)	No	No	NA	C16.3	8144/3	C16.3	YES	2010	NO	NA	NA	1.3	NO	NA	NA	NA	NA	NA	162	NA	NA	NO	NA	NA	NA	NA	STAD	12.75	0:LIVING	NA	315b8de8-9842-4738-b23b-1d61722f9583	bf8de758-5bbb-48be-81ae-b310a10b71f6	NA	TCGA-CD-8524.fd6434eb-b80a-4a64-99dd-06fa173557c7.pdf	fd6434eb-b80a-4a64-99dd-06fa173557c7	NA	Antrum/Distal	NA	YES	ASIAN	NO	NO	R0	NO	NA	NA	1	NA	Primary	1	Female	0.4	Stomach	Matched	NA	NA	1.1	NA	NA	NA	NA	NA	NO	NA	NA	CD	5.73333333333	NA	NA	NA	NA	NA	NA	NA	TUMOR FREE	NA	NA	NA	A	NA	NA	NA	NA	NA	NA	NA	NA	NA	NA	NA	NA	NA	NA	NA	NA	NA	NA	NA	NA	NA	NA	NA	NA	NA	NA	NA	NA	NA	NA	NA	NA	NA	NA	NA	NA	NA	NA	NA	NA	NA	NA	NA	NA	NA	NA	NA	NA	NA	NA	NA	NA	NA	NA	NA	NA	NA	NA	NA	NA	NA	NA	NA	NA	NA	NA	NA	NA
stad_tcga	TCGA-CD-8525	TCGA-CD-8525-01	82	NA	M0	N1	Stage IIIA	6th	T3	NA	NA	Esophagogastric Cancer	Mucinous Stomach Adenocarcinoma	NA	NA	NA	NA	NA	NA	NA	0	NA	NA	NA	12.58	0:DiseaseFree	NA	NA	NOT HISPANIC OR LATINO	NA	NA	4/15/13	0.1139	G3	NA	Stomach, Intestinal Adenocarcinoma, Mucinous Type	No	No	NA	C16.3	8480/3	C16.3	YES	2010	NO	NA	NA	1.3	YES	2	2	NA	NA	NA	92	NA	NA	NO	NA	NA	NA	NA	MSTAD	12.58	0:LIVING	NA	39acb803-f282-422e-ac56-a3a50693d203	31b67c28-869b-44ac-90fe-9f0fffa22df1	NA	TCGA-CD-8525.a5c6498b-847d-4665-ae8e-13ebcb082b4f.pdf	a5c6498b-847d-4665-ae8e-13ebcb082b4f	NA	Antrum/Distal	NA	YES	ASIAN	NO	NO	R0	NO	NA	NA	1	NA	Primary	1	Female	0.4	Stomach	Matched	NA	NA	1	NA	NA	NA	NA	NA	NO	NA	NA	CD	3.2	NA	Complete Remission/Response	NA	NA	NA	NA	NA	TUMOR FREE	NA	NA	NA	A	NA	NA	NA	NA	NA	NA	NA	NA	NA	NA	NA	NA	NA	NA	NA	NA	NA	NA	NA	NA	NA	NA	NA	NA	NA	NA	NA	NA	NA	NA	NA	NA	NA	NA	NA	NA	NA	NA	NA	NA	NA	NA	NA	NA	NA	NA	NA	NA	NA	NA	NA	NA	NA	NA	NA	NA	NA	NA	NA	NA	NA	NA	NA	NA	NA	NA	NA	NA
stad_tcga	TCGA-CD-8526	TCGA-CD-8526-01	73	NA	M0	N1	Stage IIIA	6th	T3	NA	NA	Esophagogastric Cancer	Stomach Adenocarcinoma	NA	NA	NA	NA	NA	NA	NA	0	NA	NA	NA	12.52	0:DiseaseFree	NA	NA	NOT HISPANIC OR LATINO	NA	NA	4/15/13	0.2079	G3	NA	Stomach, Intestinal Adenocarcinoma, Not Otherwise Specified (NOS)	No	No	NA	C16.1	8144/3	C16.1	YES	2010	NO	NA	NA	0.9	YES	2	2	NA	NA	NA	67	NA	NA	NO	NA	NA	NA	NA	STAD	12.52	0:LIVING	NA	6a9b3d65-ae15-4e3c-84ed-468e2196372b	cbd8b935-7a19-45fb-b78b-6f586d253fe8	NA	TCGA-CD-8526.67e3fe30-ebf2-43fc-853f-9dbfc5eb3a56.pdf	67e3fe30-ebf2-43fc-853f-9dbfc5eb3a56	NA	Fundus/Body	NA	YES	ASIAN	NO	NO	R0	NO	NA	NA	1	NA	Primary	1	Female	0.5	Stomach	Matched	NA	NA	0.5	NA	NA	NA	NA	NA	NO	NA	NA	CD	2.33333333333	NA	Complete Remission/Response	NA	NA	NA	NA	NA	TUMOR FREE	NA	NA	NA	A	NA	NA	NA	NA	NA	NA	NA	NA	NA	NA	NA	NA	NA	NA	NA	NA	NA	NA	NA	NA	NA	NA	NA	NA	NA	NA	NA	NA	NA	NA	NA	NA	NA	NA	NA	NA	NA	NA	NA	NA	NA	NA	NA	NA	NA	NA	NA	NA	NA	NA	NA	NA	NA	NA	NA	NA	NA	NA	NA	NA	NA	NA	NA	NA	NA	NA	NA	NA
stad_tcga	TCGA-CD-8527	TCGA-CD-8527-01	72	NA	M0	N1	Stage II	6th	T2	NA	NA	Esophagogastric Cancer	Stomach Adenocarcinoma	NA	NA	NA	NA	NA	NA	NA	0	NA	NA	NA	5.22	1:Recurred/Progressed	NA	NA	NOT HISPANIC OR LATINO	NA	NO	4/15/13	0.5297	G2	NA	Stomach, Intestinal Adenocarcinoma, Not Otherwise Specified (NOS)	No	No	NA	C16.3	8144/3	C16.3	YES	2010	NO	NA	NA	1.8	YES	NA	2	NA	NA	NA	224	NA	NA	NO	NA	NA	NA	NA	STAD	7.16	1:DECEASED	NA	1b98b2da-c5bf-422f-bb73-1190841fbec4	bb6ec9cb-d367-449f-9b8d-9b736f5de92e	NA	TCGA-CD-8527.0bf5d180-3be0-47d0-acaa-e3075bc63fce.pdf	0bf5d180-3be0-47d0-acaa-e3075bc63fce	NA	Antrum/Distal	NA	YES	ASIAN	NO	NO	R0	NO	NA	NA	1	NA	Primary	1	Female	0.5	Stomach	Matched	NA	NA	0.7	NA	NA	NA	NA	NA	NO	NA	NA	CD	7.7	NA	Complete Remission/Response	NA	NA	NA	NA	NA	TUMOR FREE	NA	NA	NA	A	NA	NA	NA	NA	NA	NA	NA	NA	NA	NA	NA	NA	NA	NA	NA	NA	NA	NA	NA	NA	NA	NA	NA	NA	NA	NA	NA	NA	NA	NA	NA	NA	NA	NA	NA	NA	NA	NA	NA	NA	NA	NA	NA	NA	NA	NA	NA	NA	NA	NA	NA	NA	NA	NA	NA	NA	NA	NA	NA	NA	NA	NA	NA	NA	NA	NA	NA	NA
stad_tcga	TCGA-CD-8528	TCGA-CD-8528-01	43	NA	M0	N0	Stage IIIA	6th	T4	NA	NA	Esophagogastric Cancer	Stomach Adenocarcinoma	NA	NA	NA	NA	NA	NA	NA	0	NA	NA	NA	12.32	0:DiseaseFree	NA	NA	NOT HISPANIC OR LATINO	NA	NA	4/15/13	0.3380	G3	NA	Stomach, Adenocarcinoma, Not Otherwise Specified (NOS)	No	No	NA	C16.3	8140/3	C16.3	YES	2010	NO	NA	NA	1.4	NO	NA	NA	NA	NA	NA	117	NA	NA	NO	NA	NA	NA	NA	STAD	12.32	0:LIVING	NA	1a1f2197-e303-46e4-8871-53f2eb2e599a	8248eab9-011a-4c2a-b0e7-2d81ce29b27c	NA	TCGA-CD-8528.afc740b2-5621-4b8c-b25a-600b4dc2c22e.pdf	afc740b2-5621-4b8c-b25a-600b4dc2c22e	NA	Antrum/Distal	NA	YES	ASIAN	NO	NO	R0	NO	NA	NA	1	NA	Primary	1	Female	0.5	Stomach	Matched	NA	NA	0.8	NA	NA	NA	NA	NA	NO	NA	NA	CD	4.03333333333	NA	Complete Remission/Response	NA	NA	NA	NA	NA	TUMOR FREE	NA	NA	NA	A	NA	NA	NA	NA	NA	NA	NA	NA	NA	NA	NA	NA	NA	NA	NA	NA	NA	NA	NA	NA	NA	NA	NA	NA	NA	NA	NA	NA	NA	NA	NA	NA	NA	NA	NA	NA	NA	NA	NA	NA	NA	NA	NA	NA	NA	NA	NA	NA	NA	NA	NA	NA	NA	NA	NA	NA	NA	NA	NA	NA	NA	NA	NA	NA	NA	NA	NA	NA
stad_tcga	TCGA-CD-8529	TCGA-CD-8529-01	65	NA	M1	N0	Stage IV	6th	T4	NA	NA	Esophagogastric Cancer	Mucinous Stomach Adenocarcinoma	NA	NA	NA	NA	NA	NA	NA	0	NA	NA	NA	12.29	0:DiseaseFree	NA	NA	NOT HISPANIC OR LATINO	NA	NO	4/15/13	0.0821	G2	NA	Stomach, Intestinal Adenocarcinoma, Mucinous Type	No	No	NA	C16.3	8480/3	C16.3	YES	2011	NO	NA	NA	1.3	NO	NA	NA	NA	NA	NA	392	NA	NA	NO	NA	NA	NA	NA	MSTAD	12.29	0:LIVING	NA	5b7e557a-6aee-4077-b3cd-c96179e643ae	eb18c784-32f7-4570-a661-e4df8f55378c	NA	TCGA-CD-8529.d0b4cff3-7c75-4d3c-93ae-7831cf4fee61.pdf	d0b4cff3-7c75-4d3c-93ae-7831cf4fee61	NA	Antrum/Distal	NA	YES	ASIAN	NO	NO	R0	NO	NA	NA	1	NA	Primary	1	Male	0.5	Stomach	Matched	NA	NA	0.8	NA	NA	NA	NA	NA	NO	NA	NA	CD	13.6333333333	NA	Complete Remission/Response	NA	NA	NA	NA	NA	TUMOR FREE	NA	NA	NA	A	NA	NA	NA	NA	NA	NA	NA	NA	NA	NA	NA	NA	NA	NA	NA	NA	NA	NA	NA	NA	NA	NA	NA	NA	NA	NA	NA	NA	NA	NA	NA	NA	NA	NA	NA	NA	NA	NA	NA	NA	NA	NA	NA	NA	NA	NA	NA	NA	NA	NA	NA	NA	NA	NA	NA	NA	NA	NA	NA	NA	NA	NA	NA	NA	NA	NA	NA	NA
stad_tcga	TCGA-CD-8530	TCGA-CD-8530-01	51	NA	M0	N0	Stage II	6th	T3	NA	NA	Esophagogastric Cancer	Diffuse Type Stomach Adenocarcinoma	NA	NA	NA	NA	NA	NA	NA	0	NA	NA	NA	12.39	0:DiseaseFree	NA	NA	NOT HISPANIC OR LATINO	NA	NA	4/15/13	0.1764	G3	NA	Stomach, Adenocarcinoma, Diffuse Type	No	No	NA	C16.1	8145/3	C16.1	YES	2011	NO	NA	NA	1.6	NO	NA	NA	NA	NA	NA	100	NA	NA	NO	NA	NA	NA	NA	DSTAD	12.39	0:LIVING	NA	0a11e958-7ec0-493c-bd7a-eb17536facd7	d0ff07bb-06a4-4ffc-9329-6afac91cc7a2	NA	TCGA-CD-8530.985c6130-7969-47a7-8fda-862511781baa.pdf	985c6130-7969-47a7-8fda-862511781baa	NA	Fundus/Body	NA	YES	ASIAN	NO	NO	R0	NO	NA	NA	1	NA	Primary	1	Male	0.5	Stomach	Matched	NA	NA	0.9	NA	NA	NA	NA	NA	NO	NA	NA	CD	3.5	NA	Complete Remission/Response	NA	NA	NA	NA	NA	TUMOR FREE	NA	NA	NA	A	NA	NA	NA	NA	NA	NA	NA	NA	NA	NA	NA	NA	NA	NA	NA	NA	NA	NA	NA	NA	NA	NA	NA	NA	NA	NA	NA	NA	NA	NA	NA	NA	NA	NA	NA	NA	NA	NA	NA	NA	NA	NA	NA	NA	NA	NA	NA	NA	NA	NA	NA	NA	NA	NA	NA	NA	NA	NA	NA	NA	NA	NA	NA	NA	NA	NA	NA	NA
stad_tcga	TCGA-CD-8531	TCGA-CD-8531-01	66	NA	M0	N1	Stage IIIA	6th	T3	NA	NA	Esophagogastric Cancer	Diffuse Type Stomach Adenocarcinoma	NA	NA	NA	NA	NA	NA	NA	0	NA	NA	NA	12.58	0:DiseaseFree	NA	NA	NOT HISPANIC OR LATINO	NA	NA	4/15/13	0.0474	G3	NA	Stomach, Adenocarcinoma, Diffuse Type	No	No	NA	C16.1	8145/3	C16.1	YES	2011	NO	NA	NA	1.1	YES	2	7	NA	NA	NA	227	NA	NA	NO	NA	NA	NA	NA	DSTAD	12.58	0:LIVING	NA	efe8b105-b170-4679-8b97-c1142fefe069	9465b3b6-be4d-4bc6-a014-30c098321425	NA	TCGA-CD-8531.a2926f17-34ea-4e19-bb94-9b894534ae9d.pdf	a2926f17-34ea-4e19-bb94-9b894534ae9d	NA	Fundus/Body	NA	YES	ASIAN	NO	NO	R0	NO	NA	NA	1	NA	Primary	1	Female	0.5	Stomach	Matched	NA	NA	0.8	NA	NA	NA	NA	NA	NO	NA	NA	CD	7.93333333333	NA	NA	NA	NA	NA	NA	NA	TUMOR FREE	NA	NA	NA	A	NA	NA	NA	NA	NA	NA	NA	NA	NA	NA	NA	NA	NA	NA	NA	NA	NA	NA	NA	NA	NA	NA	NA	NA	NA	NA	NA	NA	NA	NA	NA	NA	NA	NA	NA	NA	NA	NA	NA	NA	NA	NA	NA	NA	NA	NA	NA	NA	NA	NA	NA	NA	NA	NA	NA	NA	NA	NA	NA	NA	NA	NA	NA	NA	NA	NA	NA	NA
stad_tcga	TCGA-CD-8532	TCGA-CD-8532-01	52	NA	M0	N0	Stage II	6th	T3	NA	NA	Esophagogastric Cancer	Stomach Adenocarcinoma	NA	NA	NA	NA	NA	NA	NA	0	NA	NA	NA	9.26	1:Recurred/Progressed	NA	NA	NOT HISPANIC OR LATINO	NA	NO	4/15/13	0.2522	G2	NA	Stomach, Adenocarcinoma, Not Otherwise Specified (NOS)	No	No	NA	C16.0	8140/3	C16.0	YES	2011	NO	NA	NA	1.2	NO	NA	NA	NA	NA	NA	55	NA	NA	NO	NA	NA	NA	NA	STAD	11.63	1:DECEASED	NA	8e0f35e8-cd02-4d8b-9145-597cc65eac13	315e61cb-421d-4ed1-b542-24127451e4b8	NA	TCGA-CD-8532.0046795b-3d8b-4921-8d11-19e7c9ad6bc3.pdf	0046795b-3d8b-4921-8d11-19e7c9ad6bc3	NA	Cardia/Proximal	NA	YES	ASIAN	NO	NO	R0	NO	NA	NA	1	NA	Primary	1	Male	0.5	Stomach	Matched	NA	NA	0.8	NA	NA	NA	NA	NA	NO	NA	NA	CD	1.86666666667	NA	Complete Remission/Response	NA	NA	NA	NA	NA	TUMOR FREE	NA	NA	NA	A	NA	NA	NA	NA	NA	NA	NA	NA	NA	NA	NA	NA	NA	NA	NA	NA	NA	NA	NA	NA	NA	NA	NA	NA	NA	NA	NA	NA	NA	NA	NA	NA	NA	NA	NA	NA	NA	NA	NA	NA	NA	NA	NA	NA	NA	NA	NA	NA	NA	NA	NA	NA	NA	NA	NA	NA	NA	NA	NA	NA	NA	NA	NA	NA	NA	NA	NA	NA
stad_tcga	TCGA-CD-8533	TCGA-CD-8533-01	48	NA	M0	N0	Stage II	6th	T3	NA	NA	Esophagogastric Cancer	Stomach Adenocarcinoma	NA	NA	NA	NA	NA	NA	NA	0	NA	NA	NA	7.42	1:Recurred/Progressed	NA	NA	NOT HISPANIC OR LATINO	NA	NO	4/15/13	0.5672	G3	NA	Stomach, Adenocarcinoma, Not Otherwise Specified (NOS)	No	No	NA	C16.3	8140/3	C16.3	YES	2011	NO	NA	NA	1.7	NO	NA	NA	NA	NA	NA	96	NA	NA	NO	NA	NA	NA	NA	STAD	15.37	0:LIVING	NA	c1cf00be-1a34-49aa-b1ab-6b2e26832c19	ed155a62-d103-414d-b9e2-3807582d7fbf	NA	TCGA-CD-8533.b0744033-070d-42f6-8ddc-3f4fb468ab91.pdf	b0744033-070d-42f6-8ddc-3f4fb468ab91	NA	Antrum/Distal	NA	YES	ASIAN	NO	NO	R0	NO	NA	NA	1	NA	Primary	1	Male	0.5	Stomach	Matched	NA	NA	0.7	NA	NA	NA	NA	NA	NO	NA	NA	CD	3.3	NA	Complete Remission/Response	NA	NA	NA	NA	NA	TUMOR FREE	NA	NA	NA	A	NA	NA	NA	NA	NA	NA	NA	NA	NA	NA	NA	NA	NA	NA	NA	NA	NA	NA	NA	NA	NA	NA	NA	NA	NA	NA	NA	NA	NA	NA	NA	NA	NA	NA	NA	NA	NA	NA	NA	NA	NA	NA	NA	NA	NA	NA	NA	NA	NA	NA	NA	NA	NA	NA	NA	NA	NA	NA	NA	NA	NA	NA	NA	NA	NA	NA	NA	NA
stad_tcga	TCGA-CD-8534	TCGA-CD-8534-01	41	NA	M0	N0	Stage II	6th	T3	NA	NA	Esophagogastric Cancer	Diffuse Type Stomach Adenocarcinoma	NA	NA	NA	NA	NA	NA	NA	0	NA	NA	NA	6.6	1:Recurred/Progressed	NA	NA	NOT HISPANIC OR LATINO	NA	NO	4/15/13	0.3271	G3	NA	Stomach, Adenocarcinoma, Diffuse Type	No	No	NA	C16.3	8145/3	C16.3	YES	2011	NO	NA	NA	1.8	NO	NA	NA	NA	NA	NA	64	NA	NA	NO	NA	NA	NA	NA	DSTAD	12.06	0:LIVING	NA	65232ec1-4614-49bd-a3cf-d901d4f9556a	40cb2e95-b41a-419c-a287-52774cad45ac	NA	TCGA-CD-8534.18700e36-d1ea-4673-8d4d-3130077fe619.pdf	18700e36-d1ea-4673-8d4d-3130077fe619	NA	Antrum/Distal	NA	YES	ASIAN	NO	NO	R0	NO	NA	NA	1	NA	Primary	1	Male	0.5	Stomach	Matched	NA	NA	1.5	NA	NA	NA	NA	NA	NO	NA	NA	CD	2.36666666667	NA	NA	NA	NA	NA	NA	NA	TUMOR FREE	NA	NA	NA	A	NA	NA	NA	NA	NA	NA	NA	NA	NA	NA	NA	NA	NA	NA	NA	NA	NA	NA	NA	NA	NA	NA	NA	NA	NA	NA	NA	NA	NA	NA	NA	NA	NA	NA	NA	NA	NA	NA	NA	NA	NA	NA	NA	NA	NA	NA	NA	NA	NA	NA	NA	NA	NA	NA	NA	NA	NA	NA	NA	NA	NA	NA	NA	NA	NA	NA	NA	NA
stad_tcga	TCGA-CD-8535	TCGA-CD-8535-01	59	NA	M0	N1	Stage IIIA	6th	T3	NA	NA	Esophagogastric Cancer	Stomach Adenocarcinoma	NA	NA	NA	NA	NA	NA	NA	0	NA	NA	NA	12.81	0:DiseaseFree	NA	NA	NOT HISPANIC OR LATINO	NA	NO	4/15/13	0.5519	G3	NA	Stomach, Adenocarcinoma, Not Otherwise Specified (NOS)	No	No	NA	C16.1	8140/3	C16.1	YES	2011	NO	NA	NA	1.3	YES	5	5	NA	NA	NA	242	NA	NA	NO	NA	NA	NA	NA	STAD	12.81	0:LIVING	NA	569dd23a-d0d7-409c-bc83-7340512f4195	5233f00a-6187-4d59-a66f-ac7c14d98ca6	NA	TCGA-CD-8535.cbfc5a60-4746-4c09-bf6e-1eb00d509be5.pdf	cbfc5a60-4746-4c09-bf6e-1eb00d509be5	NA	Fundus/Body	NA	YES	ASIAN	NO	NO	R0	NO	NA	NA	1	NA	Primary	1	Male	0.5	Stomach	Matched	NA	NA	1	NA	NA	NA	NA	NA	NO	NA	NA	CD	8.43333333333	NA	Complete Remission/Response	NA	NA	NA	NA	NA	TUMOR FREE	NA	NA	NA	A	NA	NA	NA	NA	NA	NA	NA	NA	NA	NA	NA	NA	NA	NA	NA	NA	NA	NA	NA	NA	NA	NA	NA	NA	NA	NA	NA	NA	NA	NA	NA	NA	NA	NA	NA	NA	NA	NA	NA	NA	NA	NA	NA	NA	NA	NA	NA	NA	NA	NA	NA	NA	NA	NA	NA	NA	NA	NA	NA	NA	NA	NA	NA	NA	NA	NA	NA	NA
stad_tcga	TCGA-CD-8536	TCGA-CD-8536-01	74	NA	M0	N0	Stage II	6th	T3	NA	NA	Esophagogastric Cancer	Stomach Adenocarcinoma	NA	NA	NA	NA	NA	NA	NA	0	NA	NA	NA	12.42	0:DiseaseFree	NA	NA	NOT HISPANIC OR LATINO	NA	NO	4/15/13	0.1052	G3	NA	Stomach, Adenocarcinoma, Not Otherwise Specified (NOS)	No	No	NA	C16.1	8140/3	C16.1	YES	2011	NO	NA	NA	1.4	NO	NA	NA	NA	NA	NA	907	NA	NA	NO	NA	NA	NA	NA	STAD	12.42	0:LIVING	NA	b2f6d8f3-3182-4e5e-be20-8470cfb832c5	0d71cc97-f7c8-4eed-a663-8cb91babd840	NA	TCGA-CD-8536.864be0e2-a951-4e32-af5f-a74a6b413642.pdf	864be0e2-a951-4e32-af5f-a74a6b413642	NA	Fundus/Body	NA	YES	ASIAN	NO	NO	R0	NO	NA	NA	1	NA	Primary	1	Male	0.5	Stomach	Matched	NA	NA	1.2	NA	NA	NA	NA	NA	NO	NA	NA	CD	31.2	NA	Complete Remission/Response	NA	NA	NA	NA	NA	TUMOR FREE	NA	NA	NA	A	NA	NA	NA	NA	NA	NA	NA	NA	NA	NA	NA	NA	NA	NA	NA	NA	NA	NA	NA	NA	NA	NA	NA	NA	NA	NA	NA	NA	NA	NA	NA	NA	NA	NA	NA	NA	NA	NA	NA	NA	NA	NA	NA	NA	NA	NA	NA	NA	NA	NA	NA	NA	NA	NA	NA	NA	NA	NA	NA	NA	NA	NA	NA	NA	NA	NA	NA	NA
stad_tcga	TCGA-CD-A486	TCGA-CD-A486-01	68	NA	M0	N0	Stage IIA	7th	T3	NA	NA	Esophagogastric Cancer	Stomach Adenocarcinoma	NA	NA	NA	NA	NA	NA	521	0	NA	NA	NA	2.6	1:Recurred/Progressed	NA	NA	NOT HISPANIC OR LATINO	NA	NO	3/11/13	0.5283	G2	NA	Stomach, Adenocarcinoma, Not Otherwise Specified (NOS)	No	No	NA	C16.0	8140/3	C16.0	YES	2011	NO	NA	NA	NA	NO	NA	NA	NA	NA	NA	95	NA	NA	NO	NA	0	NA	TRUE	STAD	6.31	1:DECEASED	NA	C63AE423-C90A-4CF4-AA42-653BB8FA3E69	49432F7B-44C0-4834-8BDE-BCD9B58AF2F8	NA	TCGA-CD-A486.A20D4950-0E4D-44E9-AC46-316A55582A35.pdf	A20D4950-0E4D-44E9-AC46-316A55582A35	NA	Cardia/Proximal	NA	YES	ASIAN	NO	NO	NA	NO	NA	NA	1	490	Primary	1	Male	NA	Stomach	Matched	NA	NA	NA	NA	NA	NA	NA	NA	NO	NA	NA	CD	3.2	NO	Complete Remission/Response	NA	NA	NA	NA	NA	TUMOR FREE	NA	NA	NA	A	NA	NA	NA	NA	NA	NA	NA	NA	NA	NA	NA	NA	NA	NA	NA	NA	NA	NA	NA	NA	NA	NA	NA	NA	NA	NA	NA	NA	NA	NA	NA	NA	NA	NA	NA	NA	NA	NA	NA	NA	NA	NA	NA	NA	NA	NA	NA	NA	NA	NA	NA	NA	NA	NA	NA	NA	NA	NA	NA	NA	NA	NA	NA	NA	NA	NA	NA	NA
stad_tcga	TCGA-CD-A487	TCGA-CD-A487-01	51	NA	M0	N1	Stage IIB	7th	T3	NA	NA	Esophagogastric Cancer	Diffuse Type Stomach Adenocarcinoma	NA	NA	NA	NA	NA	NA	496	0	NA	NA	NA	12.29	0:DiseaseFree	NA	NA	NOT HISPANIC OR LATINO	NA	NO	3/11/13	0.0975	G3	NA	Stomach, Adenocarcinoma, Diffuse Type	No	No	NA	C16.3	8145/3	C16.3	YES	2011	NO	NA	NA	NA	YES	1	2	NA	NA	NA	172	NA	NA	NO	NA	0	NA	TRUE	DSTAD	12.29	0:LIVING	NA	B7D2401E-7D64-4C89-A74C-16D634CAFE7F	D29B7733-B9E3-47AD-A0FF-A64030D9E394	NA	TCGA-CD-A487.E8C06B52-36AA-4310-9199-5718B2D67873.pdf	E8C06B52-36AA-4310-9199-5718B2D67873	NA	Antrum/Distal	NA	YES	ASIAN	NO	NO	R0	NO	NA	NA	1	440	Primary	1	Male	NA	Stomach	Matched	NA	NA	NA	NA	NA	NA	NA	NA	NO	NA	NA	CD	5.86666666667	NO	Complete Remission/Response	NA	NA	NA	NA	NA	TUMOR FREE	NA	NA	NA	A	NA	NA	NA	NA	NA	NA	NA	NA	NA	NA	NA	NA	NA	NA	NA	NA	NA	NA	NA	NA	NA	NA	NA	NA	NA	NA	NA	NA	NA	NA	NA	NA	NA	NA	NA	NA	NA	NA	NA	NA	NA	NA	NA	NA	NA	NA	NA	NA	NA	NA	NA	NA	NA	NA	NA	NA	NA	NA	NA	NA	NA	NA	NA	NA	NA	NA	NA	NA
stad_tcga	TCGA-CD-A489	TCGA-CD-A489-01	58	NA	M0	N0	Stage IIA	7th	T3	NA	NA	Esophagogastric Cancer	Diffuse Type Stomach Adenocarcinoma	NA	NA	NA	NA	NA	NA	474	0	NA	NA	NA	9.1	1:Recurred/Progressed	NA	NA	NOT HISPANIC OR LATINO	NA	NO	3/11/13	0.3552	G3	NA	Stomach, Adenocarcinoma, Diffuse Type	No	No	NA	C16.3	8145/3	C16.3	YES	2011	NO	NA	NA	NA	NO	NA	NA	NA	NA	NA	70	NA	NA	NO	NA	NA	NA	TRUE	DSTAD	11.3	1:DECEASED	NA	7F056FC5-3848-4884-9644-95B8B6ED9642	9E99D690-D8F5-4A20-A704-44B2D0D1DAF4	NA	TCGA-CD-A489.3BFBA2BC-D137-413C-9C8E-040A82B3E0B5.pdf	3BFBA2BC-D137-413C-9C8E-040A82B3E0B5	NA	Antrum/Distal	NA	YES	ASIAN	NO	NO	NA	NO	NA	NA	1	350	Primary	1	Male	NA	Stomach	Matched	NA	NA	NA	NA	NA	NA	NA	NA	NO	NA	NA	CD	2.4	NA	Complete Remission/Response	NA	NA	NA	NA	NA	TUMOR FREE	NA	NA	NA	A	NA	NA	NA	NA	NA	NA	NA	NA	NA	NA	NA	NA	NA	NA	NA	NA	NA	NA	NA	NA	NA	NA	NA	NA	NA	NA	NA	NA	NA	NA	NA	NA	NA	NA	NA	NA	NA	NA	NA	NA	NA	NA	NA	NA	NA	NA	NA	NA	NA	NA	NA	NA	NA	NA	NA	NA	NA	NA	NA	NA	NA	NA	NA	NA	NA	NA	NA	NA
stad_tcga	TCGA-CD-A48A	TCGA-CD-A48A-01	57	NA	M0	N0	Stage IIA	7th	T3	NA	NA	Esophagogastric Cancer	Stomach Adenocarcinoma	NA	NA	NA	NA	NA	NA	419	0	NA	NA	NA	12.42	0:DiseaseFree	NA	NA	NOT HISPANIC OR LATINO	NA	NO	3/11/13	0.4866	G2	NA	Stomach, Adenocarcinoma, Not Otherwise Specified (NOS)	No	No	NA	C16.0	8140/3	C16.0	YES	2011	NO	NA	NA	NA	NO	NA	NA	NA	NA	NA	209	NA	NA	NO	NA	NA	NA	TRUE	STAD	12.42	0:LIVING	NA	A6635058-4498-463C-9BBC-1009DDA3308C	E6BE47C0-E1C7-4054-8BC8-109226CE5674	NA	TCGA-CD-A48A.25318E9C-AA1F-49AB-B8B0-DFAB91823C57.pdf	25318E9C-AA1F-49AB-B8B0-DFAB91823C57	NA	Cardia/Proximal	NA	YES	ASIAN	NO	NO	NA	NO	NA	NA	1	460	Primary	1	Male	NA	Stomach	Matched	NA	NA	NA	NA	NA	NA	NA	NA	NO	NA	NA	CD	7.43333333333	NA	Complete Remission/Response	NA	NA	NA	NA	NA	TUMOR FREE	NA	NA	NA	A	NA	NA	NA	NA	NA	NA	NA	NA	NA	NA	NA	NA	NA	NA	NA	NA	NA	NA	NA	NA	NA	NA	NA	NA	NA	NA	NA	NA	NA	NA	NA	NA	NA	NA	NA	NA	NA	NA	NA	NA	NA	NA	NA	NA	NA	NA	NA	NA	NA	NA	NA	NA	NA	NA	NA	NA	NA	NA	NA	NA	NA	NA	NA	NA	NA	NA	NA	NA
stad_tcga	TCGA-CD-A48C	TCGA-CD-A48C-01	79	NA	M0	N1	Stage IIB	7th	T3	NA	NA	Esophagogastric Cancer	Stomach Adenocarcinoma	NA	NA	NA	NA	NA	NA	398	0	NA	NA	NA	7.56	1:Recurred/Progressed	NA	NA	NOT HISPANIC OR LATINO	NA	NO	3/11/13	0.4601	G3	NA	Stomach, Adenocarcinoma, Not Otherwise Specified (NOS)	No	No	NA	C16.3	8140/3	C16.3	YES	2011	NO	NA	NA	NA	NO	NA	NA	NA	NA	NA	179	NA	NA	NO	NA	NA	NA	TRUE	STAD	11.6	1:DECEASED	NA	EC02B33C-8094-45E8-B679-B14DBE75D66F	88F64557-19BE-4FBA-8F84-3566319B4D64	NA	TCGA-CD-A48C.55E19EDE-AA9B-42EE-957B-20A9B9CFA321.pdf	55E19EDE-AA9B-42EE-957B-20A9B9CFA321	NA	Antrum/Distal	NA	YES	ASIAN	NO	NO	NA	NO	NA	NA	1	490	Primary	1	Female	NA	Stomach	Matched	NA	NA	NA	NA	NA	NA	NA	NA	NO	NA	NA	CD	6.23333333333	NA	Complete Remission/Response	NA	NA	NA	NA	NA	TUMOR FREE	NA	NA	NA	A	NA	NA	NA	NA	NA	NA	NA	NA	NA	NA	NA	NA	NA	NA	NA	NA	NA	NA	NA	NA	NA	NA	NA	NA	NA	NA	NA	NA	NA	NA	NA	NA	NA	NA	NA	NA	NA	NA	NA	NA	NA	NA	NA	NA	NA	NA	NA	NA	NA	NA	NA	NA	NA	NA	NA	NA	NA	NA	NA	NA	NA	NA	NA	NA	NA	NA	NA	NA
stad_tcga	TCGA-CD-A4MG	TCGA-CD-A4MG-01	76	NA	M0	N0	Stage IIA	7th	T3	NA	NA	Esophagogastric Cancer	Diffuse Type Stomach Adenocarcinoma	NA	NA	NA	NA	NA	NA	515	0	NA	NA	NA	2.43	1:Recurred/Progressed	NA	NA	NOT HISPANIC OR LATINO	NA	NO	3/13/13	0.2249	G3	NA	Stomach, Adenocarcinoma, Diffuse Type	No	No	NA	C16.0	8145/3	C16.0	YES	2011	NO	NA	NA	NA	NO	NA	NA	NA	NA	NA	2636	NA	NA	NO	NA	NA	NA	TRUE	DSTAD	6.57	1:DECEASED	NA	028632ED-D75A-49BB-B579-41962BA502FE	E6851ECB-E630-43A3-87BA-AFA0FDDD0568	NA	TCGA-CD-A4MG.E71CA74E-83C3-48E8-818C-9F06E83E0252.pdf	E71CA74E-83C3-48E8-818C-9F06E83E0252	NA	Cardia/Proximal	NA	YES	ASIAN	NO	NA	NA	NO	NA	NA	1	360	Primary	1	Male	NA	Stomach	Matched	NA	NA	NA	NA	NA	NA	NA	NA	NO	NA	NA	CD	90.0666666667	NA	Complete Remission/Response	NA	NA	NA	NA	NA	TUMOR FREE	NA	NA	NA	A	NA	NA	NA	NA	NA	NA	NA	NA	NA	NA	NA	NA	NA	NA	NA	NA	NA	NA	NA	NA	NA	NA	NA	NA	NA	NA	NA	NA	NA	NA	NA	NA	NA	NA	NA	NA	NA	NA	NA	NA	NA	NA	NA	NA	NA	NA	NA	NA	NA	NA	NA	NA	NA	NA	NA	NA	NA	NA	NA	NA	NA	NA	NA	NA	NA	NA	NA	NA
stad_tcga	TCGA-CD-A4MH	TCGA-CD-A4MH-01	86	NA	M0	N0	Stage IIA	7th	T3	NA	NA	Esophagogastric Cancer	Stomach Adenocarcinoma	NA	NA	NA	NA	NA	NA	502	0	NA	NA	NA	12.19	0:DiseaseFree	NA	NA	NOT HISPANIC OR LATINO	NA	NO	3/13/13	0.4765	G2	NA	Stomach, Adenocarcinoma, Not Otherwise Specified (NOS)	No	No	NA	C16.3	8145/3	C16.3	YES	2011	NO	NA	NA	NA	NO	NA	NA	NA	NA	NA	74	NA	NA	NO	NA	NA	NA	TRUE	STAD	12.19	0:LIVING	NA	23451AB5-A32B-4EEC-9B8B-FD282282A0D4	50B06504-B835-4F19-A9AA-9F04F4ED11BE	NA	TCGA-CD-A4MH.ED149C8B-1BBB-404B-A4A1-3A0A51EE301A.pdf	ED149C8B-1BBB-404B-A4A1-3A0A51EE301A	NA	Antrum/Distal	NA	YES	ASIAN	NO	NA	NA	NO	NA	NA	1	310	Primary	1	Female	NA	Stomach	Matched	NA	NA	NA	NA	NA	NA	NA	NA	NO	NA	NA	CD	2.53333333333	NA	Complete Remission/Response	NA	NA	NA	NA	NA	TUMOR FREE	NA	NA	NA	A	NA	NA	NA	NA	NA	NA	NA	NA	NA	NA	NA	NA	NA	NA	NA	NA	NA	NA	NA	NA	NA	NA	NA	NA	NA	NA	NA	NA	NA	NA	NA	NA	NA	NA	NA	NA	NA	NA	NA	NA	NA	NA	NA	NA	NA	NA	NA	NA	NA	NA	NA	NA	NA	NA	NA	NA	NA	NA	NA	NA	NA	NA	NA	NA	NA	NA	NA	NA
stad_tcga	TCGA-CD-A4MI	TCGA-CD-A4MI-01	62	NA	M0	N1	Stage IIIA	6th	T3	NA	NA	Esophagogastric Cancer	Stomach Adenocarcinoma	NA	NA	NA	NA	NA	NA	497	0	NA	NA	NA	8.9	1:Recurred/Progressed	NA	NA	NOT HISPANIC OR LATINO	NA	NO	3/13/13	0.0000	G1	NA	Stomach, Adenocarcinoma, Not Otherwise Specified (NOS)	No	No	NA	C16.3	8140/3	C16.3	YES	2011	NO	NA	NA	NA	NO	NA	NA	NA	NA	NA	1051	NA	NA	NO	NA	NA	NA	TRUE	STAD	11.76	1:DECEASED	NA	CDA6D95C-BE6A-485E-BA9A-C57F3EB3F99A	39E514BE-9A47-4229-8728-80E1BF0AC00D	NA	TCGA-CD-A4MI.CC5E2A3A-9360-4641-ACA3-053ED06EC5E8.pdf	CC5E2A3A-9360-4641-ACA3-053ED06EC5E8	NA	Antrum/Distal	NA	YES	ASIAN	NO	NA	NA	NO	NA	NA	1	260	Primary	1	Male	NA	Stomach	Matched	NA	NA	NA	NA	NA	NA	NA	NA	NO	NA	NA	CD	36.0	NA	Complete Remission/Response	NA	NA	NA	NA	NA	TUMOR FREE	NA	NA	NA	A	NA	NA	NA	NA	NA	NA	NA	NA	NA	NA	NA	NA	NA	NA	NA	NA	NA	NA	NA	NA	NA	NA	NA	NA	NA	NA	NA	NA	NA	NA	NA	NA	NA	NA	NA	NA	NA	NA	NA	NA	NA	NA	NA	NA	NA	NA	NA	NA	NA	NA	NA	NA	NA	NA	NA	NA	NA	NA	NA	NA	NA	NA	NA	NA	NA	NA	NA	NA
stad_tcga	TCGA-CD-A4MJ	TCGA-CD-A4MJ-01	60	NA	M0	N0	Stage IB	7th	T2	NA	NA	Esophagogastric Cancer	Stomach Adenocarcinoma	NA	NA	NA	NA	NA	NA	448	0	NA	NA	NA	2.27	1:Recurred/Progressed	NA	NA	NOT HISPANIC OR LATINO	NA	NO	3/13/13	0.0503	G2	NA	Stomach, Adenocarcinoma, Not Otherwise Specified (NOS)	No	No	NA	C16.1	8140/3	C16.1	YES	2011	NO	NA	NA	NA	NO	NA	NA	NA	NA	NA	688	NA	NA	NO	NA	NA	NA	TRUE	STAD	12.61	0:LIVING	NA	287059FB-4E69-4D6D-99D5-91EC92D35BDE	E6ABF915-D1F2-463E-88B3-F992095B8E4E	NA	TCGA-CD-A4MJ.9FC598FF-9722-4179-80D7-909AE87A8688.pdf	9FC598FF-9722-4179-80D7-909AE87A8688	NA	Fundus/Body	NA	YES	ASIAN	NO	NA	NA	NO	NA	NA	1	360	Primary	1	Male	NA	Stomach	Matched	NA	NA	NA	NA	NA	NA	NA	NA	NO	NA	NA	CD	23.5	NA	Complete Remission/Response	NA	NA	NA	NA	NA	TUMOR FREE	NA	NA	NA	A	NA	NA	NA	NA	NA	NA	NA	NA	NA	NA	NA	NA	NA	NA	NA	NA	NA	NA	NA	NA	NA	NA	NA	NA	NA	NA	NA	NA	NA	NA	NA	NA	NA	NA	NA	NA	NA	NA	NA	NA	NA	NA	NA	NA	NA	NA	NA	NA	NA	NA	NA	NA	NA	NA	NA	NA	NA	NA	NA	NA	NA	NA	NA	NA	NA	NA	NA	NA
stad_tcga	TCGA-CG-4300	TCGA-CG-4300-01	79	NA	M0	N2	Stage IIIB	6th	T3	NA	NA	Esophagogastric Cancer	Stomach Adenocarcinoma	Hamburg	NA	NA	NA	NA	NA	NA	0	NA	NA	NA	NA	NA	NA	NA	NA	NA	NA	7/22/10	0.4384	G2	NA	Stomach, Adenocarcinoma, Not Otherwise Specified (NOS)	No	No	NA	C16.3	8140/3	C16.3	YES	2006	NO	NA	NA	1	NA	NA	NA	NA	NA	NA	100	NA	NA	NA	NA	NA	NA	NA	STAD	20.01	1:DECEASED	NA	8ed901f6-d1bc-48b1-8514-6e8c066dc160	95d00401-e891-414f-b748-bc746b233bce	NA	TCGA-CG-4300.0cc3afad-bac0-48d4-85d5-94501ac37a28.pdf	0cc3afad-bac0-48d4-85d5-94501ac37a28	NA	Antrum/Distal	NA	NO	NA	NA	NA	R0	YES	NA	NA	1	NA	Primary	1	Male	0.4	Stomach	Matched	NA	NA	0.7	NA	NA	NA	NA	NA	NA	NA	NA	CG	3.43333333333	NA	NA	NA	NA	NA	Germany	NA	NA	NA	NA	NA	A	NA	NA	NA	NA	NA	NA	NA	NA	NA	NA	NA	NA	NA	NA	NA	NA	NA	NA	NA	NA	NA	NA	NA	NA	NA	NA	NA	NA	NA	NA	NA	NA	NA	NA	NA	NA	NA	NA	NA	NA	NA	NA	NA	NA	NA	NA	NA	NA	NA	NA	NA	NA	NA	NA	NA	NA	NA	NA	NA	NA	NA	NA	NA	NA	NA	NA	NA	NA
stad_tcga	TCGA-CG-4301	TCGA-CG-4301-01	75	NA	M1	N1	Stage IV	5th	T4	NA	NA	Esophagogastric Cancer	Stomach Adenocarcinoma	Hamburg	NA	NA	NA	NA	NA	NA	0	NA	NA	NA	3.02	0:DiseaseFree	NA	NA	NA	NA	NA	7/22/10	0.3591	G3	NA	Stomach, Adenocarcinoma, Not Otherwise Specified (NOS)	No	No	NA	C16.0	8140/3	C16.0	YES	2006	NO	NA	NA	0.7	YES	6	18	NA	NA	NA	47	NA	NA	NA	NA	NA	NA	NA	STAD	3.02	0:LIVING	NA	7e13fe2a-3d6e-487f-900d-f5891d986aa2	f8ccc777-65a2-41fa-95ac-ab33c3e9ad9a	NA	TCGA-CG-4301.71ad2b68-59b3-4449-b2ae-f0b04bf0c93b.pdf	71ad2b68-59b3-4449-b2ae-f0b04bf0c93b	NA	Cardia/Proximal	NA	NO	NA	NA	NA	R2	YES	NA	NA	1	NA	Primary	1	Female	0.3	Stomach	Matched	NA	NA	0.5	NA	NA	NA	NA	NA	NA	NA	NA	CG	1.56666666667	NA	NA	NA	NA	NA	Germany	NA	WITH TUMOR	NA	NA	NA	A	NA	NA	NA	NA	NA	NA	NA	NA	NA	NA	NA	NA	NA	NA	NA	NA	NA	NA	NA	NA	NA	NA	NA	NA	NA	NA	NA	NA	NA	NA	NA	NA	NA	NA	NA	NA	NA	NA	NA	NA	NA	NA	NA	NA	NA	NA	NA	NA	NA	NA	NA	NA	NA	NA	NA	NA	NA	NA	NA	NA	NA	NA	NA	NA	NA	NA	NA	NA
stad_tcga	TCGA-CG-4304	TCGA-CG-4304-01	84	NA	M0	N0	Stage IB	6th	T2a	NA	NA	Esophagogastric Cancer	Stomach Adenocarcinoma	Hamburg	NA	NA	NA	NA	NA	NA	0	NA	NA	NA	NA	0:DiseaseFree	NA	NA	NA	NA	NA	NA	0.2284	G2	NA	Stomach, Adenocarcinoma, Not Otherwise Specified (NOS)	No	No	NA	C16.0	8140/3	C16.0	YES	2008	NO	NA	NA	1.3	YES	0	18	NA	NA	NA	68	NA	NA	NA	NA	NA	NA	NA	STAD	NA	0:LIVING	NA	8e005891-d6fe-4fee-a699-971fee4e70f1	cc852701-8996-4c8b-828d-5c4ac1f4cfd4	NA	TCGA-CG-4304.377b1e60-c4e1-4c6a-b2ea-b22345feeb02.pdf	377b1e60-c4e1-4c6a-b2ea-b22345feeb02	NA	Cardia/Proximal	NA	NO	NA	NA	NA	R0	YES	NA	NA	1	NA	Primary	1	Male	0.5	Stomach	Matched	NA	NA	1	NA	NA	NA	NA	NA	NA	NA	NA	CG	2.33333333333	NA	NA	NA	NA	NA	Germany	NA	NA	NA	NA	NA	A	NA	NA	NA	NA	NA	NA	NA	NA	NA	NA	NA	NA	NA	NA	NA	NA	NA	NA	NA	NA	NA	NA	NA	NA	NA	NA	NA	NA	NA	NA	NA	NA	NA	NA	NA	NA	NA	NA	NA	NA	NA	NA	NA	NA	NA	NA	NA	NA	NA	NA	NA	NA	NA	NA	NA	NA	NA	NA	NA	NA	NA	NA	NA	NA	NA	NA	NA	NA
stad_tcga	TCGA-CG-4305	TCGA-CG-4305-01	69	NA	M0	N1	Stage II	6th	T2a	NA	NA	Esophagogastric Cancer	Stomach Adenocarcinoma	Hamburg	NA	NA	NA	NA	NA	NA	0	NA	NA	NA	15.01	1:Recurred/Progressed	NA	NA	NA	NA	NA	7/22/10	0.0893	G3	NA	Stomach, Adenocarcinoma, Not Otherwise Specified (NOS)	No	No	NA	C16.3	8140/3	C16.3	YES	2008	NO	NA	NA	0.9	YES	2	41	NA	NA	NA	1204	NA	NA	NA	NA	NA	NA	NA	STAD	15.93	0:LIVING	NA	e0e35051-fbb4-4389-aedb-87bde84d21ad	6b64b4a0-edc8-4dc3-b527-d320ded81351	NA	TCGA-CG-4305.fca423d4-d216-41d6-b023-5016408b7e32.pdf	fca423d4-d216-41d6-b023-5016408b7e32	NA	Antrum/Distal	NA	NO	NA	NA	NA	R0	YES	NA	NA	1	NA	Primary	1	Male	0.5	Stomach	Matched	NA	NA	0.8	NA	NA	NA	NA	NA	NA	NA	NA	CG	41.3	NA	NA	NA	NA	NA	Germany	NA	TUMOR FREE	NA	NA	NA	A	NA	NA	NA	NA	NA	NA	NA	NA	NA	NA	NA	NA	NA	NA	NA	NA	NA	NA	NA	NA	NA	NA	NA	NA	NA	NA	NA	NA	NA	NA	NA	NA	NA	NA	NA	NA	NA	NA	NA	NA	NA	NA	NA	NA	NA	NA	NA	NA	NA	NA	NA	NA	NA	NA	NA	NA	NA	NA	NA	NA	NA	NA	NA	NA	NA	NA	NA	NA
stad_tcga	TCGA-CG-4306	TCGA-CG-4306-01	90	NA	M1	N2	Stage IV	5th	T3	NA	NA	Esophagogastric Cancer	Stomach Adenocarcinoma	Hamburg	NA	NA	NA	NA	NA	NA	0	NA	NA	NA	NA	NA	NA	NA	NA	NA	NA	7/22/10	0.0021	G3	NA	Stomach, Adenocarcinoma, Not Otherwise Specified (NOS)	No	No	NA	C16.3	8140/3	C16.3	YES	2006	NO	NA	NA	1.3	NA	NA	NA	NA	NA	NA	1096	NA	NA	NA	NA	NA	NA	NA	STAD	1.02	1:DECEASED	NA	73d177f7-8c0a-42f6-a73d-8073c0e6142b	78785db9-c3d5-4c26-bbef-e741c4aae429	NA	TCGA-CG-4306.392a8034-dbc4-4f5c-ab20-0592b43ed398.pdf	392a8034-dbc4-4f5c-ab20-0592b43ed398	NA	Antrum/Distal	NA	NO	NA	NA	NA	R2	YES	NA	NA	1	NA	Primary	1	Male	0.4	Stomach	Matched	NA	NA	0.9	NA	NA	NA	NA	NA	NA	NA	NA	CG	37.9666666667	NA	NA	NA	NA	NA	Germany	NA	NA	NA	NA	NA	A	NA	NA	NA	NA	NA	NA	NA	NA	NA	NA	NA	NA	NA	NA	NA	NA	NA	NA	NA	NA	NA	NA	NA	NA	NA	NA	NA	NA	NA	NA	NA	NA	NA	NA	NA	NA	NA	NA	NA	NA	NA	NA	NA	NA	NA	NA	NA	NA	NA	NA	NA	NA	NA	NA	NA	NA	NA	NA	NA	NA	NA	NA	NA	NA	NA	NA	NA	NA
stad_tcga	TCGA-CG-4436	TCGA-CG-4436-01	57	NA	M0	N0	Stage IB	6th	T2	NA	NA	Esophagogastric Cancer	Stomach Adenocarcinoma	Hamburg	NA	NA	NA	NA	NA	NA	0	NA	NA	NA	7.98	0:DiseaseFree	NA	NA	NA	NA	NA	7/22/10	0.4272	G2	NA	Stomach, Intestinal Adenocarcinoma, Not Otherwise Specified (NOS)	No	No	NA	C16.9	8144/3	C16.9	YES	2005	NO	NA	NA	2.3	YES	0	58	NA	NA	NA	161	NA	NA	NA	NA	NA	NA	NA	STAD	7.98	0:LIVING	NA	7938ca55-766e-4277-9e7e-603ffa02e570	21f40cf9-d89f-4fec-be65-1740ab39dae4	NA	TCGA-CG-4436.53acfd12-527a-4558-816c-6c0e00533263.pdf	53acfd12-527a-4558-816c-6c0e00533263	NA	Stomach (NOS)	NA	NO	NA	NA	NA	R0	YES	NA	NA	1	NA	Primary	1	Male	0.6	Stomach	Matched	NA	NA	1.2	NA	NA	NA	NA	NA	NA	NA	NA	CG	5.46666666667	NA	NA	NA	NA	NA	Germany	NA	NA	NA	NA	NA	A	NA	NA	NA	NA	NA	NA	NA	NA	NA	NA	NA	NA	NA	NA	NA	NA	NA	NA	NA	NA	NA	NA	NA	NA	NA	NA	NA	NA	NA	NA	NA	NA	NA	NA	NA	NA	NA	NA	NA	NA	NA	NA	NA	NA	NA	NA	NA	NA	NA	NA	NA	NA	NA	NA	NA	NA	NA	NA	NA	NA	NA	NA	NA	NA	NA	NA	NA	NA
stad_tcga	TCGA-CG-4437	TCGA-CG-4437-01	83	NA	M0	N1	Stage II	5th	T2	NA	NA	Esophagogastric Cancer	Stomach Adenocarcinoma	Hamburg	NA	NA	NA	NA	NA	NA	0	NA	NA	NA	8.05	0:DiseaseFree	NA	NA	NA	NA	NA	7/22/10	0.2072	G2	NA	Stomach, Intestinal Adenocarcinoma, Not Otherwise Specified (NOS)	No	No	NA	C16.0	8144/3	C16.0	YES	2006	NO	NA	NA	1.1	YES	3	29	NA	NA	NA	445	NA	NA	NA	NA	NA	NA	NA	STAD	8.05	0:LIVING	NA	6244e506-d163-4d34-8fec-6158191679cb	a882f6c0-d12d-4d49-9a2a-3850ea736c37	NA	TCGA-CG-4437.a3d1db57-1600-4b6e-97c8-6614f5fa9a08.pdf	a3d1db57-1600-4b6e-97c8-6614f5fa9a08	NA	Cardia/Proximal	NA	NO	NA	NA	NA	R0	YES	NA	NA	1	NA	Primary	1	Male	0.5	Stomach	Matched	NA	NA	0.8	NA	NA	NA	NA	NA	NA	NA	NA	CG	15.3666666667	NA	NA	NA	NA	NA	Germany	NA	TUMOR FREE	NA	NA	NA	A	NA	NA	NA	NA	NA	NA	NA	NA	NA	NA	NA	NA	NA	NA	NA	NA	NA	NA	NA	NA	NA	NA	NA	NA	NA	NA	NA	NA	NA	NA	NA	NA	NA	NA	NA	NA	NA	NA	NA	NA	NA	NA	NA	NA	NA	NA	NA	NA	NA	NA	NA	NA	NA	NA	NA	NA	NA	NA	NA	NA	NA	NA	NA	NA	NA	NA	NA	NA
stad_tcga	TCGA-CG-4438	TCGA-CG-4438-01	56	NA	M0	N2	Stage IV	5th	T4	NA	NA	Esophagogastric Cancer	Stomach Adenocarcinoma	Hamburg	NA	NA	NA	NA	NA	NA	0	NA	NA	NA	54.04	0:DiseaseFree	NA	NA	NA	NA	NA	NA	0.6274	G3	NA	Stomach, Intestinal Adenocarcinoma, Not Otherwise Specified (NOS)	No	No	NA	C16.3	8144/3	C16.3	YES	2006	NO	NA	NA	1.3	YES	14	35	NA	NA	NA	120	NA	NA	NA	NA	NA	NA	NA	STAD	54.04	0:LIVING	NA	0246823f-99f4-4a46-b2b1-27f81179584c	68fe412e-8fc0-4353-b821-0bad11f60b24	NA	TCGA-CG-4438.cdf1fd9e-640d-478b-af18-e4084b97940b.pdf	cdf1fd9e-640d-478b-af18-e4084b97940b	NA	Antrum/Distal	NA	NO	NA	NA	NA	R0	YES	NA	NA	1	NA	Primary	1	Male	0.4	Stomach	Matched	NA	NA	1	NA	NA	NA	NA	NA	NA	NA	NA	CG	4.03333333333	NA	NA	NA	NA	NA	Germany	NA	NA	NA	NA	NA	A	NA	NA	NA	NA	NA	NA	NA	NA	NA	NA	NA	NA	NA	NA	NA	NA	NA	NA	NA	NA	NA	NA	NA	NA	NA	NA	NA	NA	NA	NA	NA	NA	NA	NA	NA	NA	NA	NA	NA	NA	NA	NA	NA	NA	NA	NA	NA	NA	NA	NA	NA	NA	NA	NA	NA	NA	NA	NA	NA	NA	NA	NA	NA	NA	NA	NA	NA	NA
stad_tcga	TCGA-CG-4440	TCGA-CG-4440-01	68	NA	M1	N3	Stage IV	5th	T3	NA	NA	Esophagogastric Cancer	Stomach Adenocarcinoma	Hamburg	NA	NA	NA	NA	NA	NA	0	NA	NA	NA	NA	NA	NA	NA	NA	NA	NA	7/22/10	0.2424	G3	NA	Stomach, Intestinal Adenocarcinoma, Not Otherwise Specified (NOS)	No	No	NA	C16.2	8144/3	C16.2	YES	2006	NO	NA	NA	0.9	YES	18	24	NA	NA	NA	121	NA	NA	NA	NA	NA	NA	NA	STAD	4.01	1:DECEASED	NA	8ca597db-ac21-43d1-9329-586b2eaf6982	c7b05d36-0386-4b2c-9e8b-2c7502cc4f21	NA	TCGA-CG-4440.c3991b30-6032-4280-a791-788ac0870e0c.pdf	c3991b30-6032-4280-a791-788ac0870e0c	NA	Fundus/Body	NA	NO	NA	NA	NA	R2	YES	NA	NA	1	NA	Primary	1	Female	0.2	Stomach	Matched	NA	NA	0.7	NA	NA	NA	NA	NA	NA	NA	NA	CG	4.13333333333	NA	NA	NA	NA	NA	Germany	NA	NA	NA	NA	NA	A	NA	NA	NA	NA	NA	NA	NA	NA	NA	NA	NA	NA	NA	NA	NA	NA	NA	NA	NA	NA	NA	NA	NA	NA	NA	NA	NA	NA	NA	NA	NA	NA	NA	NA	NA	NA	NA	NA	NA	NA	NA	NA	NA	NA	NA	NA	NA	NA	NA	NA	NA	NA	NA	NA	NA	NA	NA	NA	NA	NA	NA	NA	NA	NA	NA	NA	NA	NA
stad_tcga	TCGA-CG-4441	TCGA-CG-4441-01	83	NA	M0	N2	Stage IIIA	5th	T2	NA	NA	Esophagogastric Cancer	Stomach Adenocarcinoma	Hamburg	NA	NA	NA	NA	NA	NA	0	NA	NA	NA	NA	NA	NA	NA	NA	NA	NA	7/22/10	0.1073	G2	NA	Stomach, Intestinal Adenocarcinoma, Not Otherwise Specified (NOS)	No	No	NA	C16.2	8144/3	C16.2	YES	2006	NO	NA	NA	0.8	YES	14	16	NA	NA	NA	87	NA	NA	NA	NA	NA	NA	NA	STAD	13.99	1:DECEASED	NA	37e22429-efd7-4d6a-b79a-9d8c7be2170c	60937697-57ba-4d03-9545-b0e321215448	NA	TCGA-CG-4441.36eb6c24-c49a-4812-b3cf-dd491c4efb59.pdf	36eb6c24-c49a-4812-b3cf-dd491c4efb59	NA	Fundus/Body	NA	NO	NA	NA	NA	R0	YES	NA	NA	1	NA	Primary	1	Male	0.3	Stomach	Matched	NA	NA	0.6	NA	NA	NA	NA	NA	NA	NA	NA	CG	3.1	NA	NA	NA	NA	NA	Germany	NA	NA	NA	NA	NA	A	NA	NA	NA	NA	NA	NA	NA	NA	NA	NA	NA	NA	NA	NA	NA	NA	NA	NA	NA	NA	NA	NA	NA	NA	NA	NA	NA	NA	NA	NA	NA	NA	NA	NA	NA	NA	NA	NA	NA	NA	NA	NA	NA	NA	NA	NA	NA	NA	NA	NA	NA	NA	NA	NA	NA	NA	NA	NA	NA	NA	NA	NA	NA	NA	NA	NA	NA	NA
stad_tcga	TCGA-CG-4442	TCGA-CG-4442-01	85	NA	M0	N0	Stage IB	5th	T2	NA	NA	Esophagogastric Cancer	Stomach Adenocarcinoma	Hamburg	NA	NA	NA	NA	NA	NA	0	NA	NA	NA	0	0:DiseaseFree	NA	NA	NA	NA	NA	7/22/10	0.0503	G3	NA	Stomach, Intestinal Adenocarcinoma, Not Otherwise Specified (NOS)	No	No	NA	C16.3	8144/3	C16.3	YES	2006	NO	NA	NA	0.8	YES	0	27	NA	NA	NA	1366	NA	NA	NA	NA	NA	NA	NA	STAD	0	0:LIVING	NA	8fccff71-3710-4cb9-b8af-61707aebe5d8	51927f82-2585-465b-92ed-36ef46d44fab	NA	TCGA-CG-4442.dfd6806a-fc11-4571-b263-2f79d57ac5f9.pdf	dfd6806a-fc11-4571-b263-2f79d57ac5f9	NA	Antrum/Distal	NA	NO	NA	NA	NA	R0	YES	NA	NA	1	NA	Primary	1	Male	0.4	Stomach	Matched	NA	NA	0.7	NA	NA	NA	NA	NA	NA	NA	NA	CG	47.1666666667	NA	NA	NA	NA	NA	Germany	NA	TUMOR FREE	NA	NA	NA	A	NA	NA	NA	NA	NA	NA	NA	NA	NA	NA	NA	NA	NA	NA	NA	NA	NA	NA	NA	NA	NA	NA	NA	NA	NA	NA	NA	NA	NA	NA	NA	NA	NA	NA	NA	NA	NA	NA	NA	NA	NA	NA	NA	NA	NA	NA	NA	NA	NA	NA	NA	NA	NA	NA	NA	NA	NA	NA	NA	NA	NA	NA	NA	NA	NA	NA	NA	NA
stad_tcga	TCGA-CG-4443	TCGA-CG-4443-01	68	NA	M0	N0	Stage IA	5th	T1	NA	NA	Esophagogastric Cancer	Stomach Adenocarcinoma	Hamburg	NA	NA	NA	NA	NA	NA	0	NA	NA	NA	29.96	0:DiseaseFree	NA	NA	NA	NA	NA	7/22/10	0.3125	G2	NA	Stomach, Intestinal Adenocarcinoma, Not Otherwise Specified (NOS)	No	No	NA	C16.2	8144/3	C16.2	YES	2006	NO	NA	NA	0.8	YES	0	30	NA	NA	NA	78	NA	NA	NA	NA	NA	NA	NA	STAD	29.96	0:LIVING	NA	8cb0144b-be6b-40a1-86a2-708f96d9b615	f4fb736a-42c9-4367-a327-d0d1c4cba359	NA	TCGA-CG-4443.c80cfcf9-a673-4a31-bce0-487939f51181.pdf	c80cfcf9-a673-4a31-bce0-487939f51181	NA	Fundus/Body	NA	NA	NA	NA	NA	R0	NA	NA	NA	1	NA	Primary	1	Male	0.3	Stomach	Matched	NA	NA	0.8	NA	NA	NA	NA	NA	NA	NA	NA	CG	2.7	NA	NA	NA	NA	NA	Germany	NA	NA	NA	NA	NA	A	NA	NA	NA	NA	NA	NA	NA	NA	NA	NA	NA	NA	NA	NA	NA	NA	NA	NA	NA	NA	NA	NA	NA	NA	NA	NA	NA	NA	NA	NA	NA	NA	NA	NA	NA	NA	NA	NA	NA	NA	NA	NA	NA	NA	NA	NA	NA	NA	NA	NA	NA	NA	NA	NA	NA	NA	NA	NA	NA	NA	NA	NA	NA	NA	NA	NA	NA	NA
stad_tcga	TCGA-CG-4444	TCGA-CG-4444-01	76	NA	M0	N2	Stage IIIA	6th	T2b	NA	NA	Esophagogastric Cancer	Diffuse Type Stomach Adenocarcinoma	Hamburg	NA	NA	NA	NA	NA	NA	0	NA	NA	NA	47.01	0:DiseaseFree	NA	NA	NA	NA	NA	7/22/10	0.3337	G3	NA	Stomach, Adenocarcinoma, Diffuse Type	No	Yes	NA	C16.2	8144/3	C16.2	YES	2006	NO	NA	NA	1.5	YES	15	37	NA	NA	NA	138	NA	NA	NA	NA	NA	NA	NA	DSTAD	47.01	0:LIVING	NA	5c087d33-0bd3-407d-8350-fabba6aec597	8563e95b-8e50-4e23-95d1-25ae8437b1db	NA	TCGA-CG-4444.43742cfe-e2aa-4918-b8b1-92b4234e9ee0.pdf	43742cfe-e2aa-4918-b8b1-92b4234e9ee0	NA	Fundus/Body	NA	NO	NA	NA	NA	R0	YES	NA	NA	1	NA	Primary	1	Male	0.5	Stomach	Matched	NA	NA	1	NA	NA	NA	NA	NA	NA	NA	NA	CG	4.76666666667	NA	NA	NA	NA	NA	Germany	NA	TUMOR FREE	NA	NA	NA	A	NA	NA	NA	NA	NA	NA	NA	NA	NA	NA	NA	NA	NA	NA	NA	NA	NA	NA	NA	NA	NA	NA	NA	NA	NA	NA	NA	NA	NA	NA	NA	NA	NA	NA	NA	NA	NA	NA	NA	NA	NA	NA	NA	NA	NA	NA	NA	NA	NA	NA	NA	NA	NA	NA	NA	NA	NA	NA	NA	NA	NA	NA	NA	NA	NA	NA	NA	NA
stad_tcga	TCGA-CG-4449	TCGA-CG-4449-01	81	NA	M0	N1	Stage II	5th	T2	NA	NA	Esophagogastric Cancer	Mucinous Stomach Adenocarcinoma	Hamburg	NA	NA	NA	NA	NA	NA	0	NA	NA	NA	11.04	1:Recurred/Progressed	NA	NA	NA	NA	NA	7/22/10	0.4025	G2	NA	Stomach, Intestinal Adenocarcinoma, Mucinous Type	No	No	NA	C16.3	8480/3	C16.3	YES	2007	NO	NA	NA	0.8	YES	6	42	NA	NA	NA	96	NA	NA	NA	NA	NA	NA	NA	MSTAD	19.05	0:LIVING	NA	10b5774d-7079-4b4b-b824-f4745f5598c7	e98bd336-1b0d-4655-a537-2a5dae99114d	NA	TCGA-CG-4449.05cd8a06-a4a6-4975-af7b-638c92cde38d.pdf	05cd8a06-a4a6-4975-af7b-638c92cde38d	NA	Antrum/Distal	NA	NO	NA	NA	NA	R0	YES	NA	NA	1	NA	Primary	1	Male	0.3	Stomach	Matched	NA	NA	0.8	NA	NA	NA	NA	NA	NA	NA	NA	CG	3.23333333333	NA	NA	NA	NA	NA	Germany	NA	WITH TUMOR	NA	NA	NA	A	NA	NA	NA	NA	NA	NA	NA	NA	NA	NA	NA	NA	NA	NA	NA	NA	NA	NA	NA	NA	NA	NA	NA	NA	NA	NA	NA	NA	NA	NA	NA	NA	NA	NA	NA	NA	NA	NA	NA	NA	NA	NA	NA	NA	NA	NA	NA	NA	NA	NA	NA	NA	NA	NA	NA	NA	NA	NA	NA	NA	NA	NA	NA	NA	NA	NA	NA	NA
stad_tcga	TCGA-CG-4455	TCGA-CG-4455-01	72	NA	M0	N1	Stage II	6th	T2b	NA	NA	Esophagogastric Cancer	Mucinous Stomach Adenocarcinoma	Hamburg	NA	NA	NA	NA	NA	NA	0	NA	NA	NA	12.02	0:DiseaseFree	NA	NA	NA	NA	NA	7/22/10	0.2483	G3	NA	Stomach, Intestinal Adenocarcinoma, Mucinous Type	No	No	NA	C16.0	8480/3	C16.0	YES	2008	NO	NA	NA	0.9	YES	2	17	NA	NA	NA	32	NA	NA	NA	NA	NA	NA	NA	MSTAD	12.02	0:LIVING	NA	8a173d98-20a1-4c84-86c1-97818e1c665a	4622df2e-9b9e-4b17-ade3-a602b50b1288	NA	TCGA-CG-4455.e6902d2d-c5f4-46dc-a72e-156c4267397d.pdf	e6902d2d-c5f4-46dc-a72e-156c4267397d	NA	Cardia/Proximal	NA	NO	NA	NA	NA	R0	YES	NA	NA	1	NA	Primary	1	Male	0.4	Stomach	Matched	NA	NA	0.6	NA	NA	NA	NA	NA	NA	NA	NA	CG	1.06666666667	NA	NA	NA	NA	NA	Germany	NA	TUMOR FREE	NA	NA	NA	A	NA	NA	NA	NA	NA	NA	NA	NA	NA	NA	NA	NA	NA	NA	NA	NA	NA	NA	NA	NA	NA	NA	NA	NA	NA	NA	NA	NA	NA	NA	NA	NA	NA	NA	NA	NA	NA	NA	NA	NA	NA	NA	NA	NA	NA	NA	NA	NA	NA	NA	NA	NA	NA	NA	NA	NA	NA	NA	NA	NA	NA	NA	NA	NA	NA	NA	NA	NA
stad_tcga	TCGA-CG-4460	TCGA-CG-4460-01	66	NA	M1	N1	Stage IV	6th	T4	NA	NA	Esophagogastric Cancer	Stomach Adenocarcinoma	Hamburg	NA	NA	NA	NA	NA	NA	0	NA	NA	NA	16	1:Recurred/Progressed	NA	NA	NA	NA	NA	7/22/10	0.2056	G2	NA	Stomach, Intestinal Adenocarcinoma, Not Otherwise Specified (NOS)	No	Yes	NA	C16.2	8144/3	C16.2	YES	2008	NO	NA	NA	1.1	YES	2	33	NA	NA	NA	1670	NA	NA	NA	NA	NA	NA	NA	STAD	21.98	1:DECEASED	NA	3c3d4ef0-019a-423e-89b2-4ac5a7b567ab	14fe3057-c82e-4d66-9798-bcd042cf64d6	NA	TCGA-CG-4460.3b399944-fc86-40fd-a2bf-f98e43a08f84.pdf	3b399944-fc86-40fd-a2bf-f98e43a08f84	NA	Fundus/Body	NA	NO	NA	NA	NA	R2	YES	NA	NA	1	NA	Primary	1	Female	0.5	Stomach	Matched	NA	NA	0.9	NA	NA	NA	NA	NA	NA	NA	NA	CG	57.0666666667	NA	NA	NA	NA	NA	Germany	NA	WITH TUMOR	NA	NA	NA	A	NA	NA	NA	NA	NA	NA	NA	NA	NA	NA	NA	NA	NA	NA	NA	NA	NA	NA	NA	NA	NA	NA	NA	NA	NA	NA	NA	NA	NA	NA	NA	NA	NA	NA	NA	NA	NA	NA	NA	NA	NA	NA	NA	NA	NA	NA	NA	NA	NA	NA	NA	NA	NA	NA	NA	NA	NA	NA	NA	NA	NA	NA	NA	NA	NA	NA	NA	NA
stad_tcga	TCGA-CG-4462	TCGA-CG-4462-01	72	NA	M1	N3	Stage IV	6th	T3	NA	NA	Esophagogastric Cancer	Diffuse Type Stomach Adenocarcinoma	Hamburg	NA	NA	NA	NA	NA	NA	0	NA	NA	NA	NA	NA	NA	NA	NA	NA	NA	7/22/10	0.0044	G3	NA	Stomach, Adenocarcinoma, Diffuse Type	No	No	NA	C16.9	8145/3	C16.9	YES	2008	NO	NA	NA	1.1	YES	25	25	NA	NA	NA	56	NA	NA	NA	NA	NA	NA	NA	DSTAD	0	1:DECEASED	NA	e9ea3687-0db3-47f3-8099-b4fc054397f1	d4f28131-d917-449b-95dc-dc6ba2eee81b	NA	TCGA-CG-4462.c20adb93-ecd7-4f09-8e24-742ee7df5f37.pdf	c20adb93-ecd7-4f09-8e24-742ee7df5f37	NA	NA	NA	NO	NA	NA	NA	R2	YES	NA	NA	1	NA	Primary	1	Female	0.2	Stomach	Matched	NA	NA	0.8	NA	NA	NA	NA	NA	NA	NA	NA	CG	1.9	NA	NA	NA	NA	NA	Germany	NA	WITH TUMOR	NA	NA	NA	A	NA	NA	NA	NA	NA	NA	NA	NA	NA	NA	NA	NA	NA	NA	NA	NA	NA	NA	NA	NA	NA	NA	NA	NA	NA	NA	NA	NA	NA	NA	NA	NA	NA	NA	NA	NA	NA	NA	NA	NA	NA	NA	NA	NA	NA	NA	NA	NA	NA	NA	NA	NA	NA	NA	NA	NA	NA	NA	NA	NA	NA	NA	NA	NA	NA	NA	NA	NA
stad_tcga	TCGA-CG-4465	TCGA-CG-4465-01	69	NA	M1	N3	Stage IV	6th	T4	NA	NA	Esophagogastric Cancer	Diffuse Type Stomach Adenocarcinoma	Hamburg	NA	NA	NA	NA	NA	NA	0	NA	NA	NA	NA	NA	NA	NA	NA	NA	NA	7/22/10	0.0038	G3	NA	Stomach, Adenocarcinoma, Diffuse Type	No	No	NA	C16.3	8145/3	C16.3	YES	2008	NO	NA	NA	1.1	YES	21	27	NA	NA	NA	584	NA	NA	NA	NA	NA	NA	NA	DSTAD	9	1:DECEASED	NA	c9ab5bf4-092a-420f-9b90-87deea58104c	89dab798-0b26-470c-82af-1b23c83fe4f5	NA	TCGA-CG-4465.76cc9b66-f915-4038-9d9c-bc152d28cd87.pdf	76cc9b66-f915-4038-9d9c-bc152d28cd87	NA	Antrum/Distal	NA	NO	NA	NA	NA	R2	YES	NA	NA	1	NA	Primary	1	Female	0.6	Stomach	Matched	NA	NA	0.7	NA	NA	NA	NA	NA	NA	NA	NA	CG	20.0	NA	NA	NA	NA	NA	Germany	NA	NA	NA	NA	NA	A	NA	NA	NA	NA	NA	NA	NA	NA	NA	NA	NA	NA	NA	NA	NA	NA	NA	NA	NA	NA	NA	NA	NA	NA	NA	NA	NA	NA	NA	NA	NA	NA	NA	NA	NA	NA	NA	NA	NA	NA	NA	NA	NA	NA	NA	NA	NA	NA	NA	NA	NA	NA	NA	NA	NA	NA	NA	NA	NA	NA	NA	NA	NA	NA	NA	NA	NA	NA
stad_tcga	TCGA-CG-4466	TCGA-CG-4466-01	81	NA	M0	N0	Stage IB	6th	T2a	NA	NA	Esophagogastric Cancer	Stomach Adenocarcinoma	Hamburg	NA	NA	NA	NA	NA	NA	0	NA	NA	NA	18.96	0:DiseaseFree	NA	NA	NA	NA	NA	7/22/10	0.3602	G2	NA	Stomach, Intestinal Adenocarcinoma, Not Otherwise Specified (NOS)	No	No	NA	C16.0	8144/3	C16.0	YES	2009	NO	NA	NA	0.9	YES	0	13	NA	NA	NA	167	NA	NA	NA	NA	NA	NA	NA	STAD	18.96	0:LIVING	NA	2f1b96b2-7031-4f7d-9490-14728d320f3e	0bc4abb4-047b-4c8d-9f79-5b9eb32969e9	NA	TCGA-CG-4466.19fa8f4a-eb31-4235-8402-5964b8bac610.pdf	19fa8f4a-eb31-4235-8402-5964b8bac610	NA	Cardia/Proximal	NA	NO	NA	NA	NA	R0	YES	NA	NA	1	NA	Primary	1	Female	0.3	Stomach	Matched	NA	NA	0.7	NA	NA	NA	NA	NA	NA	NA	NA	CG	5.83333333333	NA	NA	NA	NA	NA	Germany	NA	TUMOR FREE	NA	NA	NA	A	NA	NA	NA	NA	NA	NA	NA	NA	NA	NA	NA	NA	NA	NA	NA	NA	NA	NA	NA	NA	NA	NA	NA	NA	NA	NA	NA	NA	NA	NA	NA	NA	NA	NA	NA	NA	NA	NA	NA	NA	NA	NA	NA	NA	NA	NA	NA	NA	NA	NA	NA	NA	NA	NA	NA	NA	NA	NA	NA	NA	NA	NA	NA	NA	NA	NA	NA	NA
stad_tcga	TCGA-CG-4469	TCGA-CG-4469-01	70	NA	M0	N3	Stage IV	6th	T3	NA	NA	Esophagogastric Cancer	Stomach Adenocarcinoma	Hamburg	NA	NA	NA	NA	NA	NA	0	NA	NA	NA	NA	NA	NA	NA	NA	NA	NA	7/22/10	0.2877	G3	NA	Stomach, Intestinal Adenocarcinoma, Not Otherwise Specified (NOS)	No	No	NA	C16.9	8144/3	C16.9	YES	2009	NO	NA	NA	1.4	YES	39	40	NA	NA	NA	260	NA	NA	NA	NA	NA	NA	NA	STAD	7.06	1:DECEASED	NA	2ac986f6-cd6f-4ca5-90cc-7a105cfe85ea	2a3d7538-d377-4d94-bb61-bf77ba56be1b	NA	TCGA-CG-4469.9e56c8b9-e8fd-4e48-a5df-12cbb32b07d7.pdf	9e56c8b9-e8fd-4e48-a5df-12cbb32b07d7	NA	Stomach (NOS)	NA	NO	NA	NA	NA	R1	YES	NA	NA	1	NA	Primary	1	Male	0.5	Stomach	Matched	NA	NA	0.9	NA	NA	NA	NA	NA	NA	NA	NA	CG	9.03333333333	NA	NA	NA	NA	NA	Germany	NA	NA	NA	NA	NA	A	NA	NA	NA	NA	NA	NA	NA	NA	NA	NA	NA	NA	NA	NA	NA	NA	NA	NA	NA	NA	NA	NA	NA	NA	NA	NA	NA	NA	NA	NA	NA	NA	NA	NA	NA	NA	NA	NA	NA	NA	NA	NA	NA	NA	NA	NA	NA	NA	NA	NA	NA	NA	NA	NA	NA	NA	NA	NA	NA	NA	NA	NA	NA	NA	NA	NA	NA	NA
stad_tcga	TCGA-CG-4472	TCGA-CG-4472-01	49	NA	M0	N1	Stage IV	6th	T4	NA	NA	Esophagogastric Cancer	Stomach Adenocarcinoma	Hamburg	NA	NA	NA	NA	NA	NA	0	NA	NA	NA	4.01	1:Recurred/Progressed	NA	NA	NA	NA	NA	7/22/10	0.2055	G3	NA	NA	No	No	NA	C16.3	8255/3	C16.3	YES	2009	NO	NA	NA	0.8	YES	5	29	NA	NA	NA	NA	NA	NA	NA	NA	NA	NA	NA	STAD	11.99	0:LIVING	NA	306f0222-8734-44ca-9a31-86e4e62b0a1b	a474cfdd-0822-42e8-a478-c0895a409ccd	NA	TCGA-CG-4472.3f8827e7-3c47-4ca6-a3bc-cf6252b13498.pdf	3f8827e7-3c47-4ca6-a3bc-cf6252b13498	NA	Antrum/Distal	NA	NO	NA	NA	NA	R0	YES	NA	NA	1	NA	Primary	1	Male	0.5	Stomach	Matched	NA	NA	0.6	NA	NA	NA	NA	NA	NA	NA	NA	CG	0	NA	NA	NA	NA	NA	Germany	NA	WITH TUMOR	NA	NA	NA	A	NA	NA	NA	NA	NA	NA	NA	NA	NA	NA	NA	NA	NA	NA	NA	NA	NA	NA	NA	NA	NA	NA	NA	NA	NA	NA	NA	NA	NA	NA	NA	NA	NA	NA	NA	NA	NA	NA	NA	NA	NA	NA	NA	NA	NA	NA	NA	NA	NA	NA	NA	NA	NA	NA	NA	NA	NA	NA	NA	NA	NA	NA	NA	NA	NA	NA	NA	NA
stad_tcga	TCGA-CG-4474	TCGA-CG-4474-01	67	NA	M1	N2	Stage IV	7th	T4a	NA	NA	Esophagogastric Cancer	Diffuse Type Stomach Adenocarcinoma	Hamburg	NA	NA	NA	NA	NA	NA	0	NA	NA	NA	0	0:DiseaseFree	NA	NA	NA	NA	NA	7/22/10	0.0090	G3	NA	Stomach, Adenocarcinoma, Diffuse Type	No	No	NA	C16.3	8145/3	C16.3	YES	2010	NO	NA	NA	1.1	YES	6	39	NA	NA	NA	78	NA	NA	NA	NA	NA	NA	NA	DSTAD	0	0:LIVING	NA	39dd61a8-cd17-4df3-ae17-61e239eb00bd	68d21e75-16ac-48d0-b7ca-abfde13ded29	NA	TCGA-CG-4474.70b6d44b-aab9-414f-8642-cfab34f2efa2.pdf	70b6d44b-aab9-414f-8642-cfab34f2efa2	NA	Antrum/Distal	NA	NO	NA	NA	NA	R2	YES	NA	NA	1	NA	Primary	1	Female	0.3	Stomach	Matched	NA	NA	1.1	NA	NA	NA	NA	NA	NA	NA	NA	CG	2.66666666667	NA	NA	NA	NA	NA	Germany	NA	WITH TUMOR	NA	NA	NA	A	NA	NA	NA	NA	NA	NA	NA	NA	NA	NA	NA	NA	NA	NA	NA	NA	NA	NA	NA	NA	NA	NA	NA	NA	NA	NA	NA	NA	NA	NA	NA	NA	NA	NA	NA	NA	NA	NA	NA	NA	NA	NA	NA	NA	NA	NA	NA	NA	NA	NA	NA	NA	NA	NA	NA	NA	NA	NA	NA	NA	NA	NA	NA	NA	NA	NA	NA	NA
stad_tcga	TCGA-CG-4475	TCGA-CG-4475-01	76	NA	M0	N1	Stage IIB	7th	T3	NA	NA	Esophagogastric Cancer	Stomach Adenocarcinoma	Hamburg	NA	NA	NA	NA	NA	NA	0	NA	NA	NA	22.96	0:DiseaseFree	NA	NA	NA	NA	NA	7/22/10	0.5056	G3	NA	NA	No	Yes	NA	C16.9	8255/3	C16.9	YES	2010	NO	NA	NA	0.8	YES	2	20	NA	NA	NA	47	NA	NA	NA	NA	NA	NA	NA	STAD	22.96	0:LIVING	NA	cad2adc1-0f41-4651-9c80-ae9961e2dc8d	3e5d09c6-8f98-4701-bd24-fca581343de8	NA	TCGA-CG-4475.5f6dc898-0d32-4721-bd04-745083d0357c.pdf	5f6dc898-0d32-4721-bd04-745083d0357c	NA	Stomach (NOS)	NA	NO	NA	NA	NA	R0	YES	NA	NA	1	NA	Primary	1	Male	0.4	Stomach	Matched	NA	NA	0.6	NA	NA	NA	NA	NA	NA	NA	NA	CG	1.66666666667	NA	NA	NA	NA	NA	Germany	NA	TUMOR FREE	NA	NA	NA	A	NA	NA	NA	NA	NA	NA	NA	NA	NA	NA	NA	NA	NA	NA	NA	NA	NA	NA	NA	NA	NA	NA	NA	NA	NA	NA	NA	NA	NA	NA	NA	NA	NA	NA	NA	NA	NA	NA	NA	NA	NA	NA	NA	NA	NA	NA	NA	NA	NA	NA	NA	NA	NA	NA	NA	NA	NA	NA	NA	NA	NA	NA	NA	NA	NA	NA	NA	NA
stad_tcga	TCGA-CG-4476	TCGA-CG-4476-01	69	NA	M0	N3a	Stage IIIC	7th	T4b	NA	NA	Esophagogastric Cancer	Diffuse Type Stomach Adenocarcinoma	Hamburg	NA	NA	NA	NA	NA	NA	0	NA	NA	NA	0	0:DiseaseFree	NA	NA	NA	NA	NA	7/22/10	0.1715	G3	NA	Stomach, Adenocarcinoma, Diffuse Type	No	Yes	NA	C16.2	8145/3	C16.2	YES	2010	NO	NA	NA	1	YES	12	33	NA	NA	NA	114	NA	NA	NA	NA	NA	NA	NA	DSTAD	0	0:LIVING	NA	442d7415-d095-4962-8296-a14390bad40a	37f5444f-a58d-4899-a11b-9c09ecd357fc	NA	TCGA-CG-4476.0299e1b2-0691-4c74-b0c0-9fe0b4ca1aa9.pdf	0299e1b2-0691-4c74-b0c0-9fe0b4ca1aa9	NA	Fundus/Body	NA	NO	NA	NA	NA	R0	YES	NA	NA	1	NA	Primary	1	Male	0.4	Stomach	Matched	NA	NA	0.9	NA	NA	NA	NA	NA	NA	NA	NA	CG	3.83333333333	NA	NA	NA	NA	NA	Germany	NA	TUMOR FREE	NA	NA	NA	A	NA	NA	NA	NA	NA	NA	NA	NA	NA	NA	NA	NA	NA	NA	NA	NA	NA	NA	NA	NA	NA	NA	NA	NA	NA	NA	NA	NA	NA	NA	NA	NA	NA	NA	NA	NA	NA	NA	NA	NA	NA	NA	NA	NA	NA	NA	NA	NA	NA	NA	NA	NA	NA	NA	NA	NA	NA	NA	NA	NA	NA	NA	NA	NA	NA	NA	NA	NA
stad_tcga	TCGA-CG-4477	TCGA-CG-4477-01	58	NA	M0	N0	Stage IB	6th	T2a	NA	NA	Esophagogastric Cancer	Stomach Adenocarcinoma	Hamburg	NA	NA	NA	NA	NA	NA	0	NA	NA	NA	11.99	1:Recurred/Progressed	NA	NA	NA	NA	NA	7/22/10	0.2082	G3	NA	Stomach, Intestinal Adenocarcinoma, Not Otherwise Specified (NOS)	No	No	NA	C16.0	8144/3	C16.0	YES	2008	NO	NA	NA	1	YES	0	17	NA	NA	NA	113	NA	NA	NA	NA	NA	NA	NA	STAD	30.95	0:LIVING	NA	18d0aae7-9694-4252-b8fe-16e62dadab07	6d7c7b4e-6913-487d-9dc3-dda901434192	NA	TCGA-CG-4477.634642c1-7509-44ea-834e-3e18eed88dd7.pdf	634642c1-7509-44ea-834e-3e18eed88dd7	NA	Cardia/Proximal	NA	NO	NA	NA	NA	R0	YES	NA	NA	1	NA	Primary	1	Female	0.5	Stomach	Matched	NA	NA	0.6	NA	NA	NA	NA	NA	NA	NA	NA	CG	3.9	NA	NA	NA	NA	NA	Germany	NA	WITH TUMOR	NA	NA	NA	A	NA	NA	NA	NA	NA	NA	NA	NA	NA	NA	NA	NA	NA	NA	NA	NA	NA	NA	NA	NA	NA	NA	NA	NA	NA	NA	NA	NA	NA	NA	NA	NA	NA	NA	NA	NA	NA	NA	NA	NA	NA	NA	NA	NA	NA	NA	NA	NA	NA	NA	NA	NA	NA	NA	NA	NA	NA	NA	NA	NA	NA	NA	NA	NA	NA	NA	NA	NA
stad_tcga	TCGA-CG-5716	TCGA-CG-5716-01	86	NA	M1	N2	Stage IV	7th	T4a	NA	NA	Esophagogastric Cancer	Stomach Adenocarcinoma	Hamburg	NA	NA	NA	NA	NA	NA	0	NA	NA	NA	0	0:DiseaseFree	NA	NA	NA	NA	NA	3/7/11	0.0012	G2	NA	Stomach, Adenocarcinoma, Not Otherwise Specified (NOS)	No	Yes	NA	C16.3	8140/3	C16.3	YES	2010	NO	NA	NA	1	NA	NA	NA	NA	NA	NA	15	NA	NA	NA	NA	NA	NA	NA	STAD	0	0:LIVING	NA	49587564-e30f-4f1c-b7b3-fc0989bb1a0a	757546fd-5d3d-4b0a-bf81-06a9316387f8	NA	TCGA-CG-5716.e9500b56-0443-4abe-8080-08fad2ccb096.pdf	e9500b56-0443-4abe-8080-08fad2ccb096	NA	Antrum/Distal	NA	NO	NA	NA	NA	R2	YES	NA	NA	1	NA	Primary	1	Male	0.5	Stomach	Matched	NA	NA	1	NA	NA	NA	NA	NA	NA	NA	NA	CG	0.466666666667	NA	NA	NA	NA	NA	Germany	NA	WITH TUMOR	NA	NA	NA	A	NA	NA	NA	NA	NA	NA	NA	NA	NA	NA	NA	NA	NA	NA	NA	NA	NA	NA	NA	NA	NA	NA	NA	NA	NA	NA	NA	NA	NA	NA	NA	NA	NA	NA	NA	NA	NA	NA	NA	NA	NA	NA	NA	NA	NA	NA	NA	NA	NA	NA	NA	NA	NA	NA	NA	NA	NA	NA	NA	NA	NA	NA	NA	NA	NA	NA	NA	NA
stad_tcga	TCGA-CG-5717	TCGA-CG-5717-01	58	NA	M0	N1	Stage II	6th	T2b	No	NA	Esophagogastric Cancer	Stomach Adenocarcinoma	Hamburg	NA	NA	NA	NA	NA	NA	0	NA	NA	NA	3.94	1:Recurred/Progressed	NA	NA	NA	NA	NO	3/22/11	0.0147	G3	NA	Stomach, Adenocarcinoma, Not Otherwise Specified (NOS)	No	No	No	C16.0	8144/3	C16.0	YES	2006	NO	NA	NA	1.3	YES	3	26	NA	NA	NA	78	NA	NA	NA	NA	0	NA	NA	STAD	6.96	1:DECEASED	NA	bdc3899e-15ae-421f-829b-0e07fbd27c60	cea37bbd-1bcc-4205-be3d-dafac2e30256	NA	TCGA-CG-5717.532f48c5-b31b-46d9-a943-f9f0edca6bff.pdf	532f48c5-b31b-46d9-a943-f9f0edca6bff	NA	Cardia/Proximal	NA	NO	NA	NA	YES	R0	YES	NA	NA	1	NA	Primary	1	Male	0.5	Stomach	Matched	NA	NA	1	NA	NA	NA	NA	NA	NA	NA	NA	CG	2.73333333333	NA	NA	NA	NA	NA	Germany	NA	WITH TUMOR	NA	NA	NA	A	NA	NA	NA	NA	NA	NA	NA	NA	NA	NA	NA	NA	NA	NA	NA	NA	NA	NA	NA	NA	NA	NA	NA	NA	NA	NA	NA	NA	NA	NA	NA	NA	NA	NA	NA	NA	NA	NA	NA	NA	NA	NA	NA	NA	NA	NA	NA	NA	NA	NA	NA	NA	NA	NA	NA	NA	NA	NA	NA	NA	NA	NA	NA	NA	NA	NA	NA	NA
stad_tcga	TCGA-CG-5718	TCGA-CG-5718-01	78	NA	M0	N1	Stage II	6th	T2b	No	NA	Esophagogastric Cancer	Stomach Adenocarcinoma	Hamburg	NA	NA	NA	NA	NA	NA	0	NA	NA	NA	NA	NA	NA	NA	NA	NA	YES	3/22/11	0.4649	G2	NA	Stomach, Intestinal Adenocarcinoma, Not Otherwise Specified (NOS)	No	No	Yes	C16.2	8144/3	C16.2	YES	2008	NO	NA	NA	1.3	YES	3	39	NA	NA	NA	78	NA	NA	NA	NA	1	NA	NA	STAD	35.97	1:DECEASED	NA	d5c58161-05ed-4472-81ed-176216f49929	5865a287-63c4-44f7-92d5-c4f3c323af89	NA	TCGA-CG-5718.76e0013b-bd9b-4b74-bb35-f3aa36a95a56.pdf	76e0013b-bd9b-4b74-bb35-f3aa36a95a56	NA	Fundus/Body	NA	NO	NA	NA	NO	R0	YES	NA	NA	1	NA	Primary	1	Female	0.3	Stomach	Matched	NA	NA	1	NA	NA	NA	NA	NA	NA	NA	NA	CG	2.73333333333	NA	NA	NA	NA	NA	Germany	NA	TUMOR FREE	NA	NA	NA	A	NA	NA	NA	NA	NA	NA	NA	NA	NA	NA	NA	NA	NA	NA	NA	NA	NA	NA	NA	NA	NA	NA	NA	NA	NA	NA	NA	NA	NA	NA	NA	NA	NA	NA	NA	NA	NA	NA	NA	NA	NA	NA	NA	NA	NA	NA	NA	NA	NA	NA	NA	NA	NA	NA	NA	NA	NA	NA	NA	NA	NA	NA	NA	NA	NA	NA	NA	NA
stad_tcga	TCGA-CG-5719	TCGA-CG-5719-01	54	NA	M1	N0	Stage IV	7th	T4	No	NA	Esophagogastric Cancer	Stomach Adenocarcinoma	Hamburg	NA	NA	NA	NA	NA	NA	0	NA	NA	NA	1.02	0:DiseaseFree	NA	NA	NA	NA	NO	3/22/11	0.2382	G1	NA	Stomach, Intestinal Adenocarcinoma, Not Otherwise Specified (NOS)	No	No	NA	C16.2	8144/3	C16.2	YES	2010	NO	NA	NA	1.2	YES	0	15	NA	NA	NA	56	NA	NA	NA	NA	0	NA	NA	STAD	1.02	0:LIVING	NA	263f67e0-0a28-42e6-b3f3-1ddd0d397220	606573ee-ed11-4db5-abaf-e842ec575eee	NA	TCGA-CG-5719.eb918bcf-d1f0-4fb1-8829-743bbe25ad6f.pdf	eb918bcf-d1f0-4fb1-8829-743bbe25ad6f	NA	Fundus/Body	NA	NO	NA	NA	NO	R0	YES	NA	NA	1	NA	Primary	1	Female	0.3	Stomach	Matched	NA	NA	0.7	NA	NA	NA	NA	NA	NA	NA	NA	CG	1.93333333333	YES	NA	Proton Pump Inhibitors	NA	NA	Hamburg/Germany	NA	TUMOR FREE	NA	NA	NA	A	NA	NA	NA	NA	NA	NA	NA	NA	NA	NA	NA	NA	NA	NA	NA	NA	NA	NA	NA	NA	NA	NA	NA	NA	NA	NA	NA	NA	NA	NA	NA	NA	NA	NA	NA	NA	NA	NA	NA	NA	NA	NA	NA	NA	NA	NA	NA	NA	NA	NA	NA	NA	NA	NA	NA	NA	NA	NA	NA	NA	NA	NA	NA	NA	NA	NA	NA	NA
stad_tcga	TCGA-CG-5720	TCGA-CG-5720-01	71	NA	M0	N0	Stage IB	5th	T2	No	NA	Esophagogastric Cancer	Stomach Adenocarcinoma	Hamburg	NA	NA	NA	NA	NA	NA	0	NA	NA	NA	NA	NA	NA	NA	NA	NA	NO	3/22/11	0.0313	G3	NA	Stomach, Adenocarcinoma, Not Otherwise Specified (NOS)	No	No	NA	C16.0	8140/3	C16.0	YES	2003	NO	NA	NA	0.9	YES	0	60	NA	NA	NA	60	NA	NA	NA	NA	0	NA	NA	STAD	0.99	1:DECEASED	NA	7c9ea4fa-4cbc-4941-945a-e531e1d48304	1b2e1b50-8d4e-4e62-9b1b-b484936bd6eb	NA	TCGA-CG-5720.710fa5df-872b-436b-8a70-83776b199e3d.pdf	710fa5df-872b-436b-8a70-83776b199e3d	NA	Cardia/Proximal	NA	NO	NA	NA	NO	R0	YES	NA	NA	1	NA	Primary	1	Male	0.6	Stomach	Matched	NA	NA	0.6	NA	NA	NA	NA	NA	NA	NA	NA	CG	2.03333333333	NA	NA	NA	NA	NA	Germany	NA	TUMOR FREE	NA	NA	NA	A	NA	NA	NA	NA	NA	NA	NA	NA	NA	NA	NA	NA	NA	NA	NA	NA	NA	NA	NA	NA	NA	NA	NA	NA	NA	NA	NA	NA	NA	NA	NA	NA	NA	NA	NA	NA	NA	NA	NA	NA	NA	NA	NA	NA	NA	NA	NA	NA	NA	NA	NA	NA	NA	NA	NA	NA	NA	NA	NA	NA	NA	NA	NA	NA	NA	NA	NA	NA
stad_tcga	TCGA-CG-5721	TCGA-CG-5721-01	58	NA	M0	N1	Stage IV	5th	T4	No	NA	Esophagogastric Cancer	Stomach Adenocarcinoma	Hamburg	NA	NA	NA	NA	NA	NA	0	NA	NA	NA	6.01	0:DiseaseFree	NA	NA	NA	NA	NO	3/22/11	0.0015	G3	NA	Stomach, Intestinal Adenocarcinoma, Not Otherwise Specified (NOS)	No	No	Yes	C16.3	8144/3	C16.3	YES	2005	NO	NA	NA	1.1	YES	1	24	NA	NA	NA	3694	NA	NA	NA	NA	0	NA	NA	STAD	6.01	0:LIVING	NA	588abaea-ab16-42f4-9457-5901ee791b5f	b79123b9-5094-426d-8267-fd4a1c9f2778	NA	TCGA-CG-5721.bbc8e198-219d-47fd-9904-506be9c139dc.pdf	bbc8e198-219d-47fd-9904-506be9c139dc	NA	Antrum/Distal	NA	NO	NA	NA	NO	R0	YES	NA	NA	1	NA	Primary	1	Male	0.3	Stomach	Matched	NA	NA	1	NA	NA	NA	NA	NA	NA	NA	NA	CG	127.333333333	YES	NA	Proton Pump Inhibitors	NA	NA	Germany	NA	TUMOR FREE	NA	NA	NA	A	NA	NA	NA	NA	NA	NA	NA	NA	NA	NA	NA	NA	NA	NA	NA	NA	NA	NA	NA	NA	NA	NA	NA	NA	NA	NA	NA	NA	NA	NA	NA	NA	NA	NA	NA	NA	NA	NA	NA	NA	NA	NA	NA	NA	NA	NA	NA	NA	NA	NA	NA	NA	NA	NA	NA	NA	NA	NA	NA	NA	NA	NA	NA	NA	NA	NA	NA	NA
stad_tcga	TCGA-CG-5722	TCGA-CG-5722-01	67	NA	M1	N2	Stage IV	5th	T3	No	NA	Esophagogastric Cancer	Stomach Adenocarcinoma	Hamburg	NA	NA	NA	NA	NA	NA	0	NA	NA	NA	0.99	0:DiseaseFree	NA	NA	NA	NA	NO	3/22/11	0.0203	G3	NA	Stomach, Intestinal Adenocarcinoma, Not Otherwise Specified (NOS)	No	No	NA	C16.2	8144/3	C16.2	YES	2005	NO	NA	NA	0.8	YES	15	21	NA	NA	NA	72	NA	NA	NA	NA	0	NA	NA	STAD	0.99	0:LIVING	NA	f35e8fef-f61d-4614-b73f-f7e1d0f21f52	30d63c9d-e36a-4654-86b5-5d7a622089c2	NA	TCGA-CG-5722.774ee209-8c41-4f81-9312-07a0ff92c26c.pdf	774ee209-8c41-4f81-9312-07a0ff92c26c	NA	Fundus/Body	NA	NO	NA	NA	NO	R2	YES	NA	NA	1	NA	Primary	1	Female	0.6	Stomach	Matched	NA	NA	0.6	NA	NA	NA	NA	NA	NA	NA	NA	CG	2.43333333333	YES	NA	Proton Pump Inhibitors	NA	NA	Hamburg/Germany	NA	WITH TUMOR	NA	NA	NA	A	NA	NA	NA	NA	NA	NA	NA	NA	NA	NA	NA	NA	NA	NA	NA	NA	NA	NA	NA	NA	NA	NA	NA	NA	NA	NA	NA	NA	NA	NA	NA	NA	NA	NA	NA	NA	NA	NA	NA	NA	NA	NA	NA	NA	NA	NA	NA	NA	NA	NA	NA	NA	NA	NA	NA	NA	NA	NA	NA	NA	NA	NA	NA	NA	NA	NA	NA	NA
stad_tcga	TCGA-CG-5723	TCGA-CG-5723-01	83	NA	M0	N1	Stage II	5th	T2	No	NA	Esophagogastric Cancer	Stomach Adenocarcinoma	Hamburg	NA	NA	NA	NA	NA	NA	0	NA	NA	NA	104.99	0:DiseaseFree	NA	NA	NA	NA	NO	3/22/11	0.0158	G3	NA	Stomach, Adenocarcinoma, Not Otherwise Specified (NOS)	No	No	NA	C16.0	8140/3	C16.0	YES	2003	NO	NA	NA	1.4	YES	1	31	NA	NA	NA	1595	NA	NA	NA	NA	0	NA	NA	STAD	104.99	0:LIVING	NA	0f00ad32-e4be-49d4-a02a-d233bfc913c5	4ccd9ccb-bf50-44eb-aa55-133d8824c433	NA	TCGA-CG-5723.6c70e081-a28e-4b7a-9c9a-6099e1946009.pdf	6c70e081-a28e-4b7a-9c9a-6099e1946009	NA	Cardia/Proximal	NA	NO	NA	NA	NO	R0	YES	NA	NA	1	NA	Primary	1	Male	0.8	Stomach	Matched	NA	NA	0.9	NA	NA	NA	NA	NA	NA	NA	NA	CG	54.7	NA	NA	NA	NA	NA	Germany	NA	NA	NA	NA	NA	A	NA	NA	NA	NA	NA	NA	NA	NA	NA	NA	NA	NA	NA	NA	NA	NA	NA	NA	NA	NA	NA	NA	NA	NA	NA	NA	NA	NA	NA	NA	NA	NA	NA	NA	NA	NA	NA	NA	NA	NA	NA	NA	NA	NA	NA	NA	NA	NA	NA	NA	NA	NA	NA	NA	NA	NA	NA	NA	NA	NA	NA	NA	NA	NA	NA	NA	NA	NA
stad_tcga	TCGA-CG-5724	TCGA-CG-5724-01	59	NA	M1	N3	Stage IV	5th	T3	No	NA	Esophagogastric Cancer	Diffuse Type Stomach Adenocarcinoma	Hamburg	NA	NA	NA	NA	NA	NA	0	NA	NA	NA	4.01	1:Recurred/Progressed	NA	NA	NA	NA	YES	3/22/11	0.4396	G3	NA	Stomach, Adenocarcinoma, Diffuse Type	No	No	NA	C16.3	8145/3	C16.3	YES	2003	NO	NA	NA	1.1	YES	34	40	NA	NA	NA	91	NA	NA	NA	NA	1	NA	NA	DSTAD	12.02	1:DECEASED	NA	0b4e8d73-459d-4930-9d1a-abb8d53e1844	4d624b21-5aee-42b8-b192-8afecb51434d	NA	TCGA-CG-5724.2310eeca-651b-4cf6-940b-0a4f8c7d171b.pdf	2310eeca-651b-4cf6-940b-0a4f8c7d171b	NA	Antrum/Distal	NA	NO	NA	NA	NO	R2	YES	NA	NA	1	NA	Primary	1	Male	0.3	Stomach	Matched	NA	NA	0.7	NA	NA	NA	NA	NA	NA	NA	NA	CG	3.1	NA	NA	NA	NA	NA	Germany	NA	WITH TUMOR	NA	NA	NA	A	NA	NA	NA	NA	NA	NA	NA	NA	NA	NA	NA	NA	NA	NA	NA	NA	NA	NA	NA	NA	NA	NA	NA	NA	NA	NA	NA	NA	NA	NA	NA	NA	NA	NA	NA	NA	NA	NA	NA	NA	NA	NA	NA	NA	NA	NA	NA	NA	NA	NA	NA	NA	NA	NA	NA	NA	NA	NA	NA	NA	NA	NA	NA	NA	NA	NA	NA	NA
stad_tcga	TCGA-CG-5725	TCGA-CG-5725-01	72	NA	M0	N0	Stage IB	5th	T2	No	NA	Esophagogastric Cancer	Stomach Adenocarcinoma	Hamburg	NA	NA	NA	NA	NA	NA	0	NA	NA	NA	5.03	1:Recurred/Progressed	NA	NA	NA	NA	NO	3/22/11	0.9150	G3	NA	Stomach, Adenocarcinoma, Not Otherwise Specified (NOS)	No	No	No	C16.0	8140/3	C16.0	YES	2005	NO	NA	NA	1.4	YES	0	23	NA	NA	NA	99	NA	NA	NA	NA	0	NA	NA	STAD	15.01	1:DECEASED	NA	129d95ca-71ef-44aa-a93d-f87803c37c9a	e1ded05a-1bc0-42a7-a560-dd67eb804eb4	NA	TCGA-CG-5725.c7c5deac-897c-4f52-98f2-720567515b85.pdf	c7c5deac-897c-4f52-98f2-720567515b85	NA	Cardia/Proximal	NA	NO	NA	NA	NO	R0	YES	NA	NA	1	NA	Primary	1	Male	0.9	Stomach	Matched	NA	NA	1	NA	NA	NA	NA	NA	NA	NA	NA	CG	3.46666666667	NA	NA	NA	NA	NA	Germany	NA	WITH TUMOR	NA	NA	NA	A	NA	NA	NA	NA	NA	NA	NA	NA	NA	NA	NA	NA	NA	NA	NA	NA	NA	NA	NA	NA	NA	NA	NA	NA	NA	NA	NA	NA	NA	NA	NA	NA	NA	NA	NA	NA	NA	NA	NA	NA	NA	NA	NA	NA	NA	NA	NA	NA	NA	NA	NA	NA	NA	NA	NA	NA	NA	NA	NA	NA	NA	NA	NA	NA	NA	NA	NA	NA
stad_tcga	TCGA-CG-5726	TCGA-CG-5726-01	73	NA	M0	N0	Stage IA	5th	T1	No	NA	Esophagogastric Cancer	Stomach Adenocarcinoma	Hamburg	NA	NA	NA	NA	NA	NA	0	NA	NA	NA	NA	NA	NA	NA	NA	NA	NO	3/22/11	0.1257	G2	NA	Stomach, Intestinal Adenocarcinoma, Not Otherwise Specified (NOS)	No	No	NA	C16.3	8144/3	C16.3	YES	2004	NO	NA	NA	1.3	YES	0	15	NA	NA	NA	1156	NA	NA	NA	NA	0	NA	NA	STAD	28.94	1:DECEASED	NA	863ad936-e2a0-471c-8d95-3a548bb94afa	c881739a-982c-436f-9be2-4638db792c53	NA	TCGA-CG-5726.600e3ab6-0247-43c2-8a5e-6d7378b1b49a.pdf	600e3ab6-0247-43c2-8a5e-6d7378b1b49a	NA	Antrum/Distal	NA	NO	NA	NA	NO	R0	YES	NA	NA	1	NA	Primary	1	Male	0.3	Stomach	Matched	NA	NA	0.7	NA	NA	NA	NA	NA	NA	NA	NA	CG	39.6333333333	YES	NA	Proton Pump Inhibitors	NA	NA	Germany	NA	TUMOR FREE	NA	NA	NA	A	NA	NA	NA	NA	NA	NA	NA	NA	NA	NA	NA	NA	NA	NA	NA	NA	NA	NA	NA	NA	NA	NA	NA	NA	NA	NA	NA	NA	NA	NA	NA	NA	NA	NA	NA	NA	NA	NA	NA	NA	NA	NA	NA	NA	NA	NA	NA	NA	NA	NA	NA	NA	NA	NA	NA	NA	NA	NA	NA	NA	NA	NA	NA	NA	NA	NA	NA	NA
stad_tcga	TCGA-CG-5727	TCGA-CG-5727-01	66	NA	M0	N0	Stage II	5th	T3	No	NA	Esophagogastric Cancer	Stomach Adenocarcinoma	Hamburg	NA	NA	NA	NA	NA	NA	0	NA	NA	NA	79.01	0:DiseaseFree	NA	NA	NA	NA	NO	3/22/11	0.1871	G3	NA	Stomach, Intestinal Adenocarcinoma, Not Otherwise Specified (NOS)	No	Yes	NA	C16.2	8144/3	C16.2	YES	2005	NO	NA	NA	1	YES	0	22	NA	NA	NA	123	NA	NA	NA	NA	0	NA	NA	STAD	79.01	0:LIVING	NA	b75eb694-8e9d-4dbb-b536-7d278c728cbb	cd194d5f-3814-4e5e-88b6-6cf4cf491146	NA	TCGA-CG-5727.e8d2b419-7f3d-4e0a-a126-9bedfc75a0b9.pdf	e8d2b419-7f3d-4e0a-a126-9bedfc75a0b9	NA	Fundus/Body	NA	NO	NA	NA	NO	R0	YES	NA	NA	1	NA	Primary	1	Male	0.5	Stomach	Matched	NA	NA	0.8	NA	NA	NA	NA	NA	NA	NA	NA	CG	4.23333333333	NA	NA	NA	NA	NA	Germany	NA	TUMOR FREE	NA	NA	NA	A	NA	NA	NA	NA	NA	NA	NA	NA	NA	NA	NA	NA	NA	NA	NA	NA	NA	NA	NA	NA	NA	NA	NA	NA	NA	NA	NA	NA	NA	NA	NA	NA	NA	NA	NA	NA	NA	NA	NA	NA	NA	NA	NA	NA	NA	NA	NA	NA	NA	NA	NA	NA	NA	NA	NA	NA	NA	NA	NA	NA	NA	NA	NA	NA	NA	NA	NA	NA
stad_tcga	TCGA-CG-5728	TCGA-CG-5728-01	88	NA	M0	N0	Stage IB	5th	T2	No	NA	Esophagogastric Cancer	Stomach Adenocarcinoma	Hamburg	NA	NA	NA	NA	NA	NA	0	NA	NA	NA	65.05	0:DiseaseFree	NA	NA	NA	NA	NO	3/22/11	0.0721	G3	NA	Stomach, Intestinal Adenocarcinoma, Not Otherwise Specified (NOS)	No	No	NA	C16.3	8144/3	C16.3	YES	2003	NO	NA	NA	1.1	YES	0	36	NA	NA	NA	1416	NA	NA	NA	NA	0	NA	NA	STAD	65.05	0:LIVING	NA	1286ac33-a466-4f58-900e-f6b13fe9c25a	cc525529-8511-41b1-b6c9-bf51df484b7b	NA	TCGA-CG-5728.e0aceea3-18b5-4206-8d11-fc93b6e1949e.pdf	e0aceea3-18b5-4206-8d11-fc93b6e1949e	NA	Antrum/Distal	NA	NO	NA	NA	NO	R0	YES	NA	NA	1	NA	Primary	1	Female	0.4	Stomach	Matched	NA	NA	0.6	NA	NA	NA	NA	NA	NA	NA	NA	CG	48.9	YES	NA	Proton Pump Inhibitors	NA	NA	Hamburg/Germany	NA	WITH TUMOR	NA	NA	NA	A	NA	NA	NA	NA	NA	NA	NA	NA	NA	NA	NA	NA	NA	NA	NA	NA	NA	NA	NA	NA	NA	NA	NA	NA	NA	NA	NA	NA	NA	NA	NA	NA	NA	NA	NA	NA	NA	NA	NA	NA	NA	NA	NA	NA	NA	NA	NA	NA	NA	NA	NA	NA	NA	NA	NA	NA	NA	NA	NA	NA	NA	NA	NA	NA	NA	NA	NA	NA
stad_tcga	TCGA-CG-5730	TCGA-CG-5730-01	80	NA	M1	N1	Stage IV	5th	T2	No	NA	Esophagogastric Cancer	Stomach Adenocarcinoma	Hamburg	NA	NA	NA	NA	NA	NA	0	NA	NA	NA	4.01	0:DiseaseFree	NA	NA	NA	NA	NO	3/22/11	0.4437	G2	NA	Stomach, Intestinal Adenocarcinoma, Not Otherwise Specified (NOS)	No	No	NA	C16.0	8144/3	C16.0	YES	2005	NO	NA	NA	1.5	YES	6	15	NA	NA	NA	116	NA	NA	NA	NA	0	NA	NA	STAD	4.01	0:LIVING	NA	09587f1c-5c99-4102-bc49-84d50fa8d0ce	2986f11f-3c18-4621-8406-d46614537ed4	NA	TCGA-CG-5730.c6ac1e92-a6e3-429b-90a1-94f4fc6c955f.pdf	c6ac1e92-a6e3-429b-90a1-94f4fc6c955f	NA	Cardia/Proximal	NA	NO	NA	NA	NO	R2	YES	NA	NA	1	NA	Primary	1	Female	0.2	Stomach	Matched	NA	NA	0.8	NA	NA	NA	NA	NA	NA	NA	NA	CG	4.06666666667	YES	NA	Proton Pump Inhibitors	NA	NA	Hamburg/Germany	NA	TUMOR FREE	NA	NA	NA	A	NA	NA	NA	NA	NA	NA	NA	NA	NA	NA	NA	NA	NA	NA	NA	NA	NA	NA	NA	NA	NA	NA	NA	NA	NA	NA	NA	NA	NA	NA	NA	NA	NA	NA	NA	NA	NA	NA	NA	NA	NA	NA	NA	NA	NA	NA	NA	NA	NA	NA	NA	NA	NA	NA	NA	NA	NA	NA	NA	NA	NA	NA	NA	NA	NA	NA	NA	NA
stad_tcga	TCGA-CG-5732	TCGA-CG-5732-01	66	NA	M0	N3	Stage IV	5th	T2	No	NA	Esophagogastric Cancer	Stomach Adenocarcinoma	Hamburg	NA	NA	NA	NA	NA	NA	0	NA	NA	NA	64.03	1:Recurred/Progressed	NA	NA	NA	NA	NO	3/22/11	0.2420	G2	NA	Stomach, Intestinal Adenocarcinoma, Not Otherwise Specified (NOS)	No	No	NA	C16.0	8144/3	C16.0	YES	2003	NO	NA	NA	1.1	YES	17	31	NA	NA	NA	48	NA	NA	NA	NA	0	NA	NA	STAD	68.99	1:DECEASED	NA	e62d5f3c-0a99-4932-a589-bff4fa02b1d3	5295412b-3d28-4774-85d8-3d38c682c343	NA	TCGA-CG-5732.dd80e769-50e7-424d-978a-672ea737780c.pdf	dd80e769-50e7-424d-978a-672ea737780c	NA	Cardia/Proximal	NA	NO	NA	NA	NO	R0	YES	NA	NA	1	NA	Primary	1	Male	1	Stomach	Matched	NA	NA	1	NA	NA	NA	NA	NA	NA	NA	NA	CG	1.66666666667	YES	NA	Proton Pump Inhibitors	NA	NA	Germany	NA	TUMOR FREE	NA	NA	NA	A	NA	NA	NA	NA	NA	NA	NA	NA	NA	NA	NA	NA	NA	NA	NA	NA	NA	NA	NA	NA	NA	NA	NA	NA	NA	NA	NA	NA	NA	NA	NA	NA	NA	NA	NA	NA	NA	NA	NA	NA	NA	NA	NA	NA	NA	NA	NA	NA	NA	NA	NA	NA	NA	NA	NA	NA	NA	NA	NA	NA	NA	NA	NA	NA	NA	NA	NA	NA
stad_tcga	TCGA-CG-5733	TCGA-CG-5733-01	83	NA	M0	N2	Stage IIIA	5th	T2	No	NA	Esophagogastric Cancer	Stomach Adenocarcinoma	Hamburg	NA	NA	NA	NA	NA	NA	0	NA	NA	NA	14.03	1:Recurred/Progressed	NA	NA	NA	NA	NO	3/22/11	0.1181	G3	NA	Stomach, Intestinal Adenocarcinoma, Not Otherwise Specified (NOS)	No	No	NA	C16.3	8144/3	C16.3	YES	2003	NO	NA	NA	1	YES	7	32	NA	NA	NA	992	NA	NA	NA	NA	0	NA	NA	STAD	21.06	1:DECEASED	NA	8a9afa5e-63ce-41eb-aafb-b0b03653da5a	315e485b-3069-4adc-8ab5-bedcc0642930	NA	TCGA-CG-5733.27102da1-8bd7-4460-b369-0d1024e68632.pdf	27102da1-8bd7-4460-b369-0d1024e68632	NA	Antrum/Distal	NA	NO	NA	NA	NO	R0	YES	NA	NA	1	NA	Primary	1	Female	0.3	Stomach	Matched	NA	NA	0.8	NA	NA	NA	NA	NA	NA	NA	NA	CG	34.2	NA	NA	NA	NA	NA	Germany	NA	WITH TUMOR	NA	NA	NA	A	NA	NA	NA	NA	NA	NA	NA	NA	NA	NA	NA	NA	NA	NA	NA	NA	NA	NA	NA	NA	NA	NA	NA	NA	NA	NA	NA	NA	NA	NA	NA	NA	NA	NA	NA	NA	NA	NA	NA	NA	NA	NA	NA	NA	NA	NA	NA	NA	NA	NA	NA	NA	NA	NA	NA	NA	NA	NA	NA	NA	NA	NA	NA	NA	NA	NA	NA	NA
stad_tcga	TCGA-CG-5734	TCGA-CG-5734-01	68	NA	M0	N1	Stage IIIA	5th	T3	No	NA	Esophagogastric Cancer	Stomach Adenocarcinoma	Hamburg	NA	NA	NA	NA	NA	NA	0	NA	NA	NA	NA	NA	NA	NA	NA	NA	NO	3/22/11	0.0034	G3	NA	Stomach, Intestinal Adenocarcinoma, Not Otherwise Specified (NOS)	No	No	NA	C16.2	8144/3	C16.2	YES	2005	NO	NA	NA	1.1	YES	4	NA	NA	NA	NA	71	NA	NA	NA	NA	0	NA	NA	STAD	7.98	1:DECEASED	NA	2a227292-c73d-45fc-ab68-cdfaf7aef9e7	a0237637-3859-47d9-a60e-0af8c6884b4a	NA	TCGA-CG-5734.1c1ed591-33dc-4b7e-b2c2-9f3db9307b2b.pdf	1c1ed591-33dc-4b7e-b2c2-9f3db9307b2b	NA	Fundus/Body	NA	NO	NA	NA	NO	R0	YES	NA	NA	1	NA	Primary	1	Male	0.6	Stomach	Matched	NA	NA	0.7	NA	NA	NA	NA	NA	NA	NA	NA	CG	2.46666666667	NA	NA	NA	NA	NA	Germany	NA	NA	NA	NA	NA	A	NA	NA	NA	NA	NA	NA	NA	NA	NA	NA	NA	NA	NA	NA	NA	NA	NA	NA	NA	NA	NA	NA	NA	NA	NA	NA	NA	NA	NA	NA	NA	NA	NA	NA	NA	NA	NA	NA	NA	NA	NA	NA	NA	NA	NA	NA	NA	NA	NA	NA	NA	NA	NA	NA	NA	NA	NA	NA	NA	NA	NA	NA	NA	NA	NA	NA	NA	NA
stad_tcga	TCGA-D7-5577	TCGA-D7-5577-01	53	NA	M0	N3	Stage IIIA	7th	T2	No	NA	Esophagogastric Cancer	Tubular Stomach Adenocarcinoma	Poznan	NA	NA	NA	NA	NA	NA	0	NA	NA	NA	12.35	1:Recurred/Progressed	NA	NA	NOT HISPANIC OR LATINO	NA	NO	2/8/11	0.0939	G2	NA	Stomach, Intestinal Adenocarcinoma, Tubular Type	No	No	No	C16.0	8211/3	C16.0	YES	2010	NO	NA	NA	0.9	YES	19	34	NA	NA	NA	107	NA	NA	NA	NA	0	NA	NA	TSTAD	25.69	1:DECEASED	NA	2dc154aa-c478-404b-a92e-86abcc8dbdb7	93bbd9fd-2385-46c3-af21-e46c72a8a75d	NA	TCGA-D7-5577.c0156b0a-0f9b-48a6-afe3-62e065c6df8e.pdf	c0156b0a-0f9b-48a6-afe3-62e065c6df8e	NA	Cardia/Proximal	NA	YES	WHITE	NA	NO	R0	NO	NA	NA	1	NA	Primary	1	Female	0.6	Stomach	Matched	NA	NA	0.6	NA	NA	NA	NA	NA	NA	NA	NA	D7	3.7	NA	NA	NA	NA	NA	Poland	NA	TUMOR FREE	NA	NA	NA	A	NA	NA	NA	NA	NA	NA	NA	NA	NA	NA	NA	NA	NA	NA	NA	NA	NA	NA	NA	NA	NA	NA	NA	NA	NA	NA	NA	NA	NA	NA	NA	NA	NA	NA	NA	NA	NA	NA	NA	NA	NA	NA	NA	NA	NA	NA	NA	NA	NA	NA	NA	NA	NA	NA	NA	NA	NA	NA	NA	NA	NA	NA	NA	NA	NA	NA	NA	NA
stad_tcga	TCGA-D7-5578	TCGA-D7-5578-01	80	NA	M0	N2	Stage IIIA	7th	T3	No	NA	Esophagogastric Cancer	Tubular Stomach Adenocarcinoma	Poznan	NA	NA	NA	NA	NA	NA	0	NA	NA	NA	12.65	0:DiseaseFree	NA	NA	NOT HISPANIC OR LATINO	NA	NO	2/6/11	0.1962	G3	NA	Stomach, Intestinal Adenocarcinoma, Tubular Type	No	No	NA	C16.2	8211/3	C16.2	YES	2010	NO	NA	NA	1	YES	6	19	NA	NA	NA	176	NA	NA	NA	NA	0	NA	NA	TSTAD	12.65	0:LIVING	NA	a3c1f9a2-9174-48cf-81dc-2afcfdc4ba9c	e88d8673-c0be-4549-8daf-100187608f17	NA	TCGA-D7-5578.f3951295-e613-4109-84e3-1238c29cf5cd.pdf	f3951295-e613-4109-84e3-1238c29cf5cd	NA	Fundus/Body	NA	YES	WHITE	NA	YES	R0	NO	NA	NA	1	NA	Primary	1	Male	0.5	Stomach	Matched	NA	NA	0.7	NA	NA	NA	NA	NA	NA	NA	NA	D7	6.06666666667	NA	NA	NA	NA	NA	Poland	NA	TUMOR FREE	NA	NA	NA	A	NA	NA	NA	NA	NA	NA	NA	NA	NA	NA	NA	NA	NA	NA	NA	NA	NA	NA	NA	NA	NA	NA	NA	NA	NA	NA	NA	NA	NA	NA	NA	NA	NA	NA	NA	NA	NA	NA	NA	NA	NA	NA	NA	NA	NA	NA	NA	NA	NA	NA	NA	NA	NA	NA	NA	NA	NA	NA	NA	NA	NA	NA	NA	NA	NA	NA	NA	NA
stad_tcga	TCGA-D7-5579	TCGA-D7-5579-01	74	NA	M0	N2	Stage IIIA	7th	T3	No	NA	Esophagogastric Cancer	Mucinous Stomach Adenocarcinoma	Poznan	NA	NA	NA	NA	NA	NA	0	NA	NA	NA	20.89	0:DiseaseFree	NA	NA	NOT HISPANIC OR LATINO	NA	NO	2/6/11	0.2370	G3	NA	Stomach, Intestinal Adenocarcinoma, Mucinous Type	No	No	NA	C16.2	8480/3	C16.2	YES	2010	NO	NA	NA	0.9	YES	11	12	NA	NA	NA	140	NA	NA	NA	NA	0	NA	NA	MSTAD	20.89	0:LIVING	NA	8b5746f9-dbee-40bd-9141-1081960cf286	633dce5b-7a88-46dc-ad06-8897a609675b	NA	TCGA-D7-5579.ef4acb6f-a507-4adc-97e3-0314c8a3e898.pdf	ef4acb6f-a507-4adc-97e3-0314c8a3e898	NA	Fundus/Body	NA	YES	WHITE	NA	NO	R1	NO	NA	NA	1	NA	Primary	1	Male	0.3	Stomach	Matched	NA	NA	0.5	NA	NA	NA	NA	NA	NA	NA	NA	D7	4.76666666667	YES	NA	NA	NA	NA	Poland	NA	TUMOR FREE	NA	NA	NA	A	NA	NA	NA	NA	NA	NA	NA	NA	NA	NA	NA	NA	NA	NA	NA	NA	NA	NA	NA	NA	NA	NA	NA	NA	NA	NA	NA	NA	NA	NA	NA	NA	NA	NA	NA	NA	NA	NA	NA	NA	NA	NA	NA	NA	NA	NA	NA	NA	NA	NA	NA	NA	NA	NA	NA	NA	NA	NA	NA	NA	NA	NA	NA	NA	NA	NA	NA	NA
stad_tcga	TCGA-D7-6518	TCGA-D7-6518-01	75	NA	M0	N3	Stage IIIA	7th	T2	NA	NA	Esophagogastric Cancer	Diffuse Type Stomach Adenocarcinoma	Poznan	NA	NA	NA	NA	NA	NA	0	NA	NA	NA	19.12	0:DiseaseFree	NA	NA	NOT HISPANIC OR LATINO	NA	NO	5/23/11	0.1758	G3	NA	Stomach, Adenocarcinoma, Diffuse Type	No	No	NA	C16.0	8145/3	C16.0	YES	2010	NO	NA	NA	1	YES	17	20	NA	NA	NA	67	NA	NA	NA	NA	NA	NA	NA	DSTAD	19.12	0:LIVING	NA	40e507fb-e285-424b-a98b-362e47a53e4a	b6b986e2-6770-4c59-9d0f-aea3f3ba26e9	NA	TCGA-D7-6518.b78ceab7-f101-43b5-867f-66a3a0b6d5cc.pdf	b78ceab7-f101-43b5-867f-66a3a0b6d5cc	NA	Cardia/Proximal	NA	YES	WHITE	NA	NO	R1	NO	NA	NA	1	NA	Primary	1	Male	0.5	Stomach	Matched	NA	NA	0.7	NA	NA	NA	NA	NA	NA	NA	NA	D7	2.3	NO	NA	NA	NA	NA	Poland	NA	WITH TUMOR	NA	NA	NA	A	NA	NA	NA	NA	NA	NA	NA	NA	NA	NA	NA	NA	NA	NA	NA	NA	NA	NA	NA	NA	NA	NA	NA	NA	NA	NA	NA	NA	NA	NA	NA	NA	NA	NA	NA	NA	NA	NA	NA	NA	NA	NA	NA	NA	NA	NA	NA	NA	NA	NA	NA	NA	NA	NA	NA	NA	NA	NA	NA	NA	NA	NA	NA	NA	NA	NA	NA	NA
stad_tcga	TCGA-D7-6519	TCGA-D7-6519-01	64	NA	M0	N1	NA	7th	T2	No	NA	Esophagogastric Cancer	Diffuse Type Stomach Adenocarcinoma	Poznan	NA	NA	NA	NA	NA	NA	0	NA	NA	NA	14.09	1:Recurred/Progressed	NA	NA	NOT HISPANIC OR LATINO	NA	NO	9/15/11	0.8674	G3	NA	Stomach, Adenocarcinoma, Diffuse Type	No	No	No	C16.0	8145/3	C16.0	YES	2010	NO	NA	NA	0.6	YES	2	16	NA	NA	NA	49	NA	NA	NA	NA	NA	NA	NA	DSTAD	20.53	0:LIVING	NA	e37cae9e-0656-4b89-b326-739a5cc859e0	fa7426e1-fcfb-4b08-ad50-1d9e903a81fb	NA	TCGA-D7-6519.821687f8-d2c1-46ab-be51-1addec01500b.pdf	821687f8-d2c1-46ab-be51-1addec01500b	NA	Cardia/Proximal	NA	YES	WHITE	NA	NO	R0	NO	NA	NA	1	NA	Primary	1	Female	0.4	Stomach	Matched	NA	NA	0.6	NA	NA	NA	NA	NA	NA	NA	NA	D7	1.66666666667	NO	NA	NA	NA	NA	Poland	NA	WITH TUMOR	NA	NA	NA	A	NA	NA	NA	NA	NA	NA	NA	NA	NA	NA	NA	NA	NA	NA	NA	NA	NA	NA	NA	NA	NA	NA	NA	NA	NA	NA	NA	NA	NA	NA	NA	NA	NA	NA	NA	NA	NA	NA	NA	NA	NA	NA	NA	NA	NA	NA	NA	NA	NA	NA	NA	NA	NA	NA	NA	NA	NA	NA	NA	NA	NA	NA	NA	NA	NA	NA	NA	NA
stad_tcga	TCGA-D7-6520	TCGA-D7-6520-01	53	NA	M0	N2	Stage IIIA	6th	T2b	No	NA	Esophagogastric Cancer	Tubular Stomach Adenocarcinoma	Poznan	NA	NA	NA	NA	NA	NA	0	NA	NA	NA	1.51	1:Recurred/Progressed	NA	NA	NOT HISPANIC OR LATINO	NA	NO	5/13/11	0.3462	G3	NA	Stomach, Intestinal Adenocarcinoma, Tubular Type	No	No	NA	C16.3	8211/3	C16.3	YES	2010	NO	NA	NA	1.1	YES	14	24	NA	NA	NA	54	NA	NA	NA	NA	NA	NA	NA	TSTAD	18.82	0:LIVING	NA	3c573af6-6298-49de-8de0-6a7f9ce9b000	7c162352-903e-4723-af91-6fdd8e8ead3b	NA	TCGA-D7-6520.9d50e818-91ed-45db-a51d-f70a944017ad.pdf	9d50e818-91ed-45db-a51d-f70a944017ad	NA	Antrum/Distal	NA	YES	WHITE	NA	NO	R0	NO	NA	NA	1	NA	Primary	1	Male	0.5	Stomach	Matched	NA	NA	0.5	NA	NA	NA	NA	NA	NA	NA	NA	D7	1.8	NO	NA	NA	NA	NA	Poland	NA	NA	NA	NA	NA	A	NA	NA	NA	NA	NA	NA	NA	NA	NA	NA	NA	NA	NA	NA	NA	NA	NA	NA	NA	NA	NA	NA	NA	NA	NA	NA	NA	NA	NA	NA	NA	NA	NA	NA	NA	NA	NA	NA	NA	NA	NA	NA	NA	NA	NA	NA	NA	NA	NA	NA	NA	NA	NA	NA	NA	NA	NA	NA	NA	NA	NA	NA	NA	NA	NA	NA	NA	NA
stad_tcga	TCGA-D7-6521	TCGA-D7-6521-01	65	NA	M0	N2	NA	7th	T2b	No	NA	Esophagogastric Cancer	Diffuse Type Stomach Adenocarcinoma	Poznan	NA	NA	NA	NA	NA	NA	0	NA	NA	NA	6.31	1:Recurred/Progressed	NA	NA	NOT HISPANIC OR LATINO	NA	NO	5/13/11	0.1272	G3	NA	Stomach, Adenocarcinoma, Diffuse Type	No	No	NA	C16.2	8145/3	C16.2	YES	2010	NO	NA	NA	0.9	YES	15	17	NA	NA	NA	75	NA	NA	NA	NA	NA	NA	NA	DSTAD	18.53	0:LIVING	NA	6de6b8e2-03eb-4f32-b5a3-bea73fc632b4	c3d9fc3b-ef2a-4d02-b7a4-5d1463ad5ef3	NA	TCGA-D7-6521.323a32f7-7f32-4794-9a08-7ed129c8339a.pdf	323a32f7-7f32-4794-9a08-7ed129c8339a	NA	Fundus/Body	NA	YES	WHITE	NA	NO	R0	NO	NA	NA	1	NA	Primary	1	Male	0.4	Stomach	Matched	NA	NA	0.9	NA	NA	NA	NA	NA	NA	NA	NA	D7	2.46666666667	NO	NA	NA	NA	NA	Poland	NA	TUMOR FREE	NA	NA	NA	A	NA	NA	NA	NA	NA	NA	NA	NA	NA	NA	NA	NA	NA	NA	NA	NA	NA	NA	NA	NA	NA	NA	NA	NA	NA	NA	NA	NA	NA	NA	NA	NA	NA	NA	NA	NA	NA	NA	NA	NA	NA	NA	NA	NA	NA	NA	NA	NA	NA	NA	NA	NA	NA	NA	NA	NA	NA	NA	NA	NA	NA	NA	NA	NA	NA	NA	NA	NA
stad_tcga	TCGA-D7-6522	TCGA-D7-6522-01	58	NA	M0	N0	Stage IB	6th	T2	No	NA	Esophagogastric Cancer	Diffuse Type Stomach Adenocarcinoma	Poznan	NA	NA	NA	NA	NA	NA	0	NA	NA	NA	18.59	0:DiseaseFree	NA	NA	NOT HISPANIC OR LATINO	NA	NO	5/13/11	0.0000	G3	NA	Stomach, Adenocarcinoma, Diffuse Type	No	No	NA	C16.3	8145/3	C16.3	YES	2010	NO	NA	NA	1	YES	0	11	NA	NA	NA	35	NA	NA	NA	NA	NA	NA	NA	DSTAD	18.59	0:LIVING	NA	8bb3facb-1933-4350-9f78-74537559e000	825ae87a-69c0-44ac-a1af-d1fad7746c05	NA	TCGA-D7-6522.b0dee176-8e1d-4ece-adea-157c5b8fdbee.pdf	b0dee176-8e1d-4ece-adea-157c5b8fdbee	NA	Antrum/Distal	NA	YES	WHITE	NA	NO	R0	NO	NA	NA	1	NA	Primary	1	Male	0.5	Stomach	Matched	NA	NA	0.5	NA	NA	NA	NA	NA	NA	NA	NA	D7	1.2	NO	NA	NA	NA	NA	Poland	NA	TUMOR FREE	NA	NA	NA	A	NA	NA	NA	NA	NA	NA	NA	NA	NA	NA	NA	NA	NA	NA	NA	NA	NA	NA	NA	NA	NA	NA	NA	NA	NA	NA	NA	NA	NA	NA	NA	NA	NA	NA	NA	NA	NA	NA	NA	NA	NA	NA	NA	NA	NA	NA	NA	NA	NA	NA	NA	NA	NA	NA	NA	NA	NA	NA	NA	NA	NA	NA	NA	NA	NA	NA	NA	NA
stad_tcga	TCGA-D7-6524	TCGA-D7-6524-01	53	NA	M0	N1	Stage II	6th	T2	No	NA	Esophagogastric Cancer	Diffuse Type Stomach Adenocarcinoma	Poznan	NA	NA	NA	NA	NA	NA	0	NA	NA	NA	17.84	1:Recurred/Progressed	NA	NA	NOT HISPANIC OR LATINO	NA	NO	5/13/11	0.0003	G3	NA	Stomach, Adenocarcinoma, Diffuse Type	No	No	NA	C16.3	8145/3	C16.3	YES	2010	NO	NA	NA	0.8	YES	6	16	NA	NA	NA	93	NA	NA	NA	NA	NA	NA	NA	DSTAD	17.84	0:LIVING	NA	7ef3f065-1928-4a58-b5a6-76dddb8488cf	6f14723a-af83-402d-ab98-b4ed29a93aaf	NA	TCGA-D7-6524.c0b8a70d-b8b4-4c81-bb96-9038b66a1da1.pdf	c0b8a70d-b8b4-4c81-bb96-9038b66a1da1	NA	Antrum/Distal	NA	YES	WHITE	NA	NA	R1	NO	NA	NA	1	NA	Primary	1	Male	0.6	Stomach	Matched	NA	NA	0.8	NA	NA	NA	NA	NA	NA	NA	NA	D7	3.13333333333	NO	NA	NA	NA	NA	Poland	NA	TUMOR FREE	NA	NA	NA	A	NA	NA	NA	NA	NA	NA	NA	NA	NA	NA	NA	NA	NA	NA	NA	NA	NA	NA	NA	NA	NA	NA	NA	NA	NA	NA	NA	NA	NA	NA	NA	NA	NA	NA	NA	NA	NA	NA	NA	NA	NA	NA	NA	NA	NA	NA	NA	NA	NA	NA	NA	NA	NA	NA	NA	NA	NA	NA	NA	NA	NA	NA	NA	NA	NA	NA	NA	NA
stad_tcga	TCGA-D7-6525	TCGA-D7-6525-01	58	NA	M0	N2	Stage IIIA	6th	T2	No	NA	Esophagogastric Cancer	Diffuse Type Stomach Adenocarcinoma	Poznan	NA	NA	NA	NA	NA	NA	0	NA	NA	NA	5.62	1:Recurred/Progressed	NA	NA	NOT HISPANIC OR LATINO	NA	NO	5/13/11	0.3156	G3	NA	Stomach, Adenocarcinoma, Diffuse Type	No	No	NA	C16.0	8145/3	C16.0	YES	2010	NO	NA	NA	0.7	YES	6	9	NA	NA	NA	132	NA	NA	NA	NA	NA	NA	NA	DSTAD	13.34	1:DECEASED	NA	82f9a197-040d-4c5e-89d9-d87a7aa0168d	c1ac6717-828b-4289-9755-7c56a6fc1392	NA	TCGA-D7-6525.f06159fa-413a-4b46-b024-30f177d56ef6.pdf	f06159fa-413a-4b46-b024-30f177d56ef6	NA	Cardia/Proximal	NA	YES	WHITE	NA	NO	R0	NO	NA	NA	1	NA	Primary	1	Male	0.6	Stomach	Matched	NA	NA	0.7	NA	NA	NA	NA	NA	NA	NA	NA	D7	4.6	NO	NA	NA	NA	NA	Poland	NA	WITH TUMOR	NA	NA	NA	A	NA	NA	NA	NA	NA	NA	NA	NA	NA	NA	NA	NA	NA	NA	NA	NA	NA	NA	NA	NA	NA	NA	NA	NA	NA	NA	NA	NA	NA	NA	NA	NA	NA	NA	NA	NA	NA	NA	NA	NA	NA	NA	NA	NA	NA	NA	NA	NA	NA	NA	NA	NA	NA	NA	NA	NA	NA	NA	NA	NA	NA	NA	NA	NA	NA	NA	NA	NA
stad_tcga	TCGA-D7-6526	TCGA-D7-6526-01	67	NA	M0	N2	Stage IIIA	7th	T3	No	NA	Esophagogastric Cancer	Tubular Stomach Adenocarcinoma	Poznan	NA	NA	NA	NA	NA	NA	0	NA	NA	NA	17.18	0:DiseaseFree	NA	NA	NOT HISPANIC OR LATINO	NA	NO	5/13/11	0.4772	G2	NA	Stomach, Intestinal Adenocarcinoma, Tubular Type	No	No	NA	C16.2	8211/3	C16.2	YES	2010	NO	NA	NA	1	YES	3	19	NA	NA	NA	176	NA	NA	NA	NA	NA	NA	NA	TSTAD	17.18	0:LIVING	NA	a28e57e2-9071-4558-856a-162f7a837380	ddcea84e-3135-445c-ba0d-62f686463797	NA	TCGA-D7-6526.6ed5bbe0-677b-48c3-9733-a08017d6cca6.pdf	6ed5bbe0-677b-48c3-9733-a08017d6cca6	NA	Fundus/Body	NA	YES	WHITE	NA	NA	R0	NO	NA	NA	1	NA	Primary	1	Female	0.6	Stomach	Matched	NA	NA	0.6	NA	NA	NA	NA	NA	NA	NA	NA	D7	6.2	NO	NA	NA	NA	NA	Poland	NA	TUMOR FREE	NA	NA	NA	A	NA	NA	NA	NA	NA	NA	NA	NA	NA	NA	NA	NA	NA	NA	NA	NA	NA	NA	NA	NA	NA	NA	NA	NA	NA	NA	NA	NA	NA	NA	NA	NA	NA	NA	NA	NA	NA	NA	NA	NA	NA	NA	NA	NA	NA	NA	NA	NA	NA	NA	NA	NA	NA	NA	NA	NA	NA	NA	NA	NA	NA	NA	NA	NA	NA	NA	NA	NA
stad_tcga	TCGA-D7-6527	TCGA-D7-6527-01	62	NA	M0	N1	Stage II	6th	T2	No	NA	Esophagogastric Cancer	Papillary Stomach Adenocarcinoma	Poznan	NA	NA	NA	NA	NA	NA	0	NA	NA	NA	2.46	1:Recurred/Progressed	NA	NA	NOT HISPANIC OR LATINO	NA	NO	5/16/11	0.3358	G2	NA	Stomach, Intestinal Adenocarcinoma, Papillary Type	No	No	NA	C16.0	8260/3	C16.0	YES	2010	NO	NA	NA	0.7	YES	1	14	NA	NA	NA	181	NA	NA	NA	NA	NA	NA	NA	PSTAD	10.25	1:DECEASED	NA	cb622cd6-776d-4681-8a67-4addd61c66b8	8461ce68-3a6f-4343-8977-78448123f373	NA	TCGA-D7-6527.c2311fda-d860-4c91-a3d7-0fb1402353d9.pdf	c2311fda-d860-4c91-a3d7-0fb1402353d9	NA	Cardia/Proximal	NA	YES	WHITE	NA	NO	R0	NO	NA	NA	1	NA	Primary	1	Male	0.3	Stomach	Matched	NA	NA	0.3	NA	NA	NA	NA	NA	NA	NA	NA	D7	6.3	NO	NA	NA	NA	NA	Poland	NA	NA	NA	NA	NA	A	NA	NA	NA	NA	NA	NA	NA	NA	NA	NA	NA	NA	NA	NA	NA	NA	NA	NA	NA	NA	NA	NA	NA	NA	NA	NA	NA	NA	NA	NA	NA	NA	NA	NA	NA	NA	NA	NA	NA	NA	NA	NA	NA	NA	NA	NA	NA	NA	NA	NA	NA	NA	NA	NA	NA	NA	NA	NA	NA	NA	NA	NA	NA	NA	NA	NA	NA	NA
stad_tcga	TCGA-D7-6528	TCGA-D7-6528-01	70	NA	M0	N0	Stage IB	6th	T2	No	NA	Esophagogastric Cancer	Tubular Stomach Adenocarcinoma	Poznan	NA	NA	NA	NA	NA	NA	0	NA	NA	NA	15.21	0:DiseaseFree	NA	NA	NOT HISPANIC OR LATINO	NA	NO	5/16/11	0.5429	G2	NA	Stomach, Intestinal Adenocarcinoma, Tubular Type	No	No	NA	C16.2	8211/3	C16.2	YES	2010	NO	NA	NA	1	YES	0	26	NA	NA	NA	275	NA	NA	NA	NA	NA	NA	NA	TSTAD	15.21	0:LIVING	NA	35496e4e-598f-4ffc-b11e-8edaeb676079	df817250-9a2c-42e8-ad90-0d9e13fe37b3	NA	TCGA-D7-6528.364d83cf-0b2e-4f18-9374-3e585140d016.pdf	364d83cf-0b2e-4f18-9374-3e585140d016	NA	Fundus/Body	NA	YES	WHITE	NA	NO	R0	NO	NA	NA	1	NA	Primary	1	Female	0.5	Stomach	Matched	NA	NA	1	NA	NA	NA	NA	NA	NA	NA	NA	D7	9.5	NO	NA	NA	NA	NA	Poland	NA	TUMOR FREE	NA	NA	NA	A	NA	NA	NA	NA	NA	NA	NA	NA	NA	NA	NA	NA	NA	NA	NA	NA	NA	NA	NA	NA	NA	NA	NA	NA	NA	NA	NA	NA	NA	NA	NA	NA	NA	NA	NA	NA	NA	NA	NA	NA	NA	NA	NA	NA	NA	NA	NA	NA	NA	NA	NA	NA	NA	NA	NA	NA	NA	NA	NA	NA	NA	NA	NA	NA	NA	NA	NA	NA
stad_tcga	TCGA-D7-6815	TCGA-D7-6815-01	70	NA	M0	N2	Stage IIB	7th	T2	No	NA	Esophagogastric Cancer	Tubular Stomach Adenocarcinoma	Poznan	NA	NA	NA	NA	NA	NA	0	NA	NA	NA	15.97	0:DiseaseFree	NA	NA	NOT HISPANIC OR LATINO	NA	YES	7/20/11	0.3860	G2	NA	Stomach, Intestinal Adenocarcinoma, Tubular Type	No	No	No	C16.2	8211/3	C16.2	YES	2010	NO	NA	NA	0.8	YES	5	19	NA	NA	NA	122	NA	NA	NA	NA	1	NA	NA	TSTAD	15.97	0:LIVING	NA	53086e20-a727-40d6-b42d-8030109b5130	b5f3d9a1-46b5-4a63-8f7d-9c993fe9340d	NA	TCGA-D7-6815.68b9ed97-df0d-4ad2-8d9d-48a1d643b500.pdf	68b9ed97-df0d-4ad2-8d9d-48a1d643b500	NA	Fundus/Body	NA	YES	WHITE	NA	NO	R0	NO	NA	NA	1	NA	Primary	1	Female	0.5	Stomach	Matched	NA	NA	0.7	NA	NA	NA	NA	NA	NA	NA	NA	D7	4.16666666667	NO	NA	NA	NA	NA	Poland	NA	TUMOR FREE	NA	NA	NA	A	NA	NA	NA	NA	NA	NA	NA	NA	NA	NA	NA	NA	NA	NA	NA	NA	NA	NA	NA	NA	NA	NA	NA	NA	NA	NA	NA	NA	NA	NA	NA	NA	NA	NA	NA	NA	NA	NA	NA	NA	NA	NA	NA	NA	NA	NA	NA	NA	NA	NA	NA	NA	NA	NA	NA	NA	NA	NA	NA	NA	NA	NA	NA	NA	NA	NA	NA	NA
stad_tcga	TCGA-D7-6817	TCGA-D7-6817-01	63	NA	M0	N3	Stage IIIA	7th	T2b	No	NA	Esophagogastric Cancer	Tubular Stomach Adenocarcinoma	Poznan	NA	NA	NA	NA	NA	NA	0	NA	NA	NA	12.78	0:DiseaseFree	NA	NA	NOT HISPANIC OR LATINO	NA	NO	9/18/11	0.4694	G3	NA	Stomach, Intestinal Adenocarcinoma, Tubular Type	No	No	No	C16.2	8211/3	C16.2	YES	2011	NO	NA	NA	1.6	YES	20	31	NA	NA	NA	71	NA	NA	NA	NA	NA	NA	NA	TSTAD	12.78	0:LIVING	NA	6ffefb3f-3919-4fef-ab15-5d32d8f51d57	9e01f1d4-7ba6-42b7-a43c-833195ef4b49	NA	TCGA-D7-6817.d7fff3ca-f8b2-4ce6-9896-f37c022cfc60.pdf	d7fff3ca-f8b2-4ce6-9896-f37c022cfc60	NA	Fundus/Body	NA	YES	WHITE	NA	NO	R0	NO	NA	NA	1	NA	Primary	1	Male	0.6	Stomach	Matched	NA	NA	0.8	NA	NA	NA	NA	NA	NA	NA	NA	D7	2.43333333333	NO	NA	NA	NA	NA	Poland	NA	TUMOR FREE	NA	NA	NA	A	NA	NA	NA	NA	NA	NA	NA	NA	NA	NA	NA	NA	NA	NA	NA	NA	NA	NA	NA	NA	NA	NA	NA	NA	NA	NA	NA	NA	NA	NA	NA	NA	NA	NA	NA	NA	NA	NA	NA	NA	NA	NA	NA	NA	NA	NA	NA	NA	NA	NA	NA	NA	NA	NA	NA	NA	NA	NA	NA	NA	NA	NA	NA	NA	NA	NA	NA	NA
stad_tcga	TCGA-D7-6818	TCGA-D7-6818-01	53	NA	M0	N3	Stage IIIA	7th	T2	No	NA	Esophagogastric Cancer	Diffuse Type Stomach Adenocarcinoma	Poznan	NA	NA	NA	NA	NA	NA	0	NA	NA	NA	9.13	1:Recurred/Progressed	NA	NA	NOT HISPANIC OR LATINO	NA	NO	7/18/11	0.1036	G3	NA	Stomach, Adenocarcinoma, Diffuse Type	No	No	No	C16.2	8145/3	C16.2	YES	2011	NO	NA	NA	1	YES	11	22	NA	NA	NA	139	NA	NA	NA	NA	NA	NA	NA	DSTAD	12.35	1:DECEASED	NA	aa2934f9-8783-428e-88a6-1d04b93fa1fd	953e155f-d9e1-41c8-ba12-351a38195d22	NA	TCGA-D7-6818.ef03aa87-1b7f-440d-b9ea-ac3d4fa03ed8.pdf	ef03aa87-1b7f-440d-b9ea-ac3d4fa03ed8	NA	Fundus/Body	NA	YES	WHITE	NA	NO	R0	NO	NA	NA	1	NA	Primary	1	Male	0.6	Stomach	Matched	NA	NA	0.7	NA	NA	NA	NA	NA	NA	NA	NA	D7	4.8	NO	NA	NA	NA	NA	Poland	NA	TUMOR FREE	NA	NA	NA	A	NA	NA	NA	NA	NA	NA	NA	NA	NA	NA	NA	NA	NA	NA	NA	NA	NA	NA	NA	NA	NA	NA	NA	NA	NA	NA	NA	NA	NA	NA	NA	NA	NA	NA	NA	NA	NA	NA	NA	NA	NA	NA	NA	NA	NA	NA	NA	NA	NA	NA	NA	NA	NA	NA	NA	NA	NA	NA	NA	NA	NA	NA	NA	NA	NA	NA	NA	NA
stad_tcga	TCGA-D7-6820	TCGA-D7-6820-01	64	NA	M0	N1	Stage IIB	6th	T2	No	NA	Esophagogastric Cancer	Tubular Stomach Adenocarcinoma	Poznan	NA	NA	NA	NA	NA	NA	0	NA	NA	NA	11.3	0:DiseaseFree	NA	NA	NOT HISPANIC OR LATINO	NA	NO	7/18/11	0.3619	G2	NA	Stomach, Intestinal Adenocarcinoma, Tubular Type	No	No	Yes	C16.2	8211/3	C16.2	YES	2011	NO	NA	NA	1.3	YES	5	14	NA	NA	NA	75	NA	NA	NA	NA	NA	NA	NA	TSTAD	11.3	0:LIVING	NA	1142251c-28eb-48bf-9c54-7126d4557605	490660d7-5512-4dbf-893a-b6b8c27ca407	NA	TCGA-D7-6820.4dac657c-4a70-49f9-8c27-8f7022625158.pdf	4dac657c-4a70-49f9-8c27-8f7022625158	NA	Fundus/Body	NA	YES	WHITE	NA	NO	R0	NO	NA	NA	1	NA	Primary	1	Male	0.5	Stomach	Matched	NA	NA	1	NA	NA	NA	NA	NA	NA	NA	NA	D7	2.53333333333	NO	NA	NA	NA	NA	Poland	NA	TUMOR FREE	NA	NA	NA	A	NA	NA	NA	NA	NA	NA	NA	NA	NA	NA	NA	NA	NA	NA	NA	NA	NA	NA	NA	NA	NA	NA	NA	NA	NA	NA	NA	NA	NA	NA	NA	NA	NA	NA	NA	NA	NA	NA	NA	NA	NA	NA	NA	NA	NA	NA	NA	NA	NA	NA	NA	NA	NA	NA	NA	NA	NA	NA	NA	NA	NA	NA	NA	NA	NA	NA	NA	NA
stad_tcga	TCGA-D7-6822	TCGA-D7-6822-01	77	NA	M0	N0	Stage IB	7th	T2	Yes	NA	Esophagogastric Cancer	Tubular Stomach Adenocarcinoma	Poznan	NA	NA	NA	NA	NA	NA	0	NA	NA	NA	12.32	0:DiseaseFree	NA	NA	NOT HISPANIC OR LATINO	NA	NO	7/21/11	0.4650	G2	NA	Stomach, Intestinal Adenocarcinoma, Tubular Type	No	No	No	C16.2	8211/3	C16.2	YES	2011	NO	NA	NA	1.1	YES	0	7	NA	NA	NA	209	NA	NA	NA	NA	NA	NA	NA	TSTAD	12.32	0:LIVING	NA	e2aaabd9-f4ba-4763-a28a-c14d46a4bc5d	c30afda8-fc63-4228-a9a9-42bcdb562ace	NA	TCGA-D7-6822.b740d000-b1d3-4f11-89e5-8bb36470fae1.pdf	b740d000-b1d3-4f11-89e5-8bb36470fae1	NA	Fundus/Body	NA	YES	WHITE	NA	NO	R0	NO	NA	NA	1	NA	Primary	1	Male	0.5	Stomach	Matched	NA	NA	1	NA	NA	NA	NA	NA	NA	NA	NA	D7	7.36666666667	NO	NA	NA	NA	NA	Poland	NA	TUMOR FREE	NA	NA	NA	A	NA	NA	NA	NA	NA	NA	NA	NA	NA	NA	NA	NA	NA	NA	NA	NA	NA	NA	NA	NA	NA	NA	NA	NA	NA	NA	NA	NA	NA	NA	NA	NA	NA	NA	NA	NA	NA	NA	NA	NA	NA	NA	NA	NA	NA	NA	NA	NA	NA	NA	NA	NA	NA	NA	NA	NA	NA	NA	NA	NA	NA	NA	NA	NA	NA	NA	NA	NA
stad_tcga	TCGA-D7-8570	TCGA-D7-8570-01	44	NA	M0	N3a	Stage IIIB	7th	T3	No	NA	Esophagogastric Cancer	Tubular Stomach Adenocarcinoma	Poznan	NA	NA	NA	NA	NA	NA	0	NA	NA	NA	24.7	0:DiseaseFree	NA	NA	NOT HISPANIC OR LATINO	NA	NO	7/23/12	0.1613	G3	NA	Stomach, Intestinal Adenocarcinoma, Tubular Type	No	No	No	C16.0	8211/3	C16.0	YES	2011	NO	NA	NA	0.8	YES	13	24	NA	NA	NA	101	NA	NA	NO	NA	NA	NA	NA	TSTAD	24.7	0:LIVING	NA	1e1cdf72-820f-48a4-8fb6-89575d07cde9	e23e2a9c-5080-4276-8982-9cf078027a48	NA	TCGA-D7-8570.44e6d9b3-e86f-431a-8d80-6f992542c47d.pdf	44e6d9b3-e86f-431a-8d80-6f992542c47d	NA	Cardia/Proximal	NA	YES	WHITE	NO	NO	R0	NO	NA	NA	1	NA	Primary	1	Male	0.4	Stomach	Matched	NA	NA	0.6	NA	NA	NA	NA	NA	NO	NA	NA	D7	3.56666666667	NO	Complete Remission/Response	NA	NA	NA	Poland	NA	TUMOR FREE	NA	NA	NA	A	NA	NA	NA	NA	NA	NA	NA	NA	NA	NA	NA	NA	NA	NA	NA	NA	NA	NA	NA	NA	NA	NA	NA	NA	NA	NA	NA	NA	NA	NA	NA	NA	NA	NA	NA	NA	NA	NA	NA	NA	NA	NA	NA	NA	NA	NA	NA	NA	NA	NA	NA	NA	NA	NA	NA	NA	NA	NA	NA	NA	NA	NA	NA	NA	NA	NA	NA	NA
stad_tcga	TCGA-D7-8572	TCGA-D7-8572-01	57	NA	M0	N2	Stage IIB	7th	T2	NA	NA	Esophagogastric Cancer	Stomach Adenocarcinoma	Poznan	NA	NA	NA	NA	NA	NA	0	NA	NA	NA	16.79	0:DiseaseFree	NA	NA	NOT HISPANIC OR LATINO	NA	NO	7/23/12	0.0229	G2	NA	Stomach, Adenocarcinoma, Not Otherwise Specified (NOS)	No	No	No	C16.1	8140/3	C16.1	YES	2012	NO	NA	NA	1.3	YES	6	10	NA	NA	NA	172	NA	NA	NO	NA	NA	NA	NA	STAD	16.79	0:LIVING	NA	8097fddc-c7b9-4192-89d7-6bcceb7465b5	e9c6562e-dbdb-464e-933d-1d41c11f4ba0	NA	TCGA-D7-8572.4862ab6e-432e-4cce-ba69-df7400475559.pdf	4862ab6e-432e-4cce-ba69-df7400475559	NA	Fundus/Body	NA	YES	WHITE	NA	NO	R0	NO	NA	NA	1	NA	Primary	1	Male	0.5	Stomach	Matched	NA	NA	0.9	NA	NA	NA	NA	NA	NA	NA	NA	D7	6.2	NO	Complete Remission/Response	NA	NA	NA	Poland	NA	TUMOR FREE	NA	NA	NA	A	NA	NA	NA	NA	NA	NA	NA	NA	NA	NA	NA	NA	NA	NA	NA	NA	NA	NA	NA	NA	NA	NA	NA	NA	NA	NA	NA	NA	NA	NA	NA	NA	NA	NA	NA	NA	NA	NA	NA	NA	NA	NA	NA	NA	NA	NA	NA	NA	NA	NA	NA	NA	NA	NA	NA	NA	NA	NA	NA	NA	NA	NA	NA	NA	NA	NA	NA	NA
stad_tcga	TCGA-D7-8573	TCGA-D7-8573-01	57	NA	M0	N0	Stage IIA	7th	T3	No	NA	Esophagogastric Cancer	Tubular Stomach Adenocarcinoma	poznan	NA	NA	NA	NA	NA	NA	0	NA	NA	NA	19.48	0:DiseaseFree	NA	NA	NOT HISPANIC OR LATINO	NA	NO	7/23/12	0.2114	G3	NA	Stomach, Intestinal Adenocarcinoma, Tubular Type	No	No	No	C16.1	8211/3	C16.1	YES	2012	NO	NA	NA	1.2	YES	0	20	NA	NA	NA	89	NA	NA	NO	NA	NA	NA	NA	TSTAD	19.48	0:LIVING	NA	e4344668-5a50-4dde-8eec-f4d7f01f99fd	a224907a-708d-4b2e-a4d3-d5d795e7677c	NA	TCGA-D7-8573.b7306a47-697d-4ed3-bbe1-81d49674a8f8.pdf	b7306a47-697d-4ed3-bbe1-81d49674a8f8	NA	Fundus/Body	NA	YES	WHITE	NO	NO	R0	NO	NA	NA	1	NA	Primary	1	Male	0.5	Stomach	Matched	NA	NA	0.6	NA	NA	NA	NA	NA	NO	NA	NA	D7	3.2	NO	Complete Remission/Response	NA	NA	NA	Poland	NA	TUMOR FREE	NA	NA	NA	A	NA	NA	NA	NA	NA	NA	NA	NA	NA	NA	NA	NA	NA	NA	NA	NA	NA	NA	NA	NA	NA	NA	NA	NA	NA	NA	NA	NA	NA	NA	NA	NA	NA	NA	NA	NA	NA	NA	NA	NA	NA	NA	NA	NA	NA	NA	NA	NA	NA	NA	NA	NA	NA	NA	NA	NA	NA	NA	NA	NA	NA	NA	NA	NA	NA	NA	NA	NA
stad_tcga	TCGA-D7-8574	TCGA-D7-8574-01	72	NA	M0	N3a	Stage IIIA	7th	T2	No	NA	Esophagogastric Cancer	Stomach Adenocarcinoma	Poznan	NA	NA	NA	NA	NA	NA	0	NA	NA	NA	17.18	0:DiseaseFree	NA	NA	NOT HISPANIC OR LATINO	NA	NO	7/23/12	0.0001	G3	NA	Stomach, Adenocarcinoma, Not Otherwise Specified (NOS)	No	No	No	C16.3	8140/3	C16.3	YES	2012	NO	NA	NA	0.9	YES	13	16	NA	NA	NA	49	NA	NA	NO	NA	NA	NA	NA	STAD	17.18	0:LIVING	NA	a873475c-b2c7-4c84-bd89-5b9ee6060ce1	b9c7cc21-27c0-4918-8986-6b8fadd5b27e	NA	TCGA-D7-8574.6666bbe7-2f3b-40d3-9b3d-7b9396f97cda.pdf	6666bbe7-2f3b-40d3-9b3d-7b9396f97cda	NA	Antrum/Distal	NA	YES	WHITE	NO	NO	R0	NO	NA	NA	1	NA	Primary	1	Male	0.5	Stomach	Matched	NA	NA	0.8	NA	NA	NA	NA	NA	NO	NA	NA	D7	1.8	YES	Complete Remission/Response	H2 Blockers	NA	NA	Poland	NA	TUMOR FREE	NA	NA	NA	A	NA	NA	NA	NA	NA	NA	NA	NA	NA	NA	NA	NA	NA	NA	NA	NA	NA	NA	NA	NA	NA	NA	NA	NA	NA	NA	NA	NA	NA	NA	NA	NA	NA	NA	NA	NA	NA	NA	NA	NA	NA	NA	NA	NA	NA	NA	NA	NA	NA	NA	NA	NA	NA	NA	NA	NA	NA	NA	NA	NA	NA	NA	NA	NA	NA	NA	NA	NA
stad_tcga	TCGA-D7-8575	TCGA-D7-8575-01	75	NA	M0	N2	Stage IIIA	7th	T3	No	NA	Esophagogastric Cancer	Tubular Stomach Adenocarcinoma	Poznan	NA	NA	NA	NA	NA	NA	0	NA	NA	NA	14.03	1:Recurred/Progressed	NA	NA	NOT HISPANIC OR LATINO	NA	NO	7/23/12	0.3057	G3	NA	Stomach, Intestinal Adenocarcinoma, Tubular Type	No	No	No	C16.1	8211/3	C16.1	YES	2012	NO	NA	NA	1.1	YES	6	15	NA	NA	NA	51	NA	NA	NO	NA	NA	NA	NA	TSTAD	18.2	1:DECEASED	NA	00ee3098-1b32-4e7a-81ea-993773587c41	71efd38a-03a9-488d-bde2-18b17559c775	NA	TCGA-D7-8575.10720b80-6a69-40f9-968f-1cf3dfe84380.pdf	10720b80-6a69-40f9-968f-1cf3dfe84380	NA	Fundus/Body	NA	YES	WHITE	NO	NO	R0	NO	NA	NA	1	NA	Primary	1	Male	0.5	Stomach	Matched	NA	NA	0.7	NA	NA	NA	NA	NA	NO	NA	NA	D7	1.76666666667	NO	Complete Remission/Response	NA	NA	NA	Poland	NA	TUMOR FREE	NA	NA	NA	A	NA	NA	NA	NA	NA	NA	NA	NA	NA	NA	NA	NA	NA	NA	NA	NA	NA	NA	NA	NA	NA	NA	NA	NA	NA	NA	NA	NA	NA	NA	NA	NA	NA	NA	NA	NA	NA	NA	NA	NA	NA	NA	NA	NA	NA	NA	NA	NA	NA	NA	NA	NA	NA	NA	NA	NA	NA	NA	NA	NA	NA	NA	NA	NA	NA	NA	NA	NA
stad_tcga	TCGA-D7-8576	TCGA-D7-8576-01	54	NA	M0	N3a	Stage IIIB	7th	T3	No	NA	Esophagogastric Cancer	Tubular Stomach Adenocarcinoma	Poznan	NA	NA	NA	NA	NA	NA	0	NA	NA	NA	6.7	1:Recurred/Progressed	NA	NA	NOT HISPANIC OR LATINO	NA	NO	7/23/12	0.2837	G3	NA	Stomach, Intestinal Adenocarcinoma, Tubular Type	No	No	No	C16.3	8211/3	C16.3	YES	2012	NO	NA	NA	0.7	YES	15	15	NA	NA	NA	67	NA	NA	NO	NA	NA	NA	NA	TSTAD	14.65	1:DECEASED	NA	ec8268c7-943d-451a-9036-f0196078b6c5	28bd43cf-a80c-495d-a4ff-e4f57b6d4970	NA	TCGA-D7-8576.488da1fe-e3db-42bb-af66-6d6dc5936918.pdf	488da1fe-e3db-42bb-af66-6d6dc5936918	NA	Antrum/Distal	NA	YES	WHITE	NO	NO	R0	NO	NA	NA	1	NA	Primary	1	Female	0.3	Stomach	Matched	NA	NA	0.3	NA	NA	NA	NA	NA	NO	NA	NA	D7	2.33333333333	NO	Complete Remission/Response	NA	NA	NA	Poland	NA	TUMOR FREE	NA	NA	NA	A	NA	NA	NA	NA	NA	NA	NA	NA	NA	NA	NA	NA	NA	NA	NA	NA	NA	NA	NA	NA	NA	NA	NA	NA	NA	NA	NA	NA	NA	NA	NA	NA	NA	NA	NA	NA	NA	NA	NA	NA	NA	NA	NA	NA	NA	NA	NA	NA	NA	NA	NA	NA	NA	NA	NA	NA	NA	NA	NA	NA	NA	NA	NA	NA	NA	NA	NA	NA
stad_tcga	TCGA-D7-8578	TCGA-D7-8578-01	72	NA	M0	N0	Stage IB	7th	T2	No	NA	Esophagogastric Cancer	Stomach Adenocarcinoma	Poznan	NA	NA	NA	NA	NA	NA	0	NA	NA	NA	14.82	1:Recurred/Progressed	NA	NA	NOT HISPANIC OR LATINO	NA	NO	7/24/12	0.0927	G2	NA	Stomach, Adenocarcinoma, Not Otherwise Specified (NOS)	No	No	No	C16.3	8140/3	C16.3	YES	2012	NO	NA	NA	1.2	YES	0	3	NA	NA	NA	53	NA	NA	NO	NA	NA	NA	NA	STAD	21.12	0:LIVING	NA	50279b37-828d-4e18-b41f-f793c3923e75	ac6d7368-33a5-47a5-897e-9ccbceadcf29	NA	TCGA-D7-8578.886ccd09-d330-4b4a-b8b9-04a590c53947.pdf	886ccd09-d330-4b4a-b8b9-04a590c53947	NA	Antrum/Distal	NA	YES	WHITE	NO	NO	R0	NO	NA	NA	1	NA	Primary	1	Male	0.7	Stomach	Matched	NA	NA	0.9	NA	NA	NA	NA	NA	NO	NA	NA	D7	1.76666666667	NO	Complete Remission/Response	NA	NA	NA	Poland	NA	TUMOR FREE	NA	NA	NA	A	NA	NA	NA	NA	NA	NA	NA	NA	NA	NA	NA	NA	NA	NA	NA	NA	NA	NA	NA	NA	NA	NA	NA	NA	NA	NA	NA	NA	NA	NA	NA	NA	NA	NA	NA	NA	NA	NA	NA	NA	NA	NA	NA	NA	NA	NA	NA	NA	NA	NA	NA	NA	NA	NA	NA	NA	NA	NA	NA	NA	NA	NA	NA	NA	NA	NA	NA	NA
stad_tcga	TCGA-D7-8579	TCGA-D7-8579-01	66	NA	M0	N2	Stage IIB	7th	T2	No	NA	Esophagogastric Cancer	Stomach Adenocarcinoma	Poznan	NA	NA	NA	NA	NA	NA	0	NA	NA	NA	20.89	0:DiseaseFree	NA	NA	NOT HISPANIC OR LATINO	NA	NO	7/24/12	0.0033	G2	NA	Stomach, Intestinal Adenocarcinoma, Not Otherwise Specified (NOS)	No	No	No	C16.3	8144/3	C16.3	YES	2012	NO	NA	NA	0.8	YES	4	14	NA	NA	NA	106	NA	NA	NO	NA	NA	NA	NA	STAD	20.89	0:LIVING	NA	81a7f6a2-e44c-43d6-b687-01158eaf44ee	6acdfabc-7b32-471f-9d46-c8812bea519f	NA	TCGA-D7-8579.5ab6fc71-a8f0-4af8-aa62-9f874cf7ec2e.pdf	5ab6fc71-a8f0-4af8-aa62-9f874cf7ec2e	NA	Antrum/Distal	NA	YES	WHITE	NO	NO	R0	NO	NA	NA	1	NA	Primary	1	Female	0.3	Stomach	Matched	NA	NA	0.6	NA	NA	NA	NA	NA	NO	NA	NA	D7	3.63333333333	NO	Complete Remission/Response	NA	NA	NA	Poland	NA	TUMOR FREE	NA	NA	NA	A	NA	NA	NA	NA	NA	NA	NA	NA	NA	NA	NA	NA	NA	NA	NA	NA	NA	NA	NA	NA	NA	NA	NA	NA	NA	NA	NA	NA	NA	NA	NA	NA	NA	NA	NA	NA	NA	NA	NA	NA	NA	NA	NA	NA	NA	NA	NA	NA	NA	NA	NA	NA	NA	NA	NA	NA	NA	NA	NA	NA	NA	NA	NA	NA	NA	NA	NA	NA
stad_tcga	TCGA-D7-A4YT	TCGA-D7-A4YT-01	56	NA	M0	N3a	Stage IIIA	7th	T2	No	NA	Esophagogastric Cancer	Tubular Stomach Adenocarcinoma	Poznan	NA	NA	NA	NA	NA	93	0	NA	NA	NA	14.26	0:DiseaseFree	NA	NA	NOT HISPANIC OR LATINO	NA	NO	1/24/13	0.3872	G2	NA	Stomach, Intestinal Adenocarcinoma, Tubular Type	No	No	No	C16.0	8211/3	C16.0	YES	2012	NO	NA	NA	NA	YES	14	14	NA	NA	NA	237	NA	NA	NO	NA	NA	NA	FALSE	TSTAD	14.26	0:LIVING	NA	6D5DF29C-F2CC-43CE-8D2F-DF1DA313AD52	788B3D35-0E2A-44A2-B480-3C07DD91B6B9	NA	TCGA-D7-A4YT.1CD7E730-70D9-40A2-9711-329D807FDF61.pdf	1CD7E730-70D9-40A2-9711-329D807FDF61	NA	Cardia/Proximal	NA	YES	WHITE	NO	NO	R0	NO	NA	NA	1	140	Primary	1	Male	NA	Stomach	Matched	NA	NA	NA	NA	NA	NA	NA	NA	NO	NA	NA	D7	8.3	NO	Complete Remission/Response	NA	NA	NA	NA	NA	TUMOR FREE	NA	NA	NA	A	NA	NA	NA	NA	NA	NA	NA	NA	NA	NA	NA	NA	NA	NA	NA	NA	NA	NA	NA	NA	NA	NA	NA	NA	NA	NA	NA	NA	NA	NA	NA	NA	NA	NA	NA	NA	NA	NA	NA	NA	NA	NA	NA	NA	NA	NA	NA	NA	NA	NA	NA	NA	NA	NA	NA	NA	NA	NA	NA	NA	NA	NA	NA	NA	NA	NA	NA	NA
stad_tcga	TCGA-D7-A4YU	TCGA-D7-A4YU-01	73	NA	M0	N3a	Stage IIIB	7th	T3	No	NA	Esophagogastric Cancer	Tubular Stomach Adenocarcinoma	Poznan	NA	NA	NA	NA	NA	125	0	NA	NA	NA	16.43	0:DiseaseFree	NA	NA	NOT HISPANIC OR LATINO	NA	NO	1/24/13	0.3339	G3	NA	Stomach, Intestinal Adenocarcinoma, Tubular Type	No	No	No	C16.1	8211/3	C16.1	YES	2012	NO	NA	NA	NA	YES	25	25	NA	NA	NA	186	NA	NA	NO	NA	NA	NA	FALSE	TSTAD	16.43	0:LIVING	NA	32B44138-64E2-4BBF-AA2F-93A3B07EC670	FA286DE2-D6B7-4C9E-92CD-097786F2A66A	NA	TCGA-D7-A4YU.DF435B0E-B010-4911-9123-4AECDA1B0EDE.pdf	DF435B0E-B010-4911-9123-4AECDA1B0EDE	NA	Fundus/Body	NA	YES	WHITE	NO	NO	R0	NO	NA	NA	1	220	Primary	1	Male	NA	Stomach	Matched	NA	NA	NA	NA	NA	NA	NA	NA	YES	NA	NA	D7	6.4	NO	NA	NA	NA	NA	NA	NA	TUMOR FREE	NA	NA	NA	A	NA	NA	NA	NA	NA	NA	NA	NA	NA	NA	NA	NA	NA	NA	NA	NA	NA	NA	NA	NA	NA	NA	NA	NA	NA	NA	NA	NA	NA	NA	NA	NA	NA	NA	NA	NA	NA	NA	NA	NA	NA	NA	NA	NA	NA	NA	NA	NA	NA	NA	NA	NA	NA	NA	NA	NA	NA	NA	NA	NA	NA	NA	NA	NA	NA	NA	NA	NA
stad_tcga	TCGA-D7-A4YV	TCGA-D7-A4YV-01	69	NA	M0	N1	Stage IIB	7th	T3	No	NA	Esophagogastric Cancer	Tubular Stomach Adenocarcinoma	poznan	NA	NA	NA	NA	NA	71	0	NA	NA	NA	NA	NA	NA	NA	NOT HISPANIC OR LATINO	NA	YES	2/1/13	0.1178	G3	NA	Stomach, Intestinal Adenocarcinoma, Tubular Type	No	No	No	C16.3	8211/3	C16.3	YES	2012	NO	NA	NA	NA	YES	2	8	NA	NA	NA	903	NA	NA	NO	NA	1	NA	FALSE	TSTAD	5.91	1:DECEASED	NA	47FD3741-28EA-427B-9C2A-8CB39153C8AB	C465C15A-D60D-4ECC-8193-5880B3DD6119	NA	TCGA-D7-A4YV.15C5077B-D963-41F4-B8FD-6646C656DDCC.pdf	15C5077B-D963-41F4-B8FD-6646C656DDCC	NA	Antrum/Distal	NA	YES	WHITE	NO	NO	R0	NO	NA	NA	1	210	Primary	1	Female	NA	Stomach	Matched	NA	NA	NA	NA	NA	NA	NA	NA	NO	NA	NA	D7	30.8666666667	NO	Complete Remission/Response	NA	NA	NA	NA	NA	TUMOR FREE	NA	NA	NA	A	NA	NA	NA	NA	NA	NA	NA	NA	NA	NA	NA	NA	NA	NA	NA	NA	NA	NA	NA	NA	NA	NA	NA	NA	NA	NA	NA	NA	NA	NA	NA	NA	NA	NA	NA	NA	NA	NA	NA	NA	NA	NA	NA	NA	NA	NA	NA	NA	NA	NA	NA	NA	NA	NA	NA	NA	NA	NA	NA	NA	NA	NA	NA	NA	NA	NA	NA	NA
stad_tcga	TCGA-D7-A4YX	TCGA-D7-A4YX-01	63	NA	M0	N1	Stage IIB	7th	T3	No	NA	Esophagogastric Cancer	Stomach Adenocarcinoma	Poznan	NA	NA	NA	NA	NA	197	0	NA	NA	NA	36.4	0:DiseaseFree	NA	NA	NOT HISPANIC OR LATINO	NA	NO	1/24/13	0.1477	G3	NA	Stomach, Adenocarcinoma, Not Otherwise Specified (NOS)	No	No	No	C16.1	8140/3	C16.1	YES	2012	NO	NA	NA	NA	YES	1	19	NA	NA	NA	69	NA	NA	NO	NA	NA	NA	FALSE	STAD	36.4	0:LIVING	NA	2B4F014F-74E9-4DDA-A1AD-ABCBD124FC44	DCFF683D-629E-4E67-9E9F-CE5752A2B276	NA	TCGA-D7-A4YX.B7CAF119-E179-41C6-B938-26D9DF84376B.pdf	B7CAF119-E179-41C6-B938-26D9DF84376B	NA	Fundus/Body	NA	YES	WHITE	NO	NO	R0	NO	NA	NA	1	300	Primary	1	Male	NA	Stomach	Matched	NA	NA	NA	NA	NA	NA	NA	NA	NO	NA	NA	D7	2.46666666667	NO	Complete Remission/Response	NA	NA	NA	NA	NA	TUMOR FREE	NA	NA	NA	A	NA	NA	NA	NA	NA	NA	NA	NA	NA	NA	NA	NA	NA	NA	NA	NA	NA	NA	NA	NA	NA	NA	NA	NA	NA	NA	NA	NA	NA	NA	NA	NA	NA	NA	NA	NA	NA	NA	NA	NA	NA	NA	NA	NA	NA	NA	NA	NA	NA	NA	NA	NA	NA	NA	NA	NA	NA	NA	NA	NA	NA	NA	NA	NA	NA	NA	NA	NA
stad_tcga	TCGA-D7-A4YY	TCGA-D7-A4YY-01	61	NA	M0	N3a	Stage IIIB	7th	T3	No	NA	Esophagogastric Cancer	Stomach Adenocarcinoma	Poznan	NA	NA	NA	NA	NA	8	0	NA	NA	NA	13.76	0:DiseaseFree	NA	NA	NOT HISPANIC OR LATINO	NA	NO	2/1/13	0.1351	G3	NA	Stomach, Adenocarcinoma, Not Otherwise Specified (NOS)	No	No	No	C16.3	8140/3	C16.3	YES	2012	NO	NA	NA	NA	YES	7	22	NA	NA	NA	423	NA	NA	NO	NA	NA	NA	FALSE	STAD	13.76	0:LIVING	NA	17F63789-2EE3-4CD9-9273-5FA73662DB39	CCF13A30-82A8-4F83-910B-38F5E3160181	NA	TCGA-D7-A4YY.37C512BD-6804-4608-9D76-14D74FB3E07A.pdf	37C512BD-6804-4608-9D76-14D74FB3E07A	NA	Antrum/Distal	NA	YES	WHITE	YES	NO	R0	NO	NA	NA	1	160	Primary	1	Male	NA	Stomach	Matched	NA	NA	NA	NA	NA	NA	NA	NA	YES	NA	NA	D7	14.6666666667	NO	Stable Disease	NA	NA	NA	NA	NA	TUMOR FREE	NA	NA	NA	A	NA	NA	NA	NA	NA	NA	NA	NA	NA	NA	NA	NA	NA	NA	NA	NA	NA	NA	NA	NA	NA	NA	NA	NA	NA	NA	NA	NA	NA	NA	NA	NA	NA	NA	NA	NA	NA	NA	NA	NA	NA	NA	NA	NA	NA	NA	NA	NA	NA	NA	NA	NA	NA	NA	NA	NA	NA	NA	NA	NA	NA	NA	NA	NA	NA	NA	NA	NA
stad_tcga	TCGA-D7-A4Z0	TCGA-D7-A4Z0-01	60	NA	M0	N2	Stage IIB	7th	T2	No	NA	Esophagogastric Cancer	Mucinous Stomach Adenocarcinoma	Poznan	NA	NA	NA	NA	NA	38	0	NA	NA	NA	14.75	0:DiseaseFree	NA	NA	NOT HISPANIC OR LATINO	NA	NO	2/1/13	0.0378	G3	NA	Stomach, Intestinal Adenocarcinoma, Mucinous Type	No	No	No	C16.3	8480/3	C16.3	YES	2012	NO	NA	NA	NA	YES	3	10	NA	NA	NA	260	NA	NA	NO	NA	NA	NA	FALSE	MSTAD	14.75	0:LIVING	NA	DCE21359-004F-4E8B-89E4-9E1A30FAFFDF	17FE8CF0-FC98-4478-AB5E-58EAEAFF7AFF	NA	TCGA-D7-A4Z0.372DC7F5-D739-42B5-8899-CD22F6B219D8.pdf	372DC7F5-D739-42B5-8899-CD22F6B219D8	NA	Antrum/Distal	NA	YES	WHITE	YES	NA	R0	NO	NA	NA	1	130	Primary	1	Female	NA	Stomach	Matched	NA	NA	NA	NA	NA	NA	NA	NA	YES	NA	NA	D7	9.16666666667	NO	NA	NA	NA	NA	NA	NA	TUMOR FREE	NA	NA	NA	A	NA	NA	NA	NA	NA	NA	NA	NA	NA	NA	NA	NA	NA	NA	NA	NA	NA	NA	NA	NA	NA	NA	NA	NA	NA	NA	NA	NA	NA	NA	NA	NA	NA	NA	NA	NA	NA	NA	NA	NA	NA	NA	NA	NA	NA	NA	NA	NA	NA	NA	NA	NA	NA	NA	NA	NA	NA	NA	NA	NA	NA	NA	NA	NA	NA	NA	NA	NA
stad_tcga	TCGA-D7-A6ET	TCGA-D7-A6ET-01	76	NA	M0	N3a	Stage IIIB	7th	T3	No	NA	Esophagogastric Cancer	Tubular Stomach Adenocarcinoma	poznan	NA	NA	NA	NA	NA	139	0	NA	NA	NA	25.53	1:Recurred/Progressed	NA	NA	NOT HISPANIC OR LATINO	NA	NO	3/28/14	0.0001	G2	NA	Stomach, Intestinal Adenocarcinoma, Tubular Type	No	No	No	C16.1	8211/3	C16.1	YES	2012	NO	NA	NA	NA	YES	7	34	NA	NA	NA	33	NA	NA	NO	NA	NA	NA	TRUE	TSTAD	26.41	0:LIVING	NA	25C4448F-F3C5-41BF-854E-1AEB60696C78	5EF1D4B3-DF1D-4DCD-9344-03172F5E4A4B	NA	TCGA-D7-A6ET.F6E8B420-DEE1-4AAF-9BE6-F39279050E0B.pdf	F6E8B420-DEE1-4AAF-9BE6-F39279050E0B	NA	Fundus/Body	NA	YES	WHITE	NO	NO	R0	NO	NA	NA	1	330	Primary	1	Male	NA	Stomach	Matched	NA	NA	NA	NA	NA	NA	NA	NA	NO	NA	NA	D7	1.73333333333	NO	Complete Remission/Response	NA	NA	NA	wlkp	NA	TUMOR FREE	NA	NA	NA	A	NA	NA	NA	NA	NA	NA	NA	NA	NA	NA	NA	NA	NA	NA	NA	NA	NA	NA	NA	NA	NA	NA	NA	NA	NA	NA	NA	NA	NA	NA	NA	NA	NA	NA	NA	NA	NA	NA	NA	NA	NA	NA	NA	NA	NA	NA	NA	NA	NA	NA	NA	NA	NA	NA	NA	NA	NA	NA	NA	NA	NA	NA	NA	NA	NA	NA	NA	NA
stad_tcga	TCGA-D7-A6EV	TCGA-D7-A6EV-01	71	NA	M0	N2	Stage IIB	7th	T2	No	NA	Esophagogastric Cancer	Stomach Adenocarcinoma	poznan	NA	NA	NA	NA	NA	98	0	NA	NA	NA	11.24	0:DiseaseFree	NA	NA	NOT HISPANIC OR LATINO	NA	NO	3/28/14	0.2922	G3	NA	Stomach, Adenocarcinoma, Not Otherwise Specified (NOS)	No	No	No	C16.3	8140/3	C16.3	YES	2013	NO	NA	NA	NA	YES	3	17	NA	NA	NA	156	NA	NA	NO	NA	NA	NA	TRUE	STAD	11.24	0:LIVING	NA	72B10481-7B16-469F-B133-464609569ADF	2B60E4C2-28F7-4BAF-BDEC-28D0189F7B5A	NA	TCGA-D7-A6EV.2FFC6975-9EB5-438B-9799-8849D28D6A5F.pdf	2FFC6975-9EB5-438B-9799-8849D28D6A5F	NA	Antrum/Distal	NA	YES	WHITE	NO	NO	R0	NO	NA	NA	1	400	Primary	1	Female	NA	Stomach	Matched	NA	NA	NA	NA	NA	NA	NA	NA	NO	NA	NA	D7	9.26666666667	NO	Complete Remission/Response	NA	NA	NA	wlkp	NA	TUMOR FREE	NA	NA	NA	A	NA	NA	NA	NA	NA	NA	NA	NA	NA	NA	NA	NA	NA	NA	NA	NA	NA	NA	NA	NA	NA	NA	NA	NA	NA	NA	NA	NA	NA	NA	NA	NA	NA	NA	NA	NA	NA	NA	NA	NA	NA	NA	NA	NA	NA	NA	NA	NA	NA	NA	NA	NA	NA	NA	NA	NA	NA	NA	NA	NA	NA	NA	NA	NA	NA	NA	NA	NA
stad_tcga	TCGA-D7-A6EX	TCGA-D7-A6EX-01	72	NA	M0	N2	Stage IIIA	7th	T3	No	NA	Esophagogastric Cancer	Tubular Stomach Adenocarcinoma	poznan	NA	NA	NA	NA	NA	65	0	NA	NA	NA	11.3	0:DiseaseFree	NA	NA	NOT HISPANIC OR LATINO	NA	NO	3/28/14	0.7030	G3	NA	Stomach, Intestinal Adenocarcinoma, Tubular Type	No	No	No	C16.3	8211/3	C16.3	YES	2013	NO	NA	NA	NA	YES	4	10	NA	NA	NA	116	NA	NA	NO	NA	NA	NA	TRUE	TSTAD	11.3	0:LIVING	NA	1B391187-1D9A-4428-BA9A-EF1800F17D3E	DC6728A7-2CFB-4A3C-A540-036DFEEF4AB8	NA	TCGA-D7-A6EX.DB6157F1-ACB1-46AB-95EB-3B974173519A.pdf	DB6157F1-ACB1-46AB-95EB-3B974173519A	NA	Antrum/Distal	NA	YES	WHITE	NO	NO	R0	NO	NA	NA	1	120	Primary	1	Female	NA	Stomach	Matched	NA	NA	NA	NA	NA	NA	NA	NA	NO	NA	NA	D7	7.3	NO	Complete Remission/Response	NA	NA	NA	wlkp	NA	TUMOR FREE	NA	NA	NA	A	NA	NA	NA	NA	NA	NA	NA	NA	NA	NA	NA	NA	NA	NA	NA	NA	NA	NA	NA	NA	NA	NA	NA	NA	NA	NA	NA	NA	NA	NA	NA	NA	NA	NA	NA	NA	NA	NA	NA	NA	NA	NA	NA	NA	NA	NA	NA	NA	NA	NA	NA	NA	NA	NA	NA	NA	NA	NA	NA	NA	NA	NA	NA	NA	NA	NA	NA	NA
stad_tcga	TCGA-D7-A6EY	TCGA-D7-A6EY-01	72	NA	M0	N3a	Stage IIIB	7th	T3	No	NA	Esophagogastric Cancer	Tubular Stomach Adenocarcinoma	poznan	NA	NA	NA	NA	NA	63	0	NA	NA	NA	NA	NA	NA	NA	NOT HISPANIC OR LATINO	NA	NO	3/28/14	0.0580	G3	NA	Stomach, Intestinal Adenocarcinoma, Tubular Type	No	No	No	C16.3	8211/3	C16.3	YES	2013	NO	NA	NA	NA	YES	13	18	NA	NA	NA	1444	NA	NA	NO	NA	NA	NA	TRUE	TSTAD	11.43	1:DECEASED	NA	73BD696B-0F35-4F70-8888-8153B1BA9EE4	F6695E09-3165-4253-A3AA-F363FACFD4D0	NA	TCGA-D7-A6EY.0B0F87C3-A67F-423C-B940-76698B1DE632.pdf	0B0F87C3-A67F-423C-B940-76698B1DE632	Stomach Cancer	Antrum/Distal	NA	YES	WHITE	NO	NO	R0	NO	NA	NA	1	220	Primary	1	Female	NA	Stomach	Matched	NA	NA	NA	NA	NA	NA	NA	NA	NO	NA	NA	D7	88.9666666667	NO	Progressive Disease	NA	NA	NA	wlkp	NA	WITH TUMOR	NA	NA	NA	A	NA	NA	NA	NA	NA	NA	NA	NA	NA	NA	NA	NA	NA	NA	NA	NA	NA	NA	NA	NA	NA	NA	NA	NA	NA	NA	NA	NA	NA	NA	NA	NA	NA	NA	NA	NA	NA	NA	NA	NA	NA	NA	NA	NA	NA	NA	NA	NA	NA	NA	NA	NA	NA	NA	NA	NA	NA	NA	NA	NA	NA	NA	NA	NA	NA	NA	NA	NA
stad_tcga	TCGA-D7-A6EZ	TCGA-D7-A6EZ-01	66	NA	M0	N2	Stage IIIA	7th	T3	No	NA	Esophagogastric Cancer	Stomach Adenocarcinoma	poznan	NA	NA	NA	NA	NA	54	0	NA	NA	NA	NA	NA	NA	NA	NOT HISPANIC OR LATINO	NA	NO	3/28/14	0.2055	G3	NA	Stomach, Intestinal Adenocarcinoma, Not Otherwise Specified (NOS)	No	No	No	C16.1	8144/3	C16.1	YES	2013	NO	NA	NA	NA	YES	3	17	NA	NA	NA	254	NA	NA	NO	NA	NA	NA	TRUE	STAD	20.3	1:DECEASED	NA	263B18E1-5722-4650-B16B-DAC1961A3AF8	1E7061B7-1369-4EA2-9E07-23BE380C3D67	NA	TCGA-D7-A6EZ.F0E73D2B-60E7-4651-8986-92D4E123892A.pdf	F0E73D2B-60E7-4651-8986-92D4E123892A	NA	Fundus/Body	NA	YES	WHITE	NO	NO	R0	NO	NA	NA	1	300	Primary	1	Male	NA	Stomach	Matched	NA	NA	NA	NA	NA	NA	NA	NA	NO	NA	NA	D7	15.7333333333	NO	Complete Remission/Response	NA	NA	NA	wlkp	NA	TUMOR FREE	NA	NA	NA	A	NA	NA	NA	NA	NA	NA	NA	NA	NA	NA	NA	NA	NA	NA	NA	NA	NA	NA	NA	NA	NA	NA	NA	NA	NA	NA	NA	NA	NA	NA	NA	NA	NA	NA	NA	NA	NA	NA	NA	NA	NA	NA	NA	NA	NA	NA	NA	NA	NA	NA	NA	NA	NA	NA	NA	NA	NA	NA	NA	NA	NA	NA	NA	NA	NA	NA	NA	NA
stad_tcga	TCGA-D7-A6F0	TCGA-D7-A6F0-01	79	NA	M0	N0	Stage IB	7th	T2	No	NA	Esophagogastric Cancer	Stomach Adenocarcinoma	poznan	NA	NA	NA	NA	NA	35	0	NA	NA	NA	22.27	0:DiseaseFree	NA	NA	NOT HISPANIC OR LATINO	NA	NO	3/31/14	0.3847	G3	NA	Stomach, Intestinal Adenocarcinoma, Not Otherwise Specified (NOS)	No	No	No	C16.0	8144/3	C16.0	YES	2013	NO	NA	NA	NA	YES	0	17	NA	NA	NA	113	NA	NA	NO	NA	NA	NA	TRUE	STAD	22.27	0:LIVING	NA	B1FEE7AF-8030-4D93-94AC-6294683D4298	EA4886F6-BFA9-4B32-B373-CA33659AEFF7	NA	TCGA-D7-A6F0.05B4EA94-C05A-493F-862B-48310D4D4399.pdf	05B4EA94-C05A-493F-862B-48310D4D4399	NA	Cardia/Proximal	NA	YES	WHITE	NO	NO	R0	NO	NA	NA	1	250	Primary	1	Female	NA	Stomach	Matched	NA	NA	NA	NA	NA	NA	NA	NA	NO	NA	NA	D7	7.2	NO	Complete Remission/Response	NA	NA	NA	wlkp	NA	TUMOR FREE	NA	NA	NA	A	NA	NA	NA	NA	NA	NA	NA	NA	NA	NA	NA	NA	NA	NA	NA	NA	NA	NA	NA	NA	NA	NA	NA	NA	NA	NA	NA	NA	NA	NA	NA	NA	NA	NA	NA	NA	NA	NA	NA	NA	NA	NA	NA	NA	NA	NA	NA	NA	NA	NA	NA	NA	NA	NA	NA	NA	NA	NA	NA	NA	NA	NA	NA	NA	NA	NA	NA	NA
stad_tcga	TCGA-D7-A6F2	TCGA-D7-A6F2-01	62	NA	M0	N0	Stage IB	7th	T2	NA	NA	Esophagogastric Cancer	Tubular Stomach Adenocarcinoma	Poznan	NA	NA	NA	NA	NA	146	0	NA	NA	NA	15.64	0:DiseaseFree	NA	NA	NOT HISPANIC OR LATINO	NA	NO	4/7/14	0.4267	G3	NA	Stomach, Intestinal Adenocarcinoma, Tubular Type	No	No	NA	C16.1	8211/3	C16.1	YES	2012	NO	NA	NA	NA	YES	0	10	NA	NA	NA	79	NA	NA	NO	NA	NA	NA	TRUE	TSTAD	15.64	0:LIVING	NA	F4B1E633-38E6-4CC6-A0C6-911582D4066B	C4E4D0DA-E9C7-4147-A538-74179D65145E	NA	TCGA-D7-A6F2.60E461B5-221D-468F-90AA-045550148064.pdf	60E461B5-221D-468F-90AA-045550148064	NA	Fundus/Body	NA	YES	WHITE	NO	NO	R0	NO	NA	NA	1	70	Primary	1	Male	NA	Stomach	Matched	NA	NA	NA	NA	NA	NA	NA	NA	NO	NA	NA	D7	4.4	NO	Complete Remission/Response	NA	NA	NA	Wlkp	NA	TUMOR FREE	NA	NA	NA	A	NA	NA	NA	NA	NA	NA	NA	NA	NA	NA	NA	NA	NA	NA	NA	NA	NA	NA	NA	NA	NA	NA	NA	NA	NA	NA	NA	NA	NA	NA	NA	NA	NA	NA	NA	NA	NA	NA	NA	NA	NA	NA	NA	NA	NA	NA	NA	NA	NA	NA	NA	NA	NA	NA	NA	NA	NA	NA	NA	NA	NA	NA	NA	NA	NA	NA	NA	NA
stad_tcga	TCGA-D7-A747	TCGA-D7-A747-01	57	NA	M0	N1	Stage IIB	7th	T3	NA	NA	Esophagogastric Cancer	Diffuse Type Stomach Adenocarcinoma	poznan	NA	NA	NA	NA	NA	98	0	NA	NA	NA	NA	NA	NA	NA	NOT HISPANIC OR LATINO	NA	NO	4/7/14	0.0001	G3	NA	Stomach, Adenocarcinoma, Diffuse Type	No	No	NA	C16.3	8145/3	C16.3	YES	2013	NO	NA	NA	NA	YES	0	8	NA	NA	NA	96	NA	NA	NA	NA	NA	NA	FALSE	DSTAD	8.38	1:DECEASED	NA	37F93D19-C78F-4FBC-AFFB-5A2CCC84BE1B	5C1FC5A5-D6BC-4D11-9CBA-0A8441B2D77D	NA	TCGA-D7-A747.4AF2569D-B00E-4F78-A0A8-98141C34827C.pdf	4AF2569D-B00E-4F78-A0A8-98141C34827C	Stomach Cancer	Antrum/Distal	NA	YES	WHITE	NO	NO	R0	NO	NA	NA	1	130	Primary	1	Male	NA	Stomach	Matched	NA	NA	NA	NA	NA	NA	NA	NA	YES	NA	NA	D7	5.6	NO	Progressive Disease	NA	NA	NA	wlkp	NA	WITH TUMOR	NA	NA	NA	A	NA	NA	NA	NA	NA	NA	NA	NA	NA	NA	NA	NA	NA	NA	NA	NA	NA	NA	NA	NA	NA	NA	NA	NA	NA	NA	NA	NA	NA	NA	NA	NA	NA	NA	NA	NA	NA	NA	NA	NA	NA	NA	NA	NA	NA	NA	NA	NA	NA	NA	NA	NA	NA	NA	NA	NA	NA	NA	NA	NA	NA	NA	NA	NA	NA	NA	NA	NA
stad_tcga	TCGA-D7-A748	TCGA-D7-A748-01	41	NA	M1	N3	Stage IV	7th	T4a	NA	NA	Esophagogastric Cancer	Diffuse Type Stomach Adenocarcinoma	poznan	NA	NA	NA	NA	NA	57	0	NA	NA	NA	3.25	1:Recurred/Progressed	NA	NA	NOT HISPANIC OR LATINO	NA	NO	4/7/14	0.0217	G3	NA	Stomach, Adenocarcinoma, Diffuse Type	No	No	NA	C16.1	8145/3	C16.1	YES	2013	NO	NA	NA	NA	YES	12	16	NA	NA	NA	41	NA	NA	YES	NA	NA	NA	FALSE	DSTAD	4.34	1:DECEASED	NA	BF0F1735-F94D-4B82-8F91-2FD2BAC80E32	308BCA2D-6E27-4DA9-9A07-B0EB88437953	NA	TCGA-D7-A748.F38EE87F-1678-4E70-A003-9CDCFEC813D4.pdf	F38EE87F-1678-4E70-A003-9CDCFEC813D4	Stomach Cancer	Fundus/Body	NA	YES	WHITE	YES	NA	R0	NO	NA	NA	1	320	Primary	1	Female	NA	Stomach	Matched	NA	NA	NA	NA	NA	NA	NA	NA	YES	NA	NA	D7	2.43333333333	NA	Progressive Disease	NA	NA	NA	wlkp	NA	WITH TUMOR	NA	NA	NA	A	NA	NA	NA	NA	NA	NA	NA	NA	NA	NA	NA	NA	NA	NA	NA	NA	NA	NA	NA	NA	NA	NA	NA	NA	NA	NA	NA	NA	NA	NA	NA	NA	NA	NA	NA	NA	NA	NA	NA	NA	NA	NA	NA	NA	NA	NA	NA	NA	NA	NA	NA	NA	NA	NA	NA	NA	NA	NA	NA	NA	NA	NA	NA	NA	NA	NA	NA	NA
stad_tcga	TCGA-D7-A74A	TCGA-D7-A74A-01	61	NA	M0	N2	Stage IIIA	7th	T3	No	NA	Esophagogastric Cancer	Tubular Stomach Adenocarcinoma	poznan	NA	NA	NA	NA	NA	29	0	NA	NA	NA	19.94	0:DiseaseFree	NA	NA	NOT HISPANIC OR LATINO	NA	NO	3/31/14	0.5775	G2	NA	Stomach, Intestinal Adenocarcinoma, Tubular Type	No	No	No	C16.0	8144/3	C16.0	YES	2013	NO	NA	NA	NA	YES	4	11	NA	NA	NA	122	NA	NA	NO	NA	NA	NA	FALSE	TSTAD	19.94	0:LIVING	NA	40837A4D-7931-497C-A6BF-6A661813C443	9C0D48A6-99F0-4084-8A9B-4D82E3E4ED26	NA	TCGA-D7-A74A.EAC25D89-5FB9-4B88-A5AD-9C5A6FD227AD.pdf	EAC25D89-5FB9-4B88-A5AD-9C5A6FD227AD	NA	Cardia/Proximal	NA	YES	WHITE	NO	NO	R0	NO	NA	NA	1	30	Primary	1	Female	NA	Stomach	Matched	NA	NA	NA	NA	NA	NA	NA	NA	NO	NA	NA	D7	8.06666666667	NO	Complete Remission/Response	NA	NA	NA	wlkp	NA	TUMOR FREE	NA	NA	NA	A	NA	NA	NA	NA	NA	NA	NA	NA	NA	NA	NA	NA	NA	NA	NA	NA	NA	NA	NA	NA	NA	NA	NA	NA	NA	NA	NA	NA	NA	NA	NA	NA	NA	NA	NA	NA	NA	NA	NA	NA	NA	NA	NA	NA	NA	NA	NA	NA	NA	NA	NA	NA	NA	NA	NA	NA	NA	NA	NA	NA	NA	NA	NA	NA	NA	NA	NA	NA
stad_tcga	TCGA-D7-A74B	TCGA-D7-A74B-01	52	NA	M0	N3	Stage IIIB	7th	T3	No	NA	Esophagogastric Cancer	Diffuse Type Stomach Adenocarcinoma	pozna?	NA	NA	NA	NA	NA	16	0	NA	NA	NA	5.72	1:Recurred/Progressed	NA	NA	NOT HISPANIC OR LATINO	NA	NO	3/31/14	0.0029	G3	NA	Stomach, Adenocarcinoma, Diffuse Type	No	No	No	C16.1	8145/3	C16.1	YES	2013	NO	NA	NA	NA	YES	13	22	NA	NA	NA	33	NA	NA	YES	NA	NA	NA	FALSE	DSTAD	7.13	1:DECEASED	NA	ED3BF1DD-50E4-4ABF-8E04-BC1A97C493B3	C43547BA-41CF-4EE2-B149-88294F7E739A	NA	TCGA-D7-A74B.DCF03F04-DD9B-40EB-BFB3-0BFFBD028E3D.pdf	DCF03F04-DD9B-40EB-BFB3-0BFFBD028E3D	Stomach Cancer	Fundus/Body	NA	YES	WHITE	NO	NO	R0	NO	NA	NA	1	70	Primary	1	Female	NA	Stomach	Matched	NA	NA	NA	NA	NA	NA	NA	NA	NO	NA	NA	D7	1.53333333333	NO	Progressive Disease	NA	NA	NA	wlkp	NA	WITH TUMOR	NA	NA	NA	A	NA	NA	NA	NA	NA	NA	NA	NA	NA	NA	NA	NA	NA	NA	NA	NA	NA	NA	NA	NA	NA	NA	NA	NA	NA	NA	NA	NA	NA	NA	NA	NA	NA	NA	NA	NA	NA	NA	NA	NA	NA	NA	NA	NA	NA	NA	NA	NA	NA	NA	NA	NA	NA	NA	NA	NA	NA	NA	NA	NA	NA	NA	NA	NA	NA	NA	NA	NA
stad_tcga	TCGA-EQ-5647	TCGA-EQ-5647-01	86	NA	M1	N3	Stage IV	7th	T4	No	NA	Esophagogastric Cancer	Stomach Adenocarcinoma	Newark	NA	NA	NA	NA	NA	NA	0	NA	NA	NA	NA	NA	NA	NA	NOT HISPANIC OR LATINO	NA	NO	5/6/11	0.5804	G2	NA	Stomach, Adenocarcinoma, Not Otherwise Specified (NOS)	No	No	No	C16.3	8140/3	C16.3	YES	2010	NO	NA	NA	1.6	YES	8	10	NA	NA	NA	69	NA	NA	NA	NA	NA	NA	NA	STAD	0.62	1:DECEASED	NA	2d291fa3-f0fd-4bc1-91a6-783863714190	400fed84-fe61-4f7a-9dcc-6c32131106cd	NA	TCGA-EQ-5647.d455b2b8-30f2-49c7-8a1a-c624ad2fa3ca.pdf	d455b2b8-30f2-49c7-8a1a-c624ad2fa3ca	NA	Antrum/Distal	NA	YES	WHITE	NA	NO	R2	NO	NA	NA	1	NA	Primary	1	Female	0.5	Stomach	Matched	NA	NA	1	NA	NA	NA	NA	NA	NA	NA	NA	EQ	2.36666666667	YES	NA	Proton Pump Inhibitors	NA	NA	Delaware/ USA	NA	WITH TUMOR	NA	NA	NA	A	NA	NA	NA	NA	NA	NA	NA	NA	NA	NA	NA	NA	NA	NA	NA	NA	NA	NA	NA	NA	NA	NA	NA	NA	NA	NA	NA	NA	NA	NA	NA	NA	NA	NA	NA	NA	NA	NA	NA	NA	NA	NA	NA	NA	NA	NA	NA	NA	NA	NA	NA	NA	NA	NA	NA	NA	NA	NA	NA	NA	NA	NA	NA	NA	NA	NA	NA	NA
stad_tcga	TCGA-EQ-8122	TCGA-EQ-8122-01	71	NA	MX	N1	Stage IIB	7th	T3	NA	NA	Esophagogastric Cancer	Stomach Adenocarcinoma	NA	NA	NA	NA	NA	NA	NA	0	NA	NA	NA	NA	NA	NA	NA	NOT HISPANIC OR LATINO	NA	NA	6/13/12	0.6235	G3	NA	Stomach, Intestinal Adenocarcinoma, Not Otherwise Specified (NOS)	No	No	NA	C16.3	8144/3	C16.3	YES	2011	NO	NA	NA	0.9	YES	2	19	NA	NA	NA	164	NA	NA	NA	NA	NA	NA	NA	STAD	7.98	1:DECEASED	NA	4e921bc8-df5d-4f54-93d1-d5a433f91bdb	ecf749e3-3249-41fb-a8bb-2f1b4da1492b	NA	TCGA-EQ-8122.c8c33bd6-b0ed-474f-afa7-e46d0edb03fe.pdf	c8c33bd6-b0ed-474f-afa7-e46d0edb03fe	NA	Antrum/Distal	NA	YES	WHITE	YES	NA	NA	NO	NA	NA	1	NA	Primary	1	Female	0.5	Stomach	Matched	NA	NA	0.7	NA	NA	NA	NA	NA	YES	NA	NA	EQ	5.6	NA	NA	NA	NA	NA	United States	NA	NA	NA	NA	NA	A	NA	NA	NA	NA	NA	NA	NA	NA	NA	NA	NA	NA	NA	NA	NA	NA	NA	NA	NA	NA	NA	NA	NA	NA	NA	NA	NA	NA	NA	NA	NA	NA	NA	NA	NA	NA	NA	NA	NA	NA	NA	NA	NA	NA	NA	NA	NA	NA	NA	NA	NA	NA	NA	NA	NA	NA	NA	NA	NA	NA	NA	NA	NA	NA	NA	NA	NA	NA
stad_tcga	TCGA-EQ-A4SO	TCGA-EQ-A4SO-01	70	NA	MX	N1	Stage IIIB	7th	T4b	No	NA	Esophagogastric Cancer	Stomach Adenocarcinoma	Newark	NA	NA	NA	NA	NA	132	0	NA	NA	NA	16.23	0:DiseaseFree	NA	NA	NOT HISPANIC OR LATINO	NA	NO	2/20/13	0.3299	G2	NA	NA	No	Yes, History of Prior Malignancy	No	C16.3	8144/3	C16.3	YES	2012	NO	NA	NA	NA	YES	1	20	NA	NA	NA	175	NA	NA	NO	NA	NA	NA	FALSE	STAD	16.23	0:LIVING	NA	FE1AD544-3189-4495-86BE-0C68F3234238	4C54B20B-3411-4D4F-8A0D-A33AEB0F736D	NA	TCGA-EQ-A4SO.6867386B-4C62-4442-950D-6E6E8EC3FBCB.pdf	6867386B-4C62-4442-950D-6E6E8EC3FBCB	NA	Antrum/Distal	NA	YES	WHITE	YES	YES	R0	NO	NA	NA	1	800	Primary	1	Male	NA	Stomach	Matched	NA	NA	NA	NA	NA	NA	NA	NA	YES	NA	NA	EQ	5.93333333333	YES	NA	Proton Pump Inhibitors	NA	NA	Delaware	NA	TUMOR FREE	NA	NA	NA	A	NA	NA	NA	NA	NA	NA	NA	NA	NA	NA	NA	NA	NA	NA	NA	NA	NA	NA	NA	NA	NA	NA	NA	NA	NA	NA	NA	NA	NA	NA	NA	NA	NA	NA	NA	NA	NA	NA	NA	NA	NA	NA	NA	NA	NA	NA	NA	NA	NA	NA	NA	NA	NA	NA	NA	NA	NA	NA	NA	NA	NA	NA	NA	NA	NA	NA	NA	NA
stad_tcga	TCGA-F1-6177	TCGA-F1-6177-01	90	NA	MX	N1	Stage I	6th	T1b	No	NA	Esophagogastric Cancer	Stomach Adenocarcinoma	Chapel Hill	NA	NA	NA	NA	NA	NA	0	NA	NA	NA	NA	NA	NA	NA	NOT HISPANIC OR LATINO	NA	NO	7/8/11	0.1034	G2	NA	Stomach, Adenocarcinoma, Not Otherwise Specified (NOS)	No	Yes	No	C16.3	8140/3	C16.3	YES	2009	NO	NA	NA	0.8	YES	2	7	NA	NA	NA	1311	NA	NA	NA	NA	NA	NA	NA	STAD	NA	1:DECEASED	NA	c3cba26e-38c2-4569-afd6-6b045e604808	0538efde-935d-4571-a200-b181ab622447	NA	TCGA-F1-6177.b95a02bc-e973-4642-a50d-7ee5f8f07559.pdf	b95a02bc-e973-4642-a50d-7ee5f8f07559	NA	Antrum/Distal	NA	NO	BLACK OR AFRICAN AMERICAN	NA	NO	R0	YES	NA	NA	1	NA	Primary	1	Male	0.2	Stomach	Matched	NA	NA	0.5	NA	NA	NA	NA	NA	NA	NA	NA	F1	45.2333333333	NO	NA	NA	NA	NA	North Carolina	NA	TUMOR FREE	NA	NA	NA	A	NA	NA	NA	NA	NA	NA	NA	NA	NA	NA	NA	NA	NA	NA	NA	NA	NA	NA	NA	NA	NA	NA	NA	NA	NA	NA	NA	NA	NA	NA	NA	NA	NA	NA	NA	NA	NA	NA	NA	NA	NA	NA	NA	NA	NA	NA	NA	NA	NA	NA	NA	NA	NA	NA	NA	NA	NA	NA	NA	NA	NA	NA	NA	NA	NA	NA	NA	NA
stad_tcga	TCGA-F1-6874	TCGA-F1-6874-01	79	NA	M0	N0	Stage IB	7th	T2	No	NA	Esophagogastric Cancer	Stomach Adenocarcinoma	Chapel Hill	NA	NA	NA	NA	NA	NA	0	NA	NA	NA	14.45	0:DiseaseFree	NA	NA	NOT HISPANIC OR LATINO	NA	NO	8/4/11	0.0857	G3	NA	Stomach, Intestinal Adenocarcinoma, Not Otherwise Specified (NOS)	No	No	No	C16.0	8144/3	C16.0	YES	2011	NO	NA	NA	1.7	YES	0	38	NA	NA	NA	847	NA	NA	NA	NA	NA	NA	NA	STAD	14.45	0:LIVING	NA	106f3344-f699-4b2c-8f62-4ac6c948dde4	c28febb9-e845-462f-b6a0-cb565ee6a049	NA	TCGA-F1-6874.e35b2a11-041e-4e6d-85e6-c04d759c30a0.pdf	e35b2a11-041e-4e6d-85e6-c04d759c30a0	NA	Cardia/Proximal	NA	YES	WHITE	NA	NO	R0	NO	NA	NA	1	NA	Primary	1	Male	0.6	Stomach	Matched	NA	NA	0.9	NA	NA	NA	NA	NA	NA	NA	NA	F1	29.2666666667	NO	NA	NA	NA	NA	North Carolina	NA	TUMOR FREE	NA	NA	NA	A	NA	NA	NA	NA	NA	NA	NA	NA	NA	NA	NA	NA	NA	NA	NA	NA	NA	NA	NA	NA	NA	NA	NA	NA	NA	NA	NA	NA	NA	NA	NA	NA	NA	NA	NA	NA	NA	NA	NA	NA	NA	NA	NA	NA	NA	NA	NA	NA	NA	NA	NA	NA	NA	NA	NA	NA	NA	NA	NA	NA	NA	NA	NA	NA	NA	NA	NA	NA
stad_tcga	TCGA-F1-6875	TCGA-F1-6875-01	79	NA	M0	N0	Stage IA	4th	T2	NA	NA	Esophagogastric Cancer	Stomach Adenocarcinoma	Chapel Hill	NA	NA	NA	NA	NA	NA	0	NA	NA	NA	NA	NA	NA	NA	NOT HISPANIC OR LATINO	NA	NA	10/10/11	0.5102	G2	NA	Stomach, Adenocarcinoma, Not Otherwise Specified (NOS)	No	No	NA	C16.3	8140/3	C16.3	YES	1996	NO	NA	NA	1.5	YES	0	17	NA	NA	NA	79	NA	NA	NA	NA	NA	NA	NA	STAD	72.17	1:DECEASED	NA	283776cd-32e8-4a79-bed1-1411c9d3a9e0	4e5fdd56-c807-4493-a331-359577c31514	NA	TCGA-F1-6875.d87e2373-341e-47be-86af-102c540d8f00.pdf	d87e2373-341e-47be-86af-102c540d8f00	NA	Antrum/Distal	NA	NO	BLACK OR AFRICAN AMERICAN	NA	NA	R0	YES	NA	NA	1	NA	Primary	1	Male	0.3	Stomach	Matched	NA	NA	0.5	NA	NA	NA	NA	NA	NA	NA	NA	F1	2.7	NA	NA	NA	NA	NA	NC	NA	TUMOR FREE	NA	NA	NA	A	NA	NA	NA	NA	NA	NA	NA	NA	NA	NA	NA	NA	NA	NA	NA	NA	NA	NA	NA	NA	NA	NA	NA	NA	NA	NA	NA	NA	NA	NA	NA	NA	NA	NA	NA	NA	NA	NA	NA	NA	NA	NA	NA	NA	NA	NA	NA	NA	NA	NA	NA	NA	NA	NA	NA	NA	NA	NA	NA	NA	NA	NA	NA	NA	NA	NA	NA	NA
stad_tcga	TCGA-F1-A448	TCGA-F1-A448-01	70	NA	M0	N3b	Stage IIIB	7th	T3	No	NA	Esophagogastric Cancer	Mucinous Stomach Adenocarcinoma	Chapel Hill	NA	NA	NA	NA	NA	216	0	NA	NA	NA	21.25	0:DiseaseFree	NA	NA	HISPANIC OR LATINO	NA	NO	10/31/12	0.0500	G3	NA	Stomach, Intestinal Adenocarcinoma, Mucinous Type	No	No	No	C16.3	8480/3	C16.3	YES	2012	NO	NA	NA	NA	YES	18	61	NA	NA	NA	617	NA	NA	NO	NA	NA	NA	FALSE	MSTAD	21.25	0:LIVING	NA	CCA74404-CD91-4A69-AE09-BFB5D9142D3D	2AED9994-8975-4368-9B0D-970AB23EC88A	NA	TCGA-F1-A448.061E27C3-B7C0-45B9-B3AA-A4FB9D41999D.pdf	061E27C3-B7C0-45B9-B3AA-A4FB9D41999D	NA	Antrum/Distal	NA	YES	WHITE	YES	NO	R0	NO	NA	NA	1	460	Primary	1	Male	NA	Stomach	Matched	NA	NA	NA	NA	NA	NA	NA	NA	YES	NA	NA	F1	21.0666666667	NO	Complete Remission/Response	NA	NA	NA	NC	NA	TUMOR FREE	NA	NA	NA	A	NA	NA	NA	NA	NA	NA	NA	NA	NA	NA	NA	NA	NA	NA	NA	NA	NA	NA	NA	NA	NA	NA	NA	NA	NA	NA	NA	NA	NA	NA	NA	NA	NA	NA	NA	NA	NA	NA	NA	NA	NA	NA	NA	NA	NA	NA	NA	NA	NA	NA	NA	NA	NA	NA	NA	NA	NA	NA	NA	NA	NA	NA	NA	NA	NA	NA	NA	NA
stad_tcga	TCGA-F1-A72C	TCGA-F1-A72C-01	68	NA	M0	N0	Stage IIA	7th	T3	No	NA	Esophagogastric Cancer	Stomach Adenocarcinoma	Chapel Hill	NA	NA	NA	NA	NA	115	0	NA	NA	NA	11.27	1:Recurred/Progressed	NA	NA	NOT HISPANIC OR LATINO	NA	YES	12/9/13	0.3257	G2	NA	Stomach, Intestinal Adenocarcinoma, Not Otherwise Specified (NOS)	No	No	No	C16.9	8144/3	C16.9	YES	2013	NO	NA	NA	NA	YES	0	13	NA	NA	NA	53	NA	NA	NO	NA	1	NA	FALSE	STAD	11.37	0:LIVING	NA	5C76CB89-B1B1-4910-B811-E44D3B277430	8BE1E827-C806-4A7A-B84C-9FCE01570FB2	NA	TCGA-F1-A72C.92332E07-96A1-4399-8348-E670E8A67CE9.pdf	92332E07-96A1-4399-8348-E670E8A67CE9	NA	Antrum/Distal	NA	YES	ASIAN	NO	NO	R0	NO	NA	NA	1	220	Primary	1	Male	NA	Stomach	Matched	NA	NA	NA	NA	NA	NA	NA	NA	YES	NA	NA	F1	2.96666666667	NO	Complete Remission/Response	NA	NA	NA	NC	NA	TUMOR FREE	NA	NA	NA	A	NA	NA	NA	NA	NA	NA	NA	NA	NA	NA	NA	NA	NA	NA	NA	NA	NA	NA	NA	NA	NA	NA	NA	NA	NA	NA	NA	NA	NA	NA	NA	NA	NA	NA	NA	NA	NA	NA	NA	NA	NA	NA	NA	NA	NA	NA	NA	NA	NA	NA	NA	NA	NA	NA	NA	NA	NA	NA	NA	NA	NA	NA	NA	NA	NA	NA	NA	NA
stad_tcga	TCGA-FP-7735	TCGA-FP-7735-01	77	NA	MX	N0	Stage IB	7th	T2	NA	NA	Esophagogastric Cancer	Stomach Adenocarcinoma	Tyler	NA	NA	NA	NA	NA	NA	0	NA	NA	NA	NA	NA	NA	NA	NOT HISPANIC OR LATINO	NA	NA	3/9/12	0.4249	G2	NA	Stomach, Adenocarcinoma, Not Otherwise Specified (NOS)	No	No	NA	C16.0	8140/3	C16.0	YES	2011	NO	NA	NA	0.5	YES	0	18	NA	NA	NA	62	NA	NA	NA	NA	NA	NA	NA	STAD	3.48	1:DECEASED	NA	1d43af3c-4279-4aed-9ced-ce3896a48ae0	621969cc-011d-4eb3-b16c-748c6301e38f	NA	TCGA-FP-7735.1dbae53f-f151-4cc5-81bf-f684dfdb71ca.pdf	1dbae53f-f151-4cc5-81bf-f684dfdb71ca	NA	Fundus/Body	NA	YES	BLACK OR AFRICAN AMERICAN	NA	YES	R0	NO	NA	NA	1	NA	Primary	1	Male	0.2	Stomach	Matched	NA	NA	0.3	NA	NA	NA	NA	NA	NA	NA	NA	FP	2.1	YES	NA	Proton Pump Inhibitors	NA	NA	Texas, USA	NA	TUMOR FREE	NA	NA	NA	A	NA	NA	NA	NA	NA	NA	NA	NA	NA	NA	NA	NA	NA	NA	NA	NA	NA	NA	NA	NA	NA	NA	NA	NA	NA	NA	NA	NA	NA	NA	NA	NA	NA	NA	NA	NA	NA	NA	NA	NA	NA	NA	NA	NA	NA	NA	NA	NA	NA	NA	NA	NA	NA	NA	NA	NA	NA	NA	NA	NA	NA	NA	NA	NA	NA	NA	NA	NA
stad_tcga	TCGA-FP-7829	TCGA-FP-7829-01	69	NA	M0	N1	Stage IIB	7th	T3	NA	NA	Esophagogastric Cancer	Mucinous Stomach Adenocarcinoma	Minneapolis	NA	NA	NA	NA	NA	NA	0	NA	NA	NA	19.51	0:DiseaseFree	NA	NA	NOT HISPANIC OR LATINO	NA	NA	3/9/12	0.5793	G2	NA	Stomach, Intestinal Adenocarcinoma, Mucinous Type	No	No	NA	C16.0	8480/3	C16.0	YES	2011	NO	NA	NA	0.4	YES	2	17	NA	NA	NA	208	NA	NA	NA	NA	NA	NA	NA	MSTAD	19.51	0:LIVING	NA	45aacbb4-0fd8-431c-a57b-279ea57a19fc	d5912338-57dd-48f8-aacc-6f3e75a946f4	NA	TCGA-FP-7829.7ade7a91-922a-4abb-a80c-aa2b70e438d2.pdf	7ade7a91-922a-4abb-a80c-aa2b70e438d2	NA	Gastroesophageal Junction	NA	YES	WHITE	NA	NA	R0	NO	NA	NA	1	NA	Primary	1	Male	0.3	Stomach	Matched	NA	NA	0.3	NA	NA	NA	NA	NA	NA	NA	NA	FP	7.33333333333	NA	NA	NA	NA	NA	Minnesota, USA	NA	TUMOR FREE	NA	NA	NA	A	NA	NA	NA	NA	NA	NA	NA	NA	NA	NA	NA	NA	NA	NA	NA	NA	NA	NA	NA	NA	NA	NA	NA	NA	NA	NA	NA	NA	NA	NA	NA	NA	NA	NA	NA	NA	NA	NA	NA	NA	NA	NA	NA	NA	NA	NA	NA	NA	NA	NA	NA	NA	NA	NA	NA	NA	NA	NA	NA	NA	NA	NA	NA	NA	NA	NA	NA	NA
stad_tcga	TCGA-FP-7916	TCGA-FP-7916-01	77	NA	MX	N3a	Stage IIIC	7th	T4a	NA	NA	Esophagogastric Cancer	Diffuse Type Stomach Adenocarcinoma	Tucson	NA	NA	NA	NA	NA	NA	0	NA	NA	NA	NA	NA	NA	NA	NOT HISPANIC OR LATINO	NA	NA	4/20/12	0.0410	G3	NA	Stomach, Adenocarcinoma, Diffuse Type	No	No	NA	C16.3	8145/3	C16.3	YES	2011	NO	NA	NA	1	YES	10	20	NA	NA	NA	95	NA	NA	NA	NA	NA	NA	NA	DSTAD	14.06	1:DECEASED	NA	d384dd0c-1947-4ffc-bee9-de38311d8249	b1361366-73cf-49a9-9811-807f22509315	NA	TCGA-FP-7916.e815280e-0893-4a06-8a62-b123461aba6f.pdf	e815280e-0893-4a06-8a62-b123461aba6f	NA	Antrum/Distal	NA	YES	ASIAN	NA	NA	NA	NO	NA	NA	1	NA	Primary	1	Male	0.3	Stomach	Matched	NA	NA	0.7	NA	NA	NA	NA	NA	NA	NA	NA	FP	3.33333333333	NA	NA	NA	NA	NA	AZ/USA	NA	WITH TUMOR	NA	NA	NA	A	NA	NA	NA	NA	NA	NA	NA	NA	NA	NA	NA	NA	NA	NA	NA	NA	NA	NA	NA	NA	NA	NA	NA	NA	NA	NA	NA	NA	NA	NA	NA	NA	NA	NA	NA	NA	NA	NA	NA	NA	NA	NA	NA	NA	NA	NA	NA	NA	NA	NA	NA	NA	NA	NA	NA	NA	NA	NA	NA	NA	NA	NA	NA	NA	NA	NA	NA	NA
stad_tcga	TCGA-FP-7998	TCGA-FP-7998-01	77	NA	MX	N3a	Stage IIIC	7th	T4a	NA	NA	Esophagogastric Cancer	Diffuse Type Stomach Adenocarcinoma	Tucson	NA	NA	NA	NA	NA	NA	0	NA	NA	NA	22.27	0:DiseaseFree	NA	NA	HISPANIC OR LATINO	NA	NA	5/7/12	0.0231	G3	NA	Stomach, Adenocarcinoma, Diffuse Type	No	No	NA	C16.2	8145/3	C16.2	YES	2011	NO	NA	NA	0.8	YES	14	30	NA	NA	NA	62	NA	NA	NO	NA	NA	NA	NA	DSTAD	22.27	0:LIVING	NA	b2e2d35c-7a79-4165-97a5-82d5c37d94f2	0a95bd32-539e-43f3-9694-a7d033a6fa84	NA	TCGA-FP-7998.5ee15a33-e601-4ff9-ba38-3f0ae949b781.pdf	5ee15a33-e601-4ff9-ba38-3f0ae949b781	NA	Fundus/Body	NA	YES	WHITE	NA	NA	R0	NO	NA	NA	1	NA	Primary	1	Male	0.4	Stomach	Matched	NA	NA	0.6	NA	NA	NA	NA	NA	NA	NA	NA	FP	2.03333333333	NA	NA	NA	NA	NA	United States	NA	NA	NA	NA	NA	A	NA	NA	NA	NA	NA	NA	NA	NA	NA	NA	NA	NA	NA	NA	NA	NA	NA	NA	NA	NA	NA	NA	NA	NA	NA	NA	NA	NA	NA	NA	NA	NA	NA	NA	NA	NA	NA	NA	NA	NA	NA	NA	NA	NA	NA	NA	NA	NA	NA	NA	NA	NA	NA	NA	NA	NA	NA	NA	NA	NA	NA	NA	NA	NA	NA	NA	NA	NA
stad_tcga	TCGA-FP-8099	TCGA-FP-8099-01	79	NA	MX	N0	Stage IIA	7th	T3	NA	NA	Esophagogastric Cancer	Stomach Adenocarcinoma	Muskegon	NA	NA	NA	NA	NA	NA	0	NA	NA	NA	17.05	0:DiseaseFree	NA	NA	NOT HISPANIC OR LATINO	NA	NA	12/3/12	0.4272	G2	NA	Stomach, Adenocarcinoma, Not Otherwise Specified (NOS)	No	No	NA	C16.0	8140/3	C16.0	YES	2011	NO	NA	NA	0.6	YES	0	13	NA	NA	NA	130	NA	NA	NO	NA	NA	NA	NA	STAD	17.05	0:LIVING	NA	5956529e-f359-47c9-8222-0bd7f68c1e65	18c474ca-2389-4f75-a796-b0efdad03add	NA	TCGA-FP-8099.797b88f4-68e9-407b-ba30-fef487f69e31.pdf	797b88f4-68e9-407b-ba30-fef487f69e31	NA	Gastroesophageal Junction	NA	YES	WHITE	NA	NA	R0	NO	NA	NA	1	NA	Primary	1	Male	0.2	Stomach	Matched	NA	NA	0.4	NA	NA	NA	NA	NA	NA	NA	NA	FP	4.56666666667	NA	NA	NA	NA	NA	Michigan	NA	NA	NA	NA	NA	A	NA	NA	NA	NA	NA	NA	NA	NA	NA	NA	NA	NA	NA	NA	NA	NA	NA	NA	NA	NA	NA	NA	NA	NA	NA	NA	NA	NA	NA	NA	NA	NA	NA	NA	NA	NA	NA	NA	NA	NA	NA	NA	NA	NA	NA	NA	NA	NA	NA	NA	NA	NA	NA	NA	NA	NA	NA	NA	NA	NA	NA	NA	NA	NA	NA	NA	NA	NA
stad_tcga	TCGA-FP-8209	TCGA-FP-8209-01	49	NA	M0	N0	Stage IB	6th	T2a	NA	NA	Esophagogastric Cancer	Diffuse Type Stomach Adenocarcinoma	Indianapolis	NA	NA	NA	NA	NA	NA	0	NA	NA	NA	55.06	1:Recurred/Progressed	NA	NA	NOT HISPANIC OR LATINO	NA	NO	6/17/12	0.0000	G3	NA	Stomach, Adenocarcinoma, Diffuse Type	No	No	NA	C16.3	8145/3	C16.3	YES	2005	NO	NA	NA	1.1	YES	0	5	NA	NA	NA	17	NA	NA	YES	NA	NA	NA	NA	DSTAD	59.49	1:DECEASED	NA	233cb00f-b470-47fb-ad93-2a1597655ed6	2bb47b77-02ff-4661-a6db-6bc4a408438c	NA	TCGA-FP-8209.e54f7f39-ea04-4149-b319-93a60b91cf86.pdf	e54f7f39-ea04-4149-b319-93a60b91cf86	Stomach Cancer	Antrum/Distal	NA	NO	WHITE	YES	YES	R0	YES	NA	NA	1	NA	Primary	1	Male	0.4	Stomach	Matched	NA	NA	0.7	NA	NA	NA	NA	NA	YES	NA	NA	FP	0.6	YES	Complete Remission/Response	Proton Pump Inhibitors	NA	NA	United States	NA	WITH TUMOR	NA	NA	NA	A	NA	NA	NA	NA	NA	NA	NA	NA	NA	NA	NA	NA	NA	NA	NA	NA	NA	NA	NA	NA	NA	NA	NA	NA	NA	NA	NA	NA	NA	NA	NA	NA	NA	NA	NA	NA	NA	NA	NA	NA	NA	NA	NA	NA	NA	NA	NA	NA	NA	NA	NA	NA	NA	NA	NA	NA	NA	NA	NA	NA	NA	NA	NA	NA	NA	NA	NA	NA
stad_tcga	TCGA-FP-8210	TCGA-FP-8210-01	48	NA	M0	N1	Stage IIIA	6th	T3	NA	NA	Esophagogastric Cancer	Diffuse Type Stomach Adenocarcinoma	Indianapolis	NA	NA	NA	NA	NA	NA	0	NA	NA	NA	NA	NA	NA	NA	NOT HISPANIC OR LATINO	NA	NO	6/16/12	0.0000	G3	NA	Stomach, Adenocarcinoma, Diffuse Type	No	No	NA	C16.3	8145/3	C16.3	YES	2006	NO	NA	NA	0.9	YES	3	23	NA	NA	NA	9	NA	NA	NO	NA	NA	NA	NA	DSTAD	5.03	1:DECEASED	NA	92654ad8-156c-4dd1-862e-dc339240d721	e865313f-f782-4c55-a793-131b8168c0d9	NA	TCGA-FP-8210.e5cb3f23-7cf4-402f-8072-03766043b04a.pdf	e5cb3f23-7cf4-402f-8072-03766043b04a	Stomach Cancer	Antrum/Distal	NA	NO	ASIAN	YES	YES	NA	YES	NA	NA	1	NA	Primary	1	Male	0.4	Stomach	Matched	NA	NA	0.8	NA	NA	NA	NA	NA	YES	NA	NA	FP	0.333333333333	YES	Progressive Disease	Proton Pump Inhibitors	NA	NA	United States	NA	WITH TUMOR	NA	NA	NA	A	NA	NA	NA	NA	NA	NA	NA	NA	NA	NA	NA	NA	NA	NA	NA	NA	NA	NA	NA	NA	NA	NA	NA	NA	NA	NA	NA	NA	NA	NA	NA	NA	NA	NA	NA	NA	NA	NA	NA	NA	NA	NA	NA	NA	NA	NA	NA	NA	NA	NA	NA	NA	NA	NA	NA	NA	NA	NA	NA	NA	NA	NA	NA	NA	NA	NA	NA	NA
stad_tcga	TCGA-FP-8211	TCGA-FP-8211-01	62	NA	MX	N1	Stage IIB	7th	T3	NA	NA	Esophagogastric Cancer	Stomach Adenocarcinoma	Tulsa	NA	NA	NA	NA	NA	NA	0	NA	NA	NA	13.57	0:DiseaseFree	NA	NA	NOT HISPANIC OR LATINO	NA	NA	12/3/12	0.4034	G2	NA	Stomach, Adenocarcinoma, Not Otherwise Specified (NOS)	No	No	NA	C16.0	8140/3	C16.0	YES	2011	NO	NA	NA	0.3	YES	2	7	NA	NA	NA	121	NA	NA	NO	NA	NA	NA	NA	STAD	13.57	0:LIVING	NA	0b1663fc-6a7e-4698-951d-a8c90fdf2411	0b1d5d6f-17b1-4f6c-8276-64a749ee119f	NA	TCGA-FP-8211.54b34d85-d6d2-4c35-b43b-f7b10b99b651.pdf	54b34d85-d6d2-4c35-b43b-f7b10b99b651	NA	Cardia/Proximal	NA	YES	WHITE	NA	NA	R1	NO	NA	NA	1	NA	Primary	1	Male	0.1	Stomach	Matched	NA	NA	0.2	NA	NA	NA	NA	NA	NA	NA	NA	FP	4.26666666667	NA	NA	NA	NA	NA	Oklahoma	NA	WITH TUMOR	NA	NA	NA	A	NA	NA	NA	NA	NA	NA	NA	NA	NA	NA	NA	NA	NA	NA	NA	NA	NA	NA	NA	NA	NA	NA	NA	NA	NA	NA	NA	NA	NA	NA	NA	NA	NA	NA	NA	NA	NA	NA	NA	NA	NA	NA	NA	NA	NA	NA	NA	NA	NA	NA	NA	NA	NA	NA	NA	NA	NA	NA	NA	NA	NA	NA	NA	NA	NA	NA	NA	NA
stad_tcga	TCGA-FP-8631	TCGA-FP-8631-01	68	NA	MX	N2	Stage IIIA	7th	T3	NA	NA	Esophagogastric Cancer	Stomach Adenocarcinoma	Dallas	NA	NA	NA	NA	NA	NA	0	NA	NA	NA	0.56	0:DiseaseFree	NA	NA	NOT HISPANIC OR LATINO	NA	NA	12/28/12	0.5254	G2	NA	Stomach, Intestinal Adenocarcinoma, Not Otherwise Specified (NOS)	No	No	NA	C16.0	8144/3	C16.0	YES	2012	NO	NA	NA	0.7	YES	6	25	NA	NA	NA	94	NA	NA	NO	NA	NA	NA	NA	STAD	0.56	0:LIVING	NA	1a4313e7-a770-4a0e-93f1-c10562f521e3	ca7dfe5e-11a0-441a-9514-69852554217b	NA	TCGA-FP-8631.d5a17f86-a18a-4ec5-bd4c-7c31e4c26d3a.pdf	d5a17f86-a18a-4ec5-bd4c-7c31e4c26d3a	NA	Gastroesophageal Junction	NA	YES	WHITE	NA	NA	R0	NO	NA	NA	1	NA	Primary	1	Male	0.3	Stomach	Matched	NA	NA	0.5	NA	NA	NA	NA	NA	NA	NA	NA	FP	3.2	NA	NA	NA	NA	NA	Texas	NA	TUMOR FREE	NA	NA	NA	A	NA	NA	NA	NA	NA	NA	NA	NA	NA	NA	NA	NA	NA	NA	NA	NA	NA	NA	NA	NA	NA	NA	NA	NA	NA	NA	NA	NA	NA	NA	NA	NA	NA	NA	NA	NA	NA	NA	NA	NA	NA	NA	NA	NA	NA	NA	NA	NA	NA	NA	NA	NA	NA	NA	NA	NA	NA	NA	NA	NA	NA	NA	NA	NA	NA	NA	NA	NA
stad_tcga	TCGA-FP-A4BE	TCGA-FP-A4BE-01	55	NA	M0	N0	Stage IIA	7th	T3	NA	NA	Esophagogastric Cancer	Stomach Adenocarcinoma	Memphis	NA	NA	NA	NA	NA	159	0	NA	NA	NA	11.07	0:DiseaseFree	NA	NA	NOT HISPANIC OR LATINO	NA	NO	1/25/13	NA	G3	NA	Stomach, Adenocarcinoma, Not Otherwise Specified (NOS)	No	No	NA	C16.1	8140/3	C16.1	YES	2012	NO	NA	NA	NA	YES	0	27	NA	NA	NA	1478	NA	NA	NO	NA	NA	NA	FALSE	STAD	11.07	0:LIVING	NA	48ABE0EF-DFD5-4E36-A319-C4EC3165CBA1	E43BB2C6-F44E-4EBF-9378-1F8949F83AE7	NA	TCGA-FP-A4BE.D1DD0EA5-448A-4D3A-8E47-7990143284EE.pdf	D1DD0EA5-448A-4D3A-8E47-7990143284EE	NA	Fundus/Body	NA	YES	BLACK OR AFRICAN AMERICAN	NA	YES	R0	NO	NA	NA	1	80	Primary	1	Male	NA	Stomach	Matched	NA	NA	NA	NA	NA	NA	NA	NA	NA	NA	NA	FP	50.5666666667	YES	NA	Antacids	NA	NA	Tennessee	NA	TUMOR FREE	NA	NA	NA	A	NA	NA	NA	NA	NA	NA	NA	NA	NA	NA	NA	NA	NA	NA	NA	NA	NA	NA	NA	NA	NA	NA	NA	NA	NA	NA	NA	NA	NA	NA	NA	NA	NA	NA	NA	NA	NA	NA	NA	NA	NA	NA	NA	NA	NA	NA	NA	NA	NA	NA	NA	NA	NA	NA	NA	NA	NA	NA	NA	NA	NA	NA	NA	NA	NA	NA	NA	NA
stad_tcga	TCGA-FP-A4BF	TCGA-FP-A4BF-01	68	NA	M0	N2	Stage IIIA	7th	T3	NA	NA	Esophagogastric Cancer	Signet Ring Cell Carcinoma of the Stomach	Memphis	NA	NA	NA	NA	NA	425	0	NA	NA	NA	5.22	1:Recurred/Progressed	NA	NA	NOT HISPANIC OR LATINO	NA	NA	1/25/13	0.1467	G3	NA	Stomach Adenocarcinoma, Signet Ring Type	No	No	NA	C16.0	8490/3	C16.0	YES	2011	NO	NA	NA	NA	YES	5	15	NA	NA	NA	103	NA	NA	NO	NA	NA	NA	FALSE	SSRCC	5.52	1:DECEASED	NA	0AE2B51D-AADE-4D24-8D0B-6990123D9074	D6DE0A14-F492-4169-AA6D-B7BAE41833DD	NA	TCGA-FP-A4BF.81AA61B1-8B3F-405F-96DC-E6CA5A05216A.pdf	81AA61B1-8B3F-405F-96DC-E6CA5A05216A	NA	Gastroesophageal Junction	NA	YES	WHITE	NA	NA	R1	NO	NA	NA	1	60	Primary	1	Male	NA	Stomach	Matched	NA	NA	NA	NA	NA	NA	NA	NA	NA	NA	NA	FP	3.53333333333	NA	NA	NA	NA	NA	Tennessee	NA	WITH TUMOR	NA	NA	NA	A	NA	NA	NA	NA	NA	NA	NA	NA	NA	NA	NA	NA	NA	NA	NA	NA	NA	NA	NA	NA	NA	NA	NA	NA	NA	NA	NA	NA	NA	NA	NA	NA	NA	NA	NA	NA	NA	NA	NA	NA	NA	NA	NA	NA	NA	NA	NA	NA	NA	NA	NA	NA	NA	NA	NA	NA	NA	NA	NA	NA	NA	NA	NA	NA	NA	NA	NA	NA
stad_tcga	TCGA-FP-A8CX	TCGA-FP-A8CX-01	60	NA	MX	N3a	Stage IIIC	7th	T4b	No	NA	Esophagogastric Cancer	Signet Ring Cell Carcinoma of the Stomach	Tyler	NA	NA	NA	NA	NA	56	0	NA	NA	NA	0.23	0:DiseaseFree	NA	NA	NOT HISPANIC OR LATINO	NA	NO	3/29/14	0.1481	G3	NA	Stomach Adenocarcinoma, Signet Ring Type	No	Yes, History of Prior Malignancy	No	C16.2	8490/3	C16.2	YES	2013	NO	NA	NA	NA	YES	15	25	NA	NA	NA	68	NA	NA	NO	NA	NA	NA	FALSE	SSRCC	0.23	0:LIVING	NA	FEB5CCF3-395F-415A-85D3-DB637FCD514F	6F50417C-C943-4815-9EFB-EB813AE18BAA	NA	TCGA-FP-A8CX.630E6B6D-FA2E-4E64-870E-F8C6DDA53B14.pdf	630E6B6D-FA2E-4E64-870E-F8C6DDA53B14	NA	Fundus/Body	NA	YES	WHITE	NA	YES	R0	NO	NA	NA	1	40	Primary	1	Male	NA	Stomach	Matched	NA	NA	NA	NA	NA	NA	NA	NA	NA	NA	NA	FP	2.43333333333	YES	NA	Proton Pump Inhibitors	NA	NA	Texas	NA	TUMOR FREE	NA	NA	NA	A	NA	NA	NA	NA	NA	NA	NA	NA	NA	NA	NA	NA	NA	NA	NA	NA	NA	NA	NA	NA	NA	NA	NA	NA	NA	NA	NA	NA	NA	NA	NA	NA	NA	NA	NA	NA	NA	NA	NA	NA	NA	NA	NA	NA	NA	NA	NA	NA	NA	NA	NA	NA	NA	NA	NA	NA	NA	NA	NA	NA	NA	NA	NA	NA	NA	NA	NA	NA
stad_tcga	TCGA-FP-A9TM	TCGA-FP-A9TM-01	77	NA	M0	N1	NA	7th	T1b	No	NA	Esophagogastric Cancer	Stomach Adenocarcinoma	Tyler	NA	NA	NA	NA	NA	97	0	NA	NA	NA	6.21	0:DiseaseFree	NA	NA	NOT HISPANIC OR LATINO	NA	NO	4/16/15	0.0666	G2	NA	Stomach, Adenocarcinoma, Not Otherwise Specified (NOS)	No	No	No	C16.0	8140/3	C16.0	YES	2013	NO	NA	NA	NA	YES	2	26	NA	NA	NA	135	NA	NA	NO	NA	NA	NA	FALSE	STAD	6.21	0:LIVING	NA	36ABEAF9-CC0F-43DD-9C55-B9347D826529	51B63345-40EC-4165-8138-089053DA1385	NA	TCGA-FP-A9TM.B71E9275-85C4-46AF-8234-1C850C7D2536.pdf	B71E9275-85C4-46AF-8234-1C850C7D2536	NA	Gastroesophageal Junction	NA	YES	WHITE	YES	YES	R0	NO	NA	NA	1	60	Primary	1	Male	NA	Stomach	Matched	NA	NA	NA	NA	NA	NA	NA	NA	YES	NA	NA	FP	4.66666666667	YES	Complete Remission/Response	Proton Pump Inhibitors	NA	NA	Texas	NA	TUMOR FREE	NA	NA	NA	A	NA	NA	NA	NA	NA	NA	NA	NA	NA	NA	NA	NA	NA	NA	NA	NA	NA	NA	NA	NA	NA	NA	NA	NA	NA	NA	NA	NA	NA	NA	NA	NA	NA	NA	NA	NA	NA	NA	NA	NA	NA	NA	NA	NA	NA	NA	NA	NA	NA	NA	NA	NA	NA	NA	NA	NA	NA	NA	NA	NA	NA	NA	NA	NA	NA	NA	NA	NA
stad_tcga	TCGA-HF-7131	TCGA-HF-7131-01	NA	NA	MX	N0	Stage IB	6th	T2b	NA	NA	Esophagogastric Cancer	Stomach Adenocarcinoma	Mississauga	NA	NA	NA	NA	NA	NA	NA	NA	NA	NA	NA	0:DiseaseFree	NA	NA	NA	NA	NO	11/17/11	0.5317	G2	NA	Stomach, Adenocarcinoma, Not Otherwise Specified (NOS)	No	Yes	NA	C16.9	8140/3	C16.9	YES	2007	NO	NA	NA	0.9	YES	0	NA	NA	NA	NA	75	NA	NA	NA	NA	0	NA	NA	STAD	NA	0:LIVING	NA	06fd3086-0801-4d74-bced-4916efc544d2	6167ebbe-09a4-4134-bbd4-f890a2f1d401	NA	TCGA-HF-7131.ed007cb2-c018-45df-9961-d2e44fe4f7ed.pdf	ed007cb2-c018-45df-9961-d2e44fe4f7ed	NA	Gastroesophageal Junction	NA	NO	NA	NA	NA	R0	YES	NA	NA	1	NA	Primary	1	Female	0.4	Stomach	Matched	NA	NA	0.8	NA	NA	NA	NA	NA	NA	NA	NA	HF	2.53333333333	NA	NA	NA	NA	NA	Ontario/Canada	NA	TUMOR FREE	NA	NA	NA	A	NA	NA	NA	NA	NA	NA	NA	NA	NA	NA	NA	NA	NA	NA	NA	NA	NA	NA	NA	NA	NA	NA	NA	NA	NA	NA	NA	NA	NA	NA	NA	NA	NA	NA	NA	NA	NA	NA	NA	NA	NA	NA	NA	NA	NA	NA	NA	NA	NA	NA	NA	NA	NA	NA	NA	NA	NA	NA	NA	NA	NA	NA	NA	NA	NA	NA	NA	NA
stad_tcga	TCGA-HF-7132	TCGA-HF-7132-01	NA	NA	M0	N1	Stage II	6th	T2b	No	NA	Esophagogastric Cancer	Mucinous Stomach Adenocarcinoma	London	NA	NA	NA	NA	NA	NA	NA	NA	NA	NA	77.23	0:DiseaseFree	NA	NA	NA	NA	NO	11/17/11	0.0219	G2	NA	Stomach, Intestinal Adenocarcinoma, Mucinous Type	No	No	NA	C16.3	8480/3	C16.3	YES	2006	NO	NA	NA	0.9	YES	2	8	NA	NA	NA	1269	NA	NA	NA	NA	0	NA	NA	MSTAD	77.23	0:LIVING	NA	6c3687fd-0761-477d-95ab-73e11d66dbd6	b38bf24f-cd0e-40eb-bf2b-11abc7976355	NA	TCGA-HF-7132.af948a18-7e1a-4da7-979e-5bd2e73b91b2.pdf	af948a18-7e1a-4da7-979e-5bd2e73b91b2	NA	Antrum/Distal	NA	NO	NA	NA	NO	R0	YES	NA	NA	1	NA	Primary	1	Male	0.4	Stomach	Matched	NA	NA	0.7	NA	NA	NA	NA	NA	NA	NA	NA	HF	43.5333333333	NO	NA	NA	NA	NA	Ontario Canada	NA	TUMOR FREE	NA	NA	NA	A	NA	NA	NA	NA	NA	NA	NA	NA	NA	NA	NA	NA	NA	NA	NA	NA	NA	NA	NA	NA	NA	NA	NA	NA	NA	NA	NA	NA	NA	NA	NA	NA	NA	NA	NA	NA	NA	NA	NA	NA	NA	NA	NA	NA	NA	NA	NA	NA	NA	NA	NA	NA	NA	NA	NA	NA	NA	NA	NA	NA	NA	NA	NA	NA	NA	NA	NA	NA
stad_tcga	TCGA-HF-7133	TCGA-HF-7133-01	NA	NA	M0	N3	Stage IV	6th	T2b	No	NA	Esophagogastric Cancer	Mucinous Stomach Adenocarcinoma	London	NA	NA	NA	NA	NA	NA	NA	NA	NA	NA	63.01	0:DiseaseFree	NA	NA	NA	NA	NA	11/18/11	0.4933	G2	NA	Stomach, Intestinal Adenocarcinoma, Mucinous Type	No	No	No	C16.9	8480/3	C16.9	YES	2007	NO	NA	NA	2.2	YES	16	53	NA	NA	NA	81	NA	NA	NA	NA	NA	NA	NA	MSTAD	63.01	0:LIVING	NA	5d33895e-a959-4d5e-8850-c49c7fa49a22	e0b0fce5-599d-4fc2-8449-ce3958a4fae5	NA	TCGA-HF-7133.1706dddb-e700-4cbe-acca-a9f23bd82442.pdf	1706dddb-e700-4cbe-acca-a9f23bd82442	NA	Gastroesophageal Junction	NA	NO	NA	NA	NO	R1	YES	NA	NA	1	NA	Primary	1	Female	0.7	Stomach	Matched	NA	NA	0.7	NA	NA	NA	NA	NA	NA	NA	NA	HF	2.8	YES	NA	Proton Pump Inhibitors	NA	NA	Ontario Canada	NA	TUMOR FREE	NA	NA	NA	A	NA	NA	NA	NA	NA	NA	NA	NA	NA	NA	NA	NA	NA	NA	NA	NA	NA	NA	NA	NA	NA	NA	NA	NA	NA	NA	NA	NA	NA	NA	NA	NA	NA	NA	NA	NA	NA	NA	NA	NA	NA	NA	NA	NA	NA	NA	NA	NA	NA	NA	NA	NA	NA	NA	NA	NA	NA	NA	NA	NA	NA	NA	NA	NA	NA	NA	NA	NA
stad_tcga	TCGA-HF-7134	TCGA-HF-7134-01	NA	NA	M0	N0	Stage IA	6th	T1	No	NA	Esophagogastric Cancer	Stomach Adenocarcinoma	London	NA	NA	NA	NA	NA	NA	NA	NA	NA	NA	52.17	0:DiseaseFree	NA	NA	NA	NA	NO	11/22/11	0.2579	G2	NA	Stomach, Intestinal Adenocarcinoma, Not Otherwise Specified (NOS)	No	No	No	C16.2	8144/3	C16.2	YES	2008	NO	NA	NA	1.3	YES	0	25	NA	NA	NA	242	NA	NA	NA	NA	0	NA	NA	STAD	52.17	0:LIVING	NA	1dbe1e26-3bcd-45cf-990e-ad7c8754f4d4	54d36795-25c4-4d7a-b5ba-70a4b75fc077	NA	TCGA-HF-7134.1ae6eb34-bac4-4983-a98a-7719a9e07159.pdf	1ae6eb34-bac4-4983-a98a-7719a9e07159	NA	Fundus/Body	NA	NO	NA	NA	NO	R0	YES	NA	NA	1	NA	Primary	1	Male	0.7	Stomach	Matched	NA	NA	0.8	NA	NA	NA	NA	NA	NA	NA	NA	HF	8.23333333333	NO	NA	NA	NA	NA	Ontario Canada	NA	TUMOR FREE	NA	NA	NA	A	NA	NA	NA	NA	NA	NA	NA	NA	NA	NA	NA	NA	NA	NA	NA	NA	NA	NA	NA	NA	NA	NA	NA	NA	NA	NA	NA	NA	NA	NA	NA	NA	NA	NA	NA	NA	NA	NA	NA	NA	NA	NA	NA	NA	NA	NA	NA	NA	NA	NA	NA	NA	NA	NA	NA	NA	NA	NA	NA	NA	NA	NA	NA	NA	NA	NA	NA	NA
stad_tcga	TCGA-HF-7136	TCGA-HF-7136-01	NA	NA	M0	N1	Stage IIIA	6th	T3	No	NA	Esophagogastric Cancer	Stomach Adenocarcinoma	Ottawa	NA	NA	NA	NA	NA	NA	NA	NA	NA	NA	NA	0:DiseaseFree	NA	NA	NA	NA	NO	11/17/11	0.4912	G2	NA	Stomach, Adenocarcinoma, Not Otherwise Specified (NOS)	No	No	NA	C16.0	8140/3	C16.0	YES	2008	NO	NA	NA	1.2	YES	2	12	NA	NA	NA	89	NA	NA	NA	NA	NA	NA	NA	STAD	NA	0:LIVING	NA	647dc54f-a51b-40ea-9d97-c93598c2af71	f6bb75b6-d0c9-49c5-99d0-e658b490c98d	NA	TCGA-HF-7136.a190df56-475d-4e78-949a-985e0f098adc.pdf	a190df56-475d-4e78-949a-985e0f098adc	NA	Gastroesophageal Junction	NA	NO	NA	NA	NO	R1	YES	NA	NA	1	NA	Primary	1	Male	0.4	Stomach	Matched	NA	NA	0.6	NA	NA	NA	NA	NA	NA	NA	NA	HF	3.03333333333	NO	NA	NA	NA	NA	Ontario	NA	WITH TUMOR	NA	NA	NA	A	NA	NA	NA	NA	NA	NA	NA	NA	NA	NA	NA	NA	NA	NA	NA	NA	NA	NA	NA	NA	NA	NA	NA	NA	NA	NA	NA	NA	NA	NA	NA	NA	NA	NA	NA	NA	NA	NA	NA	NA	NA	NA	NA	NA	NA	NA	NA	NA	NA	NA	NA	NA	NA	NA	NA	NA	NA	NA	NA	NA	NA	NA	NA	NA	NA	NA	NA	NA
stad_tcga	TCGA-HF-A5NB	TCGA-HF-A5NB-01	75	NA	M0	N3a	Stage IIIC	7th	T4a	No	NA	Esophagogastric Cancer	Mucinous Stomach Adenocarcinoma	London	NA	NA	NA	NA	NA	NA	NA	NA	NA	NA	30.49	0:DiseaseFree	NA	NA	NA	NA	NO	9/26/13	0.0944	G3	NA	Stomach, Intestinal Adenocarcinoma, Mucinous Type	No	No	No	C16.3	8480/3	C16.3	YES	NA	NO	NA	NA	NA	YES	11	26	NA	NA	NA	1393	NA	NA	NO	NA	NA	NA	FALSE	MSTAD	30.49	0:LIVING	NA	A58B6CD2-48F8-47D0-B97A-02A376F83E5C	FE9D34BF-5CD6-4E72-BD04-43BCFFA0A493	NA	TCGA-HF-A5NB.E5A60EAE-914A-4426-8F9A-E303633EB144.pdf	E5A60EAE-914A-4426-8F9A-E303633EB144	NA	Antrum/Distal	NA	NO	NA	YES	NO	R1	YES	NA	NA	1	280	Primary	1	Female	NA	Stomach	Matched	NA	NA	NA	NA	NA	NA	NA	NA	YES	NA	NA	HF	87.2666666667	NO	Complete Remission/Response	NA	NA	NA	Ontario	NA	TUMOR FREE	NA	NA	NA	A	NA	NA	NA	NA	NA	NA	NA	NA	NA	NA	NA	NA	NA	NA	NA	NA	NA	NA	NA	NA	NA	NA	NA	NA	NA	NA	NA	NA	NA	NA	NA	NA	NA	NA	NA	NA	NA	NA	NA	NA	NA	NA	NA	NA	NA	NA	NA	NA	NA	NA	NA	NA	NA	NA	NA	NA	NA	NA	NA	NA	NA	NA	NA	NA	NA	NA	NA	NA
stad_tcga	TCGA-HJ-7597	TCGA-HJ-7597-01	71	NA	MX	N0	Stage IB	6th	T2b	Yes	NA	Esophagogastric Cancer	Signet Ring Cell Carcinoma of the Stomach	Buffalo	NA	NA	NA	NA	NA	NA	0	NA	NA	NA	26.12	1:Recurred/Progressed	NA	NA	NOT HISPANIC OR LATINO	NA	NO	5/31/12	0.0798	G3	NA	Stomach Adenocarcinoma, Signet Ring Type	No	No	No	C16.2	8490/3	C16.2	YES	2005	NO	NA	NA	1.1	YES	0	37	NA	NA	NA	761	NA	NA	YES	NA	0	NA	NA	SSRCC	26.45	1:DECEASED	NA	83d681f4-6c0e-45cc-a31d-0b1b31c8e073	0e8e5466-a151-405f-96d3-3d827119056b	NA	TCGA-HJ-7597.caf9a0a4-2045-4a72-9a3e-39a09a85a0d9.pdf	caf9a0a4-2045-4a72-9a3e-39a09a85a0d9	Stomach Cancer	Fundus/Body	NA	NO	WHITE	NO	YES	R0	YES	NA	NA	1	NA	Primary	1	Female	0.6	Stomach	Matched	NA	NA	1	NA	NA	NA	NA	NA	NO	NA	NA	HJ	26.0333333333	YES	Complete Remission/Response	Proton Pump Inhibitors|Antacids	NA	NA	New York	NA	WITH TUMOR	NA	NA	NA	A	NA	NA	NA	NA	NA	NA	NA	NA	NA	NA	NA	NA	NA	NA	NA	NA	NA	NA	NA	NA	NA	NA	NA	NA	NA	NA	NA	NA	NA	NA	NA	NA	NA	NA	NA	NA	NA	NA	NA	NA	NA	NA	NA	NA	NA	NA	NA	NA	NA	NA	NA	NA	NA	NA	NA	NA	NA	NA	NA	NA	NA	NA	NA	NA	NA	NA	NA	NA
stad_tcga	TCGA-HU-8238	TCGA-HU-8238-01	56	NA	M0	NA	NA	7th	T3	Yes	NA	Esophagogastric Cancer	Tubular Stomach Adenocarcinoma	Daegu	NA	NA	NA	NA	NA	NA	0	NA	NA	NA	1.51	0:DiseaseFree	NA	NA	NOT HISPANIC OR LATINO	NA	NO	3/11/13	0.3270	G2	NA	Stomach, Intestinal Adenocarcinoma, Tubular Type	No	No	NA	C16.3	8211/3	C16.3	YES	2011	NO	NA	NA	NA	YES	1	46	NA	NA	NA	141	NA	NA	NO	NA	NA	NA	NA	TSTAD	1.51	0:LIVING	NA	ac77e22d-42c0-4e06-b904-0dd5b31eb0d8	b18aff18-92ef-4092-a6a8-ef82fce038c5	NA	TCGA-HU-8238.af3c83ff-feb3-44b4-bbc8-659aace25069.pdf	af3c83ff-feb3-44b4-bbc8-659aace25069	NA	Antrum/Distal	NA	NO	ASIAN	NO	NA	R0	YES	NA	NA	1	NA	Primary	1	Male	NA	Stomach	Matched	NA	NA	NA	NA	NA	NA	NA	NA	YES	NA	NA	HU	4.83333333333	NA	Complete Remission/Response	NA	NA	NA	NA	NA	TUMOR FREE	NA	NA	NA	A	NA	NA	NA	NA	NA	NA	NA	NA	NA	NA	NA	NA	NA	NA	NA	NA	NA	NA	NA	NA	NA	NA	NA	NA	NA	NA	NA	NA	NA	NA	NA	NA	NA	NA	NA	NA	NA	NA	NA	NA	NA	NA	NA	NA	NA	NA	NA	NA	NA	NA	NA	NA	NA	NA	NA	NA	NA	NA	NA	NA	NA	NA	NA	NA	NA	NA	NA	NA
stad_tcga	TCGA-HU-8243	TCGA-HU-8243-01	66	NA	M0	N3b	Stage IIIC	7th	T4a	No	NA	Esophagogastric Cancer	Tubular Stomach Adenocarcinoma	Pusan	NA	NA	NA	NA	NA	NA	0	NA	NA	NA	4.34	1:Recurred/Progressed	NA	NA	NOT HISPANIC OR LATINO	NA	NO	3/14/13	0.3699	G2	NA	Stomach, Intestinal Adenocarcinoma, Tubular Type	No	No	No	C16.2	8211/3	C16.2	YES	2011	NO	NA	NA	NA	YES	57	81	NA	NA	NA	123	NA	NA	YES	NA	NA	NA	NA	TSTAD	5.91	1:DECEASED	NA	77a8eab6-f6a1-4739-9031-75ead40d68cb	82fcf670-1646-4a28-9578-f7e5b2f426e5	NA	TCGA-HU-8243.e7f6b603-f667-45ed-b2b0-79f5db6d50c2.pdf	e7f6b603-f667-45ed-b2b0-79f5db6d50c2	Stomach Cancer	Fundus/Body	NA	NO	ASIAN	NO	YES	R0	YES	NA	NA	1	NA	Primary	1	Male	NA	Stomach	Matched	NA	NA	NA	NA	NA	NA	NA	NA	YES	NA	NA	HU	4.4	NA	Partial Remission/Response	NA	NA	NA	NA	NA	WITH TUMOR	NA	NA	NA	A	NA	NA	NA	NA	NA	NA	NA	NA	NA	NA	NA	NA	NA	NA	NA	NA	NA	NA	NA	NA	NA	NA	NA	NA	NA	NA	NA	NA	NA	NA	NA	NA	NA	NA	NA	NA	NA	NA	NA	NA	NA	NA	NA	NA	NA	NA	NA	NA	NA	NA	NA	NA	NA	NA	NA	NA	NA	NA	NA	NA	NA	NA	NA	NA	NA	NA	NA	NA
stad_tcga	TCGA-HU-8244	TCGA-HU-8244-01	77	NA	M0	N0	Stage IA	7th	T1a	No	NA	Esophagogastric Cancer	Tubular Stomach Adenocarcinoma	Pusan	NA	NA	NA	NA	NA	NA	0	NA	NA	NA	24.38	0:DiseaseFree	NA	NA	NOT HISPANIC OR LATINO	NA	NO	3/17/13	0.1207	G1	NA	Stomach, Intestinal Adenocarcinoma, Tubular Type	No	No	No	C16.2	8211/3	C16.2	YES	2011	NO	NA	NA	NA	YES	0	32	NA	NA	NA	95	NA	NA	NO	NA	NA	NA	NA	TSTAD	24.38	0:LIVING	NA	f0b6e8f8-995c-47c1-bbec-d1d51dc97828	0421ee3d-1653-40cb-94b3-a8d7c4cd1f1b	NA	TCGA-HU-8244.1407c2cd-4939-4779-b123-1b6e635a1362.pdf	1407c2cd-4939-4779-b123-1b6e635a1362	NA	Fundus/Body	NA	NO	ASIAN	NO	YES	R0	YES	NA	NA	1	NA	Primary	1	Female	NA	Stomach	Matched	NA	NA	NA	NA	NA	NA	NA	NA	NO	NA	NA	HU	3.23333333333	NA	Complete Remission/Response	NA	NA	NA	NA	NA	TUMOR FREE	NA	NA	NA	A	NA	NA	NA	NA	NA	NA	NA	NA	NA	NA	NA	NA	NA	NA	NA	NA	NA	NA	NA	NA	NA	NA	NA	NA	NA	NA	NA	NA	NA	NA	NA	NA	NA	NA	NA	NA	NA	NA	NA	NA	NA	NA	NA	NA	NA	NA	NA	NA	NA	NA	NA	NA	NA	NA	NA	NA	NA	NA	NA	NA	NA	NA	NA	NA	NA	NA	NA	NA
stad_tcga	TCGA-HU-8245	TCGA-HU-8245-01	72	NA	M0	N0	Stage IIA	7th	T3	No	NA	Esophagogastric Cancer	Papillary Stomach Adenocarcinoma	Pusan	NA	NA	NA	NA	NA	NA	0	NA	NA	NA	18.13	0:DiseaseFree	NA	NA	NOT HISPANIC OR LATINO	NA	NO	3/17/13	0.3541	G3	NA	Stomach, Intestinal Adenocarcinoma, Papillary Type	No	No	No	C16.2	8260/3	C16.2	YES	2011	NO	NA	NA	NA	YES	0	60	NA	NA	NA	85	NA	NA	NO	NA	NA	NA	NA	PSTAD	18.13	0:LIVING	NA	4e9d13da-438d-4b5e-8e86-67432b5e9471	5cd8d6fc-f68e-4c14-93b0-babe544c7a63	NA	TCGA-HU-8245.a84511fe-64e2-402c-ad6c-aebf5780c717.pdf	a84511fe-64e2-402c-ad6c-aebf5780c717	NA	Fundus/Body	NA	NO	ASIAN	NO	YES	R0	YES	NA	NA	1	NA	Primary	1	Male	NA	Stomach	Matched	NA	NA	NA	NA	NA	NA	NA	NA	NO	NA	NA	HU	2.93333333333	NA	Complete Remission/Response	NA	NA	NA	NA	NA	TUMOR FREE	NA	NA	NA	A	NA	NA	NA	NA	NA	NA	NA	NA	NA	NA	NA	NA	NA	NA	NA	NA	NA	NA	NA	NA	NA	NA	NA	NA	NA	NA	NA	NA	NA	NA	NA	NA	NA	NA	NA	NA	NA	NA	NA	NA	NA	NA	NA	NA	NA	NA	NA	NA	NA	NA	NA	NA	NA	NA	NA	NA	NA	NA	NA	NA	NA	NA	NA	NA	NA	NA	NA	NA
stad_tcga	TCGA-HU-8249	TCGA-HU-8249-01	76	NA	M0	N2	Stage IIIA	7th	T3	No	NA	Esophagogastric Cancer	Tubular Stomach Adenocarcinoma	Pusan	NA	NA	NA	NA	NA	NA	0	NA	NA	NA	28.94	0:DiseaseFree	NA	NA	NOT HISPANIC OR LATINO	NA	NO	3/17/13	0.4620	G2	NA	Stomach, Intestinal Adenocarcinoma, Tubular Type	No	No	No	C16.2	8211/3	C16.2	YES	2011	NO	NA	NA	NA	YES	5	99	NA	NA	NA	123	NA	NA	NO	NA	NA	NA	NA	TSTAD	28.94	0:LIVING	NA	e302f643-eed3-4f07-a7fb-c32ee2031a1c	6be15ca2-af65-43f5-9ece-62979bfdd629	NA	TCGA-HU-8249.508931ee-5e93-4e0b-bb41-0e6f85df5570.pdf	508931ee-5e93-4e0b-bb41-0e6f85df5570	NA	Fundus/Body	NA	NO	ASIAN	NO	YES	R0	YES	NA	NA	1	NA	Primary	1	Male	NA	Stomach	Matched	NA	NA	NA	NA	NA	NA	NA	NA	YES	NA	NA	HU	4.3	NA	Complete Remission/Response	NA	NA	NA	NA	NA	TUMOR FREE	NA	NA	NA	A	NA	NA	NA	NA	NA	NA	NA	NA	NA	NA	NA	NA	NA	NA	NA	NA	NA	NA	NA	NA	NA	NA	NA	NA	NA	NA	NA	NA	NA	NA	NA	NA	NA	NA	NA	NA	NA	NA	NA	NA	NA	NA	NA	NA	NA	NA	NA	NA	NA	NA	NA	NA	NA	NA	NA	NA	NA	NA	NA	NA	NA	NA	NA	NA	NA	NA	NA	NA
stad_tcga	TCGA-HU-8602	TCGA-HU-8602-01	58	NA	M0	N0	Stage IIB	7th	T4a	No	NA	Esophagogastric Cancer	Diffuse Type Stomach Adenocarcinoma	Pusan	NA	NA	NA	NA	NA	NA	0	NA	NA	NA	22.31	0:DiseaseFree	NA	NA	NOT HISPANIC OR LATINO	NA	YES	3/17/13	0.1002	G3	NA	Stomach, Adenocarcinoma, Diffuse Type	No	No	No	C16.3	8145/3	C16.3	YES	2011	NO	NA	NA	0.8	YES	0	61	NA	NA	NA	1653	NA	NA	NO	NA	1	NA	NA	DSTAD	22.31	0:LIVING	NA	edce7aac-1d8b-41cb-88e2-f50b8eeca4d8	37fcef05-07dd-4d0d-8380-02d6605c6ddc	NA	TCGA-HU-8602.bbf60878-bd60-45dd-b332-2f544fee21a3.pdf	bbf60878-bd60-45dd-b332-2f544fee21a3	NA	Antrum/Distal	NA	NO	ASIAN	NO	YES	R0	YES	NA	NA	1	NA	Primary	1	Female	0.5	Stomach	Matched	NA	NA	0.6	NA	NA	NA	NA	NA	YES	NA	NA	HU	56.6666666667	NA	Complete Remission/Response	NA	NA	NA	NA	NA	TUMOR FREE	NA	NA	NA	A	NA	NA	NA	NA	NA	NA	NA	NA	NA	NA	NA	NA	NA	NA	NA	NA	NA	NA	NA	NA	NA	NA	NA	NA	NA	NA	NA	NA	NA	NA	NA	NA	NA	NA	NA	NA	NA	NA	NA	NA	NA	NA	NA	NA	NA	NA	NA	NA	NA	NA	NA	NA	NA	NA	NA	NA	NA	NA	NA	NA	NA	NA	NA	NA	NA	NA	NA	NA
stad_tcga	TCGA-HU-8604	TCGA-HU-8604-01	82	NA	M0	N0	Stage IIA	7th	T3	No	NA	Esophagogastric Cancer	Tubular Stomach Adenocarcinoma	Pusan	NA	NA	NA	NA	NA	NA	0	NA	NA	NA	22.8	0:DiseaseFree	NA	NA	NOT HISPANIC OR LATINO	NA	NO	3/17/13	0.0696	G2	NA	Stomach, Intestinal Adenocarcinoma, Tubular Type	No	No	No	C16.3	8211/3	C16.3	YES	2011	NO	NA	NA	0.7	YES	0	27	NA	NA	NA	184	NA	NA	NO	NA	NA	NA	NA	TSTAD	22.8	0:LIVING	NA	43945bf6-6e64-4f13-9822-baf30dcd726c	c483ad97-37eb-4b91-80eb-5156f40aaebd	NA	TCGA-HU-8604.7e645dfa-f080-419e-b7a7-12a46af41d3a.pdf	7e645dfa-f080-419e-b7a7-12a46af41d3a	NA	Antrum/Distal	NA	NO	ASIAN	NO	YES	R0	YES	NA	NA	1	NA	Primary	1	Female	0.2	Stomach	Matched	NA	NA	0.6	NA	NA	NA	NA	NA	YES	NA	NA	HU	6.4	NA	Complete Remission/Response	NA	NA	NA	NA	NA	TUMOR FREE	NA	NA	NA	A	NA	NA	NA	NA	NA	NA	NA	NA	NA	NA	NA	NA	NA	NA	NA	NA	NA	NA	NA	NA	NA	NA	NA	NA	NA	NA	NA	NA	NA	NA	NA	NA	NA	NA	NA	NA	NA	NA	NA	NA	NA	NA	NA	NA	NA	NA	NA	NA	NA	NA	NA	NA	NA	NA	NA	NA	NA	NA	NA	NA	NA	NA	NA	NA	NA	NA	NA	NA
stad_tcga	TCGA-HU-8608	TCGA-HU-8608-01	70	NA	M0	N2	Stage IIIB	7th	T4a	No	NA	Esophagogastric Cancer	Diffuse Type Stomach Adenocarcinoma	Pusan	NA	NA	NA	NA	NA	NA	0	NA	NA	NA	9.1	1:Recurred/Progressed	NA	NA	NOT HISPANIC OR LATINO	NA	NO	3/20/13	0.0438	G3	NA	Stomach, Adenocarcinoma, Diffuse Type	No	No	No	C16.2	8145/3	C16.2	YES	2012	NO	NA	NA	0.7	YES	4	64	NA	NA	NA	84	NA	NA	YES	NA	NA	NA	NA	DSTAD	21.06	0:LIVING	NA	c6316fb5-99a7-4adf-832f-dce44ddcd3aa	e70fe3ad-f9fa-4097-b472-86606c241d26	NA	TCGA-HU-8608.6707c2c6-c336-49a8-93b0-78bd072a73c5.pdf	6707c2c6-c336-49a8-93b0-78bd072a73c5	NA	Fundus/Body	NA	NO	ASIAN	NO	YES	R0	YES	NA	NA	1	NA	Primary	1	Male	0.5	Stomach	Matched	NA	NA	0.5	NA	NA	NA	NA	NA	YES	NA	NA	HU	2.96666666667	NA	NA	NA	NA	NA	NA	NA	WITH TUMOR	NA	NA	NA	A	NA	NA	NA	NA	NA	NA	NA	NA	NA	NA	NA	NA	NA	NA	NA	NA	NA	NA	NA	NA	NA	NA	NA	NA	NA	NA	NA	NA	NA	NA	NA	NA	NA	NA	NA	NA	NA	NA	NA	NA	NA	NA	NA	NA	NA	NA	NA	NA	NA	NA	NA	NA	NA	NA	NA	NA	NA	NA	NA	NA	NA	NA	NA	NA	NA	NA	NA	NA
stad_tcga	TCGA-HU-8610	TCGA-HU-8610-01	75	NA	M0	N0	Stage IA	7th	T1b	No	NA	Esophagogastric Cancer	Tubular Stomach Adenocarcinoma	Daegu	NA	NA	NA	NA	NA	NA	0	NA	NA	NA	0.76	0:DiseaseFree	NA	NA	NOT HISPANIC OR LATINO	NA	NO	3/11/13	0.1753	G2	NA	Stomach, Intestinal Adenocarcinoma, Tubular Type	No	No	No	C16.2	8211/3	C16.2	YES	2012	NO	NA	NA	1	YES	0	79	NA	NA	NA	74	NA	NA	NO	NA	NA	NA	NA	TSTAD	0.76	0:LIVING	NA	131fb0f0-e0af-431c-8462-f1925a5f4c72	22bacd82-220c-4a19-8e01-86a3ea17bebb	NA	TCGA-HU-8610.24893DA8-DBBB-40E0-B42C-2011D0C47F81.pdf	24893DA8-DBBB-40E0-B42C-2011D0C47F81	NA	Fundus/Body	NA	NO	ASIAN	NO	NA	R0	YES	NA	NA	1	NA	Primary	1	Male	0.4	Stomach	Matched	NA	NA	0.6	NA	NA	NA	NA	NA	NO	NA	NA	HU	2.56666666667	NA	NA	NA	NA	NA	Korea	NA	TUMOR FREE	NA	NA	NA	A	NA	NA	NA	NA	NA	NA	NA	NA	NA	NA	NA	NA	NA	NA	NA	NA	NA	NA	NA	NA	NA	NA	NA	NA	NA	NA	NA	NA	NA	NA	NA	NA	NA	NA	NA	NA	NA	NA	NA	NA	NA	NA	NA	NA	NA	NA	NA	NA	NA	NA	NA	NA	NA	NA	NA	NA	NA	NA	NA	NA	NA	NA	NA	NA	NA	NA	NA	NA
stad_tcga	TCGA-HU-A4G2	TCGA-HU-A4G2-01	45	NA	M0	N1	Stage IIB	7th	T3	No	NA	Esophagogastric Cancer	Diffuse Type Stomach Adenocarcinoma	Pusan	NA	NA	NA	NA	NA	407	0	NA	NA	NA	24.28	0:DiseaseFree	NA	NA	NOT HISPANIC OR LATINO	NA	NO	3/14/13	0.1951	G3	NA	Stomach, Adenocarcinoma, Diffuse Type	No	No	Yes	C16.3	8145/3	C16.3	YES	2011	NO	NA	NA	NA	YES	2	63	NA	NA	NA	48	NA	NA	NO	NA	NA	NA	FALSE	DSTAD	24.28	0:LIVING	NA	3B17C66A-34AE-4B10-B907-4464D6D58383	C2C1E3D8-056A-4129-BD1C-40F7B88AEED2	NA	TCGA-HU-A4G2.CD260608-B0C2-445B-B528-1673C9D1458D.pdf	CD260608-B0C2-445B-B528-1673C9D1458D	NA	Antrum/Distal	NA	NO	ASIAN	NO	YES	R0	YES	NA	NA	1	40	Primary	1	Male	NA	Stomach	Matched	NA	NA	NA	NA	NA	NA	NA	NA	YES	NA	NA	HU	1.7	NA	Complete Remission/Response	NA	NA	NA	NA	NA	TUMOR FREE	NA	NA	NA	A	NA	NA	NA	NA	NA	NA	NA	NA	NA	NA	NA	NA	NA	NA	NA	NA	NA	NA	NA	NA	NA	NA	NA	NA	NA	NA	NA	NA	NA	NA	NA	NA	NA	NA	NA	NA	NA	NA	NA	NA	NA	NA	NA	NA	NA	NA	NA	NA	NA	NA	NA	NA	NA	NA	NA	NA	NA	NA	NA	NA	NA	NA	NA	NA	NA	NA	NA	NA
stad_tcga	TCGA-HU-A4G3	TCGA-HU-A4G3-01	54	NA	M0	N2	Stage IIB	7th	T2	No	NA	Esophagogastric Cancer	Tubular Stomach Adenocarcinoma	Daegu	NA	NA	NA	NA	NA	413	0	NA	NA	NA	5.58	0:DiseaseFree	NA	NA	NOT HISPANIC OR LATINO	NA	NO	3/10/13	0.0081	G2	NA	Stomach, Intestinal Adenocarcinoma, Tubular Type	No	No	No	C16.3	8211/3	C16.3	YES	2011	NO	NA	NA	NA	YES	5	53	NA	NA	NA	96	NA	NA	NO	NA	NA	NA	FALSE	TSTAD	5.58	0:LIVING	NA	6EEEE564-1057-42E4-BFCE-B6FE17D58D10	B7C3768A-BB3C-4B60-A95C-A9D6E3C8FCAC	NA	TCGA-HU-A4G3.06D3E692-3EE0-4CA0-B1A0-FFC24A8B6F2B.pdf	06D3E692-3EE0-4CA0-B1A0-FFC24A8B6F2B	NA	Antrum/Distal	NA	NO	ASIAN	NO	NA	R0	YES	NA	NA	1	60	Primary	1	Male	NA	Stomach	Matched	NA	NA	NA	NA	NA	NA	NA	NA	YES	NA	NA	HU	3.26666666667	NA	Stable Disease	NA	NA	NA	NA	NA	TUMOR FREE	NA	NA	NA	A	NA	NA	NA	NA	NA	NA	NA	NA	NA	NA	NA	NA	NA	NA	NA	NA	NA	NA	NA	NA	NA	NA	NA	NA	NA	NA	NA	NA	NA	NA	NA	NA	NA	NA	NA	NA	NA	NA	NA	NA	NA	NA	NA	NA	NA	NA	NA	NA	NA	NA	NA	NA	NA	NA	NA	NA	NA	NA	NA	NA	NA	NA	NA	NA	NA	NA	NA	NA
stad_tcga	TCGA-HU-A4G6	TCGA-HU-A4G6-01	74	NA	M0	N0	Stage IA	7th	T1b	No	NA	Esophagogastric Cancer	Papillary Stomach Adenocarcinoma	Pusan	NA	NA	NA	NA	NA	350	0	NA	NA	NA	24.24	0:DiseaseFree	NA	NA	NOT HISPANIC OR LATINO	NA	NO	3/14/13	0.2400	G3	NA	Stomach, Intestinal Adenocarcinoma, Papillary Type	No	No	No	C16.0	8260/3	C16.0	YES	2011	NO	NA	NA	NA	YES	0	53	NA	NA	NA	81	NA	NA	NO	NA	NA	NA	FALSE	PSTAD	24.24	0:LIVING	NA	30A82E9F-2A2D-4A66-BDB1-26B881C21D01	41D015E0-E20E-45B7-98F1-3A010F78A8B4	NA	TCGA-HU-A4G6.40D0F685-74EA-47D5-AD9D-A9C5806D5651.pdf	40D0F685-74EA-47D5-AD9D-A9C5806D5651	NA	Cardia/Proximal	NA	NO	ASIAN	NO	YES	R0	YES	NA	NA	1	40	Primary	1	Male	NA	Stomach	Matched	NA	NA	NA	NA	NA	NA	NA	NA	NO	NA	NA	HU	2.9	NO	Complete Remission/Response	NA	NA	NA	NA	NA	TUMOR FREE	NA	NA	NA	A	NA	NA	NA	NA	NA	NA	NA	NA	NA	NA	NA	NA	NA	NA	NA	NA	NA	NA	NA	NA	NA	NA	NA	NA	NA	NA	NA	NA	NA	NA	NA	NA	NA	NA	NA	NA	NA	NA	NA	NA	NA	NA	NA	NA	NA	NA	NA	NA	NA	NA	NA	NA	NA	NA	NA	NA	NA	NA	NA	NA	NA	NA	NA	NA	NA	NA	NA	NA
stad_tcga	TCGA-HU-A4G8	TCGA-HU-A4G8-01	71	NA	M0	N1	Stage IIB	7th	T3	No	NA	Esophagogastric Cancer	Diffuse Type Stomach Adenocarcinoma	Pusan	NA	NA	NA	NA	NA	263	0	NA	NA	NA	22.67	0:DiseaseFree	NA	NA	NOT HISPANIC OR LATINO	NA	NO	3/14/13	0.1150	G3	NA	Stomach, Adenocarcinoma, Diffuse Type	No	No	No	C16.3	8145/3	C16.3	YES	2011	NO	NA	NA	NA	YES	1	64	NA	NA	NA	1489	NA	NA	NO	NA	NA	NA	FALSE	DSTAD	22.67	0:LIVING	NA	16286EBD-6811-4E53-B4D5-82E1E825BC7A	A168CE8D-E9B4-406F-87E2-2702CE149250	NA	TCGA-HU-A4G8.D42C2BE7-B9F1-4591-ADA6-C28BAE35243A.pdf	D42C2BE7-B9F1-4591-ADA6-C28BAE35243A	NA	Antrum/Distal	NA	NO	ASIAN	NO	YES	NA	YES	NA	NA	1	60	Primary	1	Female	NA	Stomach	Matched	NA	NA	NA	NA	NA	NA	NA	NA	YES	NA	NA	HU	50.8	NA	Complete Remission/Response	NA	NA	NA	NA	NA	TUMOR FREE	NA	NA	NA	A	NA	NA	NA	NA	NA	NA	NA	NA	NA	NA	NA	NA	NA	NA	NA	NA	NA	NA	NA	NA	NA	NA	NA	NA	NA	NA	NA	NA	NA	NA	NA	NA	NA	NA	NA	NA	NA	NA	NA	NA	NA	NA	NA	NA	NA	NA	NA	NA	NA	NA	NA	NA	NA	NA	NA	NA	NA	NA	NA	NA	NA	NA	NA	NA	NA	NA	NA	NA
stad_tcga	TCGA-HU-A4G9	TCGA-HU-A4G9-01	67	NA	M0	N0	Stage IA	7th	T1a	No	NA	Esophagogastric Cancer	Tubular Stomach Adenocarcinoma	Daegu	NA	NA	NA	NA	NA	365	0	NA	NA	NA	24.18	0:DiseaseFree	NA	NA	NOT HISPANIC OR LATINO	NA	NO	3/10/13	0.1641	G2	NA	Stomach, Intestinal Adenocarcinoma, Tubular Type	No	No	No	C16.2	8211/3	C16.2	YES	2011	NO	NA	NA	NA	YES	0	42	NA	NA	NA	771	NA	NA	NO	NA	NA	NA	FALSE	TSTAD	24.18	0:LIVING	NA	8114D553-4025-4C8F-AE02-5ED01720723A	4A8B7665-459A-4DD7-B4BC-E13B2F5A615E	NA	TCGA-HU-A4G9.90EBA539-31BA-47D7-8AFA-18F2F97C2119.pdf	90EBA539-31BA-47D7-8AFA-18F2F97C2119	NA	Fundus/Body	NA	NO	ASIAN	NO	NA	R0	YES	NA	NA	1	60	Primary	1	Female	NA	Stomach	Matched	NA	NA	NA	NA	NA	NA	NA	NA	NO	NA	NA	HU	26.5666666667	NA	Stable Disease	NA	NA	NA	NA	NA	TUMOR FREE	NA	NA	NA	A	NA	NA	NA	NA	NA	NA	NA	NA	NA	NA	NA	NA	NA	NA	NA	NA	NA	NA	NA	NA	NA	NA	NA	NA	NA	NA	NA	NA	NA	NA	NA	NA	NA	NA	NA	NA	NA	NA	NA	NA	NA	NA	NA	NA	NA	NA	NA	NA	NA	NA	NA	NA	NA	NA	NA	NA	NA	NA	NA	NA	NA	NA	NA	NA	NA	NA	NA	NA
stad_tcga	TCGA-HU-A4GC	TCGA-HU-A4GC-01	74	NA	M0	N2	Stage IIIB	7th	T4a	No	NA	Esophagogastric Cancer	Diffuse Type Stomach Adenocarcinoma	Daegu	NA	NA	NA	NA	NA	288	0	NA	NA	NA	3.25	0:DiseaseFree	NA	NA	NOT HISPANIC OR LATINO	NA	NO	3/11/13	0.1615	G3	NA	Stomach, Adenocarcinoma, Diffuse Type	No	No	No	C16.3	8145/3	C16.3	YES	2011	NO	NA	NA	NA	YES	3	29	NA	NA	NA	131	NA	NA	NO	NA	NA	NA	FALSE	DSTAD	3.25	0:LIVING	NA	13E5A0AD-6D0C-4FB4-BF62-325F5C8ED329	4B4F0886-7CA6-4DEA-B8C4-689162F31C6C	NA	TCGA-HU-A4GC.AA11FCA0-1836-4655-989E-41B729499E37.pdf	AA11FCA0-1836-4655-989E-41B729499E37	NA	Antrum/Distal	NA	NO	ASIAN	NO	NA	R0	YES	NA	NA	1	40	Primary	1	Male	NA	Stomach	Matched	NA	NA	NA	NA	NA	NA	NA	NA	NO	NA	NA	HU	4.46666666667	NA	Stable Disease	NA	NA	NA	NA	NA	TUMOR FREE	NA	NA	NA	A	NA	NA	NA	NA	NA	NA	NA	NA	NA	NA	NA	NA	NA	NA	NA	NA	NA	NA	NA	NA	NA	NA	NA	NA	NA	NA	NA	NA	NA	NA	NA	NA	NA	NA	NA	NA	NA	NA	NA	NA	NA	NA	NA	NA	NA	NA	NA	NA	NA	NA	NA	NA	NA	NA	NA	NA	NA	NA	NA	NA	NA	NA	NA	NA	NA	NA	NA	NA
stad_tcga	TCGA-HU-A4GD	TCGA-HU-A4GD-01	56	NA	M0	N1	Stage IIB	7th	T3	No	NA	Esophagogastric Cancer	Tubular Stomach Adenocarcinoma	Daegu	NA	NA	NA	NA	NA	252	0	NA	NA	NA	13.11	1:Recurred/Progressed	NA	NA	NOT HISPANIC OR LATINO	NA	NO	3/11/13	0.6763	G3	NA	Stomach, Intestinal Adenocarcinoma, Tubular Type	No	No	No	C16.3	8211/3	C16.3	YES	2011	NO	NA	NA	NA	YES	1	40	NA	NA	NA	84	NA	NA	YES	NA	NA	NA	FALSE	TSTAD	22.73	0:LIVING	NA	AA88CE53-8439-40BD-8D93-E1D903D1C7FB	D455B7CC-07CD-4A4F-80CF-8022870FE994	NA	TCGA-HU-A4GD.EE76925D-507D-40F9-A024-A64D89C6A448.pdf	EE76925D-507D-40F9-A024-A64D89C6A448	NA	Antrum/Distal	NA	NO	ASIAN	NO	NA	R0	YES	NA	NA	1	80	Primary	1	Male	NA	Stomach	Matched	NA	NA	NA	NA	NA	NA	NA	NA	YES	NA	NA	HU	3.0	NA	NA	NA	NA	NA	NA	NA	WITH TUMOR	NA	NA	NA	A	NA	NA	NA	NA	NA	NA	NA	NA	NA	NA	NA	NA	NA	NA	NA	NA	NA	NA	NA	NA	NA	NA	NA	NA	NA	NA	NA	NA	NA	NA	NA	NA	NA	NA	NA	NA	NA	NA	NA	NA	NA	NA	NA	NA	NA	NA	NA	NA	NA	NA	NA	NA	NA	NA	NA	NA	NA	NA	NA	NA	NA	NA	NA	NA	NA	NA	NA	NA
stad_tcga	TCGA-HU-A4GF	TCGA-HU-A4GF-01	69	NA	M0	N0	Stage IIA	7th	T3	No	NA	Esophagogastric Cancer	Tubular Stomach Adenocarcinoma	Daegu	NA	NA	NA	NA	NA	378	0	NA	NA	NA	25.79	0:DiseaseFree	NA	NA	NOT HISPANIC OR LATINO	NA	NO	3/10/13	0.4983	G2	NA	Stomach, Intestinal Adenocarcinoma, Tubular Type	No	No	NA	C16.3	8211/3	C16.3	YES	2011	NO	NA	NA	NA	YES	0	81	NA	NA	NA	138	NA	NA	NO	NA	NA	NA	FALSE	TSTAD	25.79	0:LIVING	NA	DF89B0BE-FBE1-4CA7-BEA7-AE057C3F6461	85600D6E-701D-4F0A-B77E-FDB6FB95C679	NA	TCGA-HU-A4GF.47E2870C-F7AD-443B-8935-6F0D3520F298.pdf	47E2870C-F7AD-443B-8935-6F0D3520F298	NA	Antrum/Distal	NA	NO	ASIAN	NO	NA	R0	YES	NA	NA	1	170	Primary	1	Male	NA	Stomach	Matched	NA	NA	NA	NA	NA	NA	NA	NA	NO	NA	NA	HU	4.63333333333	NA	Complete Remission/Response	NA	NA	NA	NA	NA	TUMOR FREE	NA	NA	NA	A	NA	NA	NA	NA	NA	NA	NA	NA	NA	NA	NA	NA	NA	NA	NA	NA	NA	NA	NA	NA	NA	NA	NA	NA	NA	NA	NA	NA	NA	NA	NA	NA	NA	NA	NA	NA	NA	NA	NA	NA	NA	NA	NA	NA	NA	NA	NA	NA	NA	NA	NA	NA	NA	NA	NA	NA	NA	NA	NA	NA	NA	NA	NA	NA	NA	NA	NA	NA
stad_tcga	TCGA-HU-A4GH	TCGA-HU-A4GH-01	75	NA	M0	N0	Stage IA	7th	T1b	No	NA	Esophagogastric Cancer	Tubular Stomach Adenocarcinoma	Daegu	NA	NA	NA	NA	NA	547	0	NA	NA	NA	11.76	0:DiseaseFree	NA	NA	NOT HISPANIC OR LATINO	NA	NO	3/11/13	0.4962	G2	NA	Stomach, Intestinal Adenocarcinoma, Tubular Type	No	No	No	C16.2	8211/3	C16.2	YES	2011	NO	NA	NA	NA	YES	0	39	NA	NA	NA	692	NA	NA	NO	NA	NA	NA	FALSE	TSTAD	11.76	0:LIVING	NA	D9424178-9CB4-4BFB-9814-BA1AFE7AD954	24FFB7B6-04C9-4B35-98D6-2F59DB9204F1	NA	TCGA-HU-A4GH.0ADF3F92-F4B7-4908-9DF9-15C52F49CB3D.pdf	0ADF3F92-F4B7-4908-9DF9-15C52F49CB3D	NA	Fundus/Body	NA	NO	ASIAN	NO	NA	R0	YES	NA	NA	1	40	Primary	1	Male	NA	Stomach	Matched	NA	NA	NA	NA	NA	NA	NA	NA	NO	NA	NA	HU	23.7333333333	NA	Complete Remission/Response	NA	NA	NA	NA	NA	TUMOR FREE	NA	NA	NA	A	NA	NA	NA	NA	NA	NA	NA	NA	NA	NA	NA	NA	NA	NA	NA	NA	NA	NA	NA	NA	NA	NA	NA	NA	NA	NA	NA	NA	NA	NA	NA	NA	NA	NA	NA	NA	NA	NA	NA	NA	NA	NA	NA	NA	NA	NA	NA	NA	NA	NA	NA	NA	NA	NA	NA	NA	NA	NA	NA	NA	NA	NA	NA	NA	NA	NA	NA	NA
stad_tcga	TCGA-HU-A4GJ	TCGA-HU-A4GJ-01	60	NA	M0	N3a	Stage IIIC	7th	T4	No	NA	Esophagogastric Cancer	Diffuse Type Stomach Adenocarcinoma	Daegu	NA	NA	NA	NA	NA	522	0	NA	NA	NA	17.97	1:Recurred/Progressed	NA	NA	NOT HISPANIC OR LATINO	NA	NO	3/11/13	0.0001	G3	NA	Stomach, Adenocarcinoma, Diffuse Type	No	No	No	C16.3	8145/3	C16.3	YES	2011	NO	NA	NA	NA	YES	14	51	NA	NA	NA	5	NA	NA	YES	NA	NA	NA	FALSE	DSTAD	21.35	0:LIVING	NA	05C4D180-A571-4ABB-BBDC-7363269DC0A6	1CC64A1E-9905-482C-B9B7-5E7392582EA6	NA	TCGA-HU-A4GJ.F8C3C78C-58AD-4949-B189-DB80638AECCE.pdf	F8C3C78C-58AD-4949-B189-DB80638AECCE	NA	Antrum/Distal	NA	NO	ASIAN	NO	NA	R0	YES	NA	NA	1	40	Primary	1	Female	NA	Stomach	Matched	NA	NA	NA	NA	NA	NA	NA	NA	YES	NA	NA	HU	0.2	NA	NA	NA	NA	NA	NA	NA	WITH TUMOR	NA	NA	NA	A	NA	NA	NA	NA	NA	NA	NA	NA	NA	NA	NA	NA	NA	NA	NA	NA	NA	NA	NA	NA	NA	NA	NA	NA	NA	NA	NA	NA	NA	NA	NA	NA	NA	NA	NA	NA	NA	NA	NA	NA	NA	NA	NA	NA	NA	NA	NA	NA	NA	NA	NA	NA	NA	NA	NA	NA	NA	NA	NA	NA	NA	NA	NA	NA	NA	NA	NA	NA
stad_tcga	TCGA-HU-A4GN	TCGA-HU-A4GN-01	61	NA	M0	N1	Stage IIA	7th	T2	Yes	NA	Esophagogastric Cancer	Tubular Stomach Adenocarcinoma	Daegu	NA	NA	NA	NA	NA	483	0	NA	NA	NA	5.52	1:Recurred/Progressed	NA	NA	NOT HISPANIC OR LATINO	NA	NO	3/11/13	0.0002	G2	NA	Stomach, Intestinal Adenocarcinoma, Tubular Type	No	No	No	C16.3	8211/3	C16.3	YES	2011	NO	NA	NA	NA	YES	1	47	NA	NA	NA	1203	NA	NA	NO	NA	NA	NA	FALSE	TSTAD	29.96	0:LIVING	NA	F8A32CB0-8C3D-4BC2-8E53-561B89000BE7	D81AA0D0-45A8-47E2-8BFB-0D3FC97F0AFF	NA	TCGA-HU-A4GN.E488C3D3-9801-4D1A-BAE8-DB8AC6A3DD70.pdf	E488C3D3-9801-4D1A-BAE8-DB8AC6A3DD70	NA	Antrum/Distal	NA	NO	ASIAN	NO	NA	R0	YES	NA	NA	1	20	Primary	1	Male	NA	Stomach	Matched	NA	NA	NA	NA	NA	NA	NA	NA	YES	NA	NA	HU	41.2	NA	Complete Remission/Response	NA	NA	NA	NA	NA	TUMOR FREE	NA	NA	NA	A	NA	NA	NA	NA	NA	NA	NA	NA	NA	NA	NA	NA	NA	NA	NA	NA	NA	NA	NA	NA	NA	NA	NA	NA	NA	NA	NA	NA	NA	NA	NA	NA	NA	NA	NA	NA	NA	NA	NA	NA	NA	NA	NA	NA	NA	NA	NA	NA	NA	NA	NA	NA	NA	NA	NA	NA	NA	NA	NA	NA	NA	NA	NA	NA	NA	NA	NA	NA
stad_tcga	TCGA-HU-A4GP	TCGA-HU-A4GP-01	62	NA	M0	N1	Stage IIA	7th	T2	No	NA	Esophagogastric Cancer	Diffuse Type Stomach Adenocarcinoma	Daegu	NA	NA	NA	NA	NA	476	0	NA	NA	NA	8.97	0:DiseaseFree	NA	NA	NOT HISPANIC OR LATINO	NA	NO	3/11/13	0.2756	G2	NA	Stomach, Adenocarcinoma, Diffuse Type	No	No	NA	C16.3	8145/3	C16.3	YES	2011	NO	NA	NA	NA	YES	2	63	NA	NA	NA	194	NA	NA	NO	NA	NA	NA	FALSE	DSTAD	8.97	0:LIVING	NA	C46FF2BB-BDD0-48CD-B2AE-7EF421B4B91A	4C0EFD43-956F-499F-B0EA-2C3FA96F63F3	NA	TCGA-HU-A4GP.1C853211-B7DB-458E-9F91-0B1FBD914BCA.pdf	1C853211-B7DB-458E-9F91-0B1FBD914BCA	NA	Antrum/Distal	NA	NO	ASIAN	NO	NA	R0	YES	NA	NA	1	40	Primary	1	Female	NA	Stomach	Matched	NA	NA	NA	NA	NA	NA	NA	NA	YES	NA	NA	HU	6.73333333333	NA	Complete Remission/Response	NA	NA	NA	NA	NA	TUMOR FREE	NA	NA	NA	A	NA	NA	NA	NA	NA	NA	NA	NA	NA	NA	NA	NA	NA	NA	NA	NA	NA	NA	NA	NA	NA	NA	NA	NA	NA	NA	NA	NA	NA	NA	NA	NA	NA	NA	NA	NA	NA	NA	NA	NA	NA	NA	NA	NA	NA	NA	NA	NA	NA	NA	NA	NA	NA	NA	NA	NA	NA	NA	NA	NA	NA	NA	NA	NA	NA	NA	NA	NA
stad_tcga	TCGA-HU-A4GQ	TCGA-HU-A4GQ-01	71	NA	M0	N2	Stage IIIC	7th	T4b	Yes	NA	Esophagogastric Cancer	Tubular Stomach Adenocarcinoma	Daegu	NA	NA	NA	NA	NA	439	0	NA	NA	NA	NA	NA	NA	NA	NOT HISPANIC OR LATINO	NA	NO	3/11/13	0.1513	G2	NA	Stomach, Intestinal Adenocarcinoma, Tubular Type	No	No	NA	C16.3	8211/3	C16.3	YES	2011	NO	NA	NA	NA	YES	4	105	NA	NA	NA	1761	NA	NA	NO	NA	NA	NA	FALSE	TSTAD	0.1	1:DECEASED	NA	7739F659-0E25-4404-AD25-EE52FBBCFD44	22EC17AB-22FC-4E78-A559-EBC9493140E6	NA	TCGA-HU-A4GQ.5ED987B0-2EDB-4848-9E52-FCDC799937B7.pdf	5ED987B0-2EDB-4848-9E52-FCDC799937B7	Stomach Cancer	Antrum/Distal	NA	NO	ASIAN	NO	NA	R0	YES	NA	NA	1	100	Primary	1	Male	NA	Stomach	Matched	NA	NA	NA	NA	NA	NA	NA	NA	NO	NA	NA	HU	60.2	NA	Complete Remission/Response	NA	NA	NA	NA	NA	TUMOR FREE	NA	NA	NA	A	NA	NA	NA	NA	NA	NA	NA	NA	NA	NA	NA	NA	NA	NA	NA	NA	NA	NA	NA	NA	NA	NA	NA	NA	NA	NA	NA	NA	NA	NA	NA	NA	NA	NA	NA	NA	NA	NA	NA	NA	NA	NA	NA	NA	NA	NA	NA	NA	NA	NA	NA	NA	NA	NA	NA	NA	NA	NA	NA	NA	NA	NA	NA	NA	NA	NA	NA	NA
stad_tcga	TCGA-HU-A4GT	TCGA-HU-A4GT-01	71	NA	M0	N0	Stage IIA	7th	T3	No	NA	Esophagogastric Cancer	Tubular Stomach Adenocarcinoma	Daegu	NA	NA	NA	NA	NA	421	0	NA	NA	NA	6.5	0:DiseaseFree	NA	NA	NOT HISPANIC OR LATINO	NA	NO	3/11/13	0.1736	G3	NA	Stomach, Intestinal Adenocarcinoma, Tubular Type	No	No	NA	C16.3	8211/3	C16.3	YES	2011	NO	NA	NA	NA	YES	0	81	NA	NA	NA	1549	NA	NA	NO	NA	NA	NA	FALSE	TSTAD	6.5	0:LIVING	NA	7997F3D8-BFF6-4808-8DF0-D88D344D7C9E	3BD4F1D2-887C-43EB-BA6B-C41C7ABEC5A5	NA	TCGA-HU-A4GT.D6FB0F10-EA95-4286-A787-CCB4CF71CCF7.pdf	D6FB0F10-EA95-4286-A787-CCB4CF71CCF7	NA	Antrum/Distal	NA	NO	ASIAN	NO	NA	R0	YES	NA	NA	1	140	Primary	1	Female	NA	Stomach	Matched	NA	NA	NA	NA	NA	NA	NA	NA	YES	NA	NA	HU	53.0	NA	Complete Remission/Response	NA	NA	NA	NA	NA	TUMOR FREE	NA	NA	NA	A	NA	NA	NA	NA	NA	NA	NA	NA	NA	NA	NA	NA	NA	NA	NA	NA	NA	NA	NA	NA	NA	NA	NA	NA	NA	NA	NA	NA	NA	NA	NA	NA	NA	NA	NA	NA	NA	NA	NA	NA	NA	NA	NA	NA	NA	NA	NA	NA	NA	NA	NA	NA	NA	NA	NA	NA	NA	NA	NA	NA	NA	NA	NA	NA	NA	NA	NA	NA
stad_tcga	TCGA-HU-A4GU	TCGA-HU-A4GU-01	73	NA	M0	N1	Stage IIB	7th	T3	Yes	NA	Esophagogastric Cancer	Diffuse Type Stomach Adenocarcinoma	Daegu	NA	NA	NA	NA	NA	417	0	NA	NA	NA	6.57	0:DiseaseFree	NA	NA	NOT HISPANIC OR LATINO	NA	NO	3/11/13	0.5761	G3	NA	Stomach, Adenocarcinoma, Diffuse Type	No	No	No	C16.3	8145/3	C16.3	YES	2011	NO	NA	NA	NA	YES	2	48	NA	NA	NA	1368	NA	NA	NO	NA	NA	NA	FALSE	DSTAD	6.57	0:LIVING	NA	B93221BA-2076-4DD4-9931-179571B7E16C	1FF2C1AA-9F09-46C8-A0EC-E0F40F8680E0	NA	TCGA-HU-A4GU.E576F53B-29FF-48F6-BDA8-55C85A186B9E.pdf	E576F53B-29FF-48F6-BDA8-55C85A186B9E	NA	Antrum/Distal	NA	NO	ASIAN	NO	NA	R0	YES	NA	NA	1	110	Primary	1	Male	NA	Stomach	Matched	NA	NA	NA	NA	NA	NA	NA	NA	NO	NA	NA	HU	47.1	NA	Complete Remission/Response	NA	NA	NA	NA	NA	TUMOR FREE	NA	NA	NA	A	NA	NA	NA	NA	NA	NA	NA	NA	NA	NA	NA	NA	NA	NA	NA	NA	NA	NA	NA	NA	NA	NA	NA	NA	NA	NA	NA	NA	NA	NA	NA	NA	NA	NA	NA	NA	NA	NA	NA	NA	NA	NA	NA	NA	NA	NA	NA	NA	NA	NA	NA	NA	NA	NA	NA	NA	NA	NA	NA	NA	NA	NA	NA	NA	NA	NA	NA	NA
stad_tcga	TCGA-HU-A4GX	TCGA-HU-A4GX-01	70	NA	M0	N2	Stage IIIC	7th	T4b	No	NA	Esophagogastric Cancer	Diffuse Type Stomach Adenocarcinoma	Daegu	NA	NA	NA	NA	NA	189	0	NA	NA	NA	20.24	0:DiseaseFree	NA	NA	NOT HISPANIC OR LATINO	NA	NO	3/11/13	0.1312	G3	NA	Stomach, Adenocarcinoma, Diffuse Type	No	No	No	C16.3	8145/3	C16.3	YES	2012	NO	NA	NA	NA	YES	6	71	NA	NA	NA	1263	NA	NA	NO	NA	NA	NA	FALSE	DSTAD	20.24	0:LIVING	NA	75915370-0895-4933-8875-8A31C65C3D50	33FA171E-C497-4C64-85CE-C2E3DFBF573B	NA	TCGA-HU-A4GX.B7205BE2-2251-4363-AC4A-8D0A482BEA72.pdf	B7205BE2-2251-4363-AC4A-8D0A482BEA72	NA	Antrum/Distal	NA	NO	ASIAN	NO	NA	R0	YES	NA	NA	1	340	Primary	1	Female	NA	Stomach	Matched	NA	NA	NA	NA	NA	NA	NA	NA	YES	NA	NA	HU	43.4	NA	Complete Remission/Response	NA	NA	NA	NA	NA	TUMOR FREE	NA	NA	NA	A	NA	NA	NA	NA	NA	NA	NA	NA	NA	NA	NA	NA	NA	NA	NA	NA	NA	NA	NA	NA	NA	NA	NA	NA	NA	NA	NA	NA	NA	NA	NA	NA	NA	NA	NA	NA	NA	NA	NA	NA	NA	NA	NA	NA	NA	NA	NA	NA	NA	NA	NA	NA	NA	NA	NA	NA	NA	NA	NA	NA	NA	NA	NA	NA	NA	NA	NA	NA
stad_tcga	TCGA-HU-A4GY	TCGA-HU-A4GY-01	76	NA	M0	N1	Stage IIIA	7th	T4	Yes	NA	Esophagogastric Cancer	Diffuse Type Stomach Adenocarcinoma	Daegu	NA	NA	NA	NA	NA	183	0	NA	NA	NA	0.26	0:DiseaseFree	NA	NA	NOT HISPANIC OR LATINO	NA	NO	3/11/13	0.0459	G3	NA	Stomach, Adenocarcinoma, Diffuse Type	No	No	NA	C16.3	8145/3	C16.3	YES	2012	NO	NA	NA	NA	YES	1	62	NA	NA	NA	73	NA	NA	NO	NA	NA	NA	FALSE	DSTAD	0.26	0:LIVING	NA	41327AAC-1228-435A-8DE5-B26886BDBCE0	5E1D51B7-2F85-4BCC-85F6-C9161E3C7A39	NA	TCGA-HU-A4GY.4A66179A-550C-4839-9075-7E7639D7CEC7.pdf	4A66179A-550C-4839-9075-7E7639D7CEC7	NA	Antrum/Distal	NA	NO	ASIAN	NA	NA	R0	YES	NA	NA	1	100	Primary	1	Female	NA	Stomach	Matched	NA	NA	NA	NA	NA	NA	NA	NA	NA	NA	NA	HU	2.53333333333	NA	NA	NA	NA	NA	NA	NA	TUMOR FREE	NA	NA	NA	A	NA	NA	NA	NA	NA	NA	NA	NA	NA	NA	NA	NA	NA	NA	NA	NA	NA	NA	NA	NA	NA	NA	NA	NA	NA	NA	NA	NA	NA	NA	NA	NA	NA	NA	NA	NA	NA	NA	NA	NA	NA	NA	NA	NA	NA	NA	NA	NA	NA	NA	NA	NA	NA	NA	NA	NA	NA	NA	NA	NA	NA	NA	NA	NA	NA	NA	NA	NA
stad_tcga	TCGA-HU-A4H0	TCGA-HU-A4H0-01	72	NA	M0	N3b	Stage IIIC	7th	T4a	No	NA	Esophagogastric Cancer	Diffuse Type Stomach Adenocarcinoma	Pusan	NA	NA	NA	NA	NA	288	0	NA	NA	NA	2.1	0:DiseaseFree	NA	NA	NOT HISPANIC OR LATINO	NA	NO	3/17/13	0.2129	G3	NA	Stomach, Adenocarcinoma, Diffuse Type	No	No	No	C16.2	8145/3	C16.2	YES	2011	NO	NA	NA	NA	YES	49	89	NA	NA	NA	156	NA	NA	NO	NA	NA	NA	FALSE	DSTAD	2.1	0:LIVING	NA	FE45EAEE-FF0C-4D52-B18C-04DC2D64D3B4	568CBF5F-86DA-4420-9C70-324D11B8E481	NA	TCGA-HU-A4H0.80481900-C013-4252-9BD4-3F59D4B1B06C.pdf	80481900-C013-4252-9BD4-3F59D4B1B06C	NA	Fundus/Body	NA	NO	ASIAN	NO	YES	R0	YES	NA	NA	1	70	Primary	1	Male	NA	Stomach	Matched	NA	NA	NA	NA	NA	NA	NA	NA	NO	NA	NA	HU	5.3	NA	NA	NA	NA	NA	NA	NA	TUMOR FREE	NA	NA	NA	A	NA	NA	NA	NA	NA	NA	NA	NA	NA	NA	NA	NA	NA	NA	NA	NA	NA	NA	NA	NA	NA	NA	NA	NA	NA	NA	NA	NA	NA	NA	NA	NA	NA	NA	NA	NA	NA	NA	NA	NA	NA	NA	NA	NA	NA	NA	NA	NA	NA	NA	NA	NA	NA	NA	NA	NA	NA	NA	NA	NA	NA	NA	NA	NA	NA	NA	NA	NA
stad_tcga	TCGA-HU-A4H2	TCGA-HU-A4H2-01	58	NA	M0	N3b	Stage IIIB	7th	T3	No	NA	Esophagogastric Cancer	Tubular Stomach Adenocarcinoma	Seoul	NA	NA	NA	NA	NA	489	0	NA	NA	NA	12.94	0:DiseaseFree	NA	NA	NOT HISPANIC OR LATINO	NA	YES	3/10/13	0.3570	G2	NA	Stomach, Intestinal Adenocarcinoma, Tubular Type	No	No	No	C16.3	8211/3	C16.3	YES	2011	NO	NA	NA	NA	YES	34	65	NA	NA	NA	138	NA	NA	NO	NA	1	NA	FALSE	TSTAD	12.94	0:LIVING	NA	7B594344-573D-46A0-B735-6727F6F15585	79787A68-78E6-4FBE-9FA8-FFF839E9534D	NA	TCGA-HU-A4H2.2E830971-490D-4AE0-A78F-3885E0E54E96.pdf	2E830971-490D-4AE0-A78F-3885E0E54E96	NA	Antrum/Distal	NA	NO	ASIAN	NO	NO	R0	YES	NA	NA	1	130	Primary	1	Female	NA	Stomach	Matched	NA	NA	NA	NA	NA	NA	NA	NA	NO	NA	NA	HU	5.13333333333	NO	Complete Remission/Response	NA	NA	NA	NA	NA	TUMOR FREE	NA	NA	NA	A	NA	NA	NA	NA	NA	NA	NA	NA	NA	NA	NA	NA	NA	NA	NA	NA	NA	NA	NA	NA	NA	NA	NA	NA	NA	NA	NA	NA	NA	NA	NA	NA	NA	NA	NA	NA	NA	NA	NA	NA	NA	NA	NA	NA	NA	NA	NA	NA	NA	NA	NA	NA	NA	NA	NA	NA	NA	NA	NA	NA	NA	NA	NA	NA	NA	NA	NA	NA
stad_tcga	TCGA-HU-A4H3	TCGA-HU-A4H3-01	56	NA	M0	N3b	Stage IIIC	7th	T4a	No	NA	Esophagogastric Cancer	Diffuse Type Stomach Adenocarcinoma	Seoul	NA	NA	NA	NA	NA	467	0	NA	NA	NA	15.31	1:Recurred/Progressed	NA	NA	NOT HISPANIC OR LATINO	NA	NO	3/10/13	0.1390	G3	NA	Stomach, Adenocarcinoma, Diffuse Type	No	No	No	C16.2	8145/3	C16.2	YES	2011	NO	NA	NA	NA	YES	16	36	NA	NA	NA	888	NA	NA	YES	NA	NA	NA	FALSE	DSTAD	28.98	0:LIVING	NA	39FA91BD-DFFD-4B2C-AF7D-7FD914730B08	CD33E854-1BDF-42E0-83E7-256C723C5B55	NA	TCGA-HU-A4H3.345715E9-6AC8-4727-96F1-AFBF66E37E43.pdf	345715E9-6AC8-4727-96F1-AFBF66E37E43	NA	Fundus/Body	NA	NO	ASIAN	NA	NO	R0	YES	NA	NA	1	210	Primary	1	Female	NA	Stomach	Matched	NA	NA	NA	NA	NA	NA	NA	NA	YES	NA	NA	HU	30.6666666667	NO	NA	NA	NA	NA	NA	NA	WITH TUMOR	NA	NA	NA	A	NA	NA	NA	NA	NA	NA	NA	NA	NA	NA	NA	NA	NA	NA	NA	NA	NA	NA	NA	NA	NA	NA	NA	NA	NA	NA	NA	NA	NA	NA	NA	NA	NA	NA	NA	NA	NA	NA	NA	NA	NA	NA	NA	NA	NA	NA	NA	NA	NA	NA	NA	NA	NA	NA	NA	NA	NA	NA	NA	NA	NA	NA	NA	NA	NA	NA	NA	NA
stad_tcga	TCGA-HU-A4H4	TCGA-HU-A4H4-01	53	NA	M0	N2	Stage IIB	7th	T2	No	NA	Esophagogastric Cancer	Tubular Stomach Adenocarcinoma	Seoul	NA	NA	NA	NA	NA	460	0	NA	NA	NA	23.82	0:DiseaseFree	NA	NA	NOT HISPANIC OR LATINO	NA	NO	3/10/13	0.1637	G3	NA	Stomach, Intestinal Adenocarcinoma, Tubular Type	No	No	No	C16.3	8211/3	C16.3	YES	2011	NO	NA	NA	NA	YES	4	21	NA	NA	NA	622	NA	NA	NO	NA	NA	NA	FALSE	TSTAD	23.82	0:LIVING	NA	00FDF96D-C48A-47E0-B91D-576C52E6819C	F8DF5FD6-BB50-473B-804A-F934DD266866	NA	TCGA-HU-A4H4.77B699E5-0AAF-4EE1-88FC-3D1AAE277A41.pdf	77B699E5-0AAF-4EE1-88FC-3D1AAE277A41	NA	Antrum/Distal	NA	NO	ASIAN	NO	NO	R0	YES	NA	NA	1	190	Primary	1	Female	NA	Stomach	Matched	NA	NA	NA	NA	NA	NA	NA	NA	YES	NA	NA	HU	21.5	NO	NA	NA	NA	NA	NA	NA	TUMOR FREE	NA	NA	NA	A	NA	NA	NA	NA	NA	NA	NA	NA	NA	NA	NA	NA	NA	NA	NA	NA	NA	NA	NA	NA	NA	NA	NA	NA	NA	NA	NA	NA	NA	NA	NA	NA	NA	NA	NA	NA	NA	NA	NA	NA	NA	NA	NA	NA	NA	NA	NA	NA	NA	NA	NA	NA	NA	NA	NA	NA	NA	NA	NA	NA	NA	NA	NA	NA	NA	NA	NA	NA
stad_tcga	TCGA-HU-A4H5	TCGA-HU-A4H5-01	71	NA	M0	N0	Stage IB	7th	T2	No	NA	Esophagogastric Cancer	Papillary Stomach Adenocarcinoma	Pusan	NA	NA	NA	NA	NA	287	0	NA	NA	NA	23.78	0:DiseaseFree	NA	NA	NOT HISPANIC OR LATINO	NA	NO	3/17/13	0.7295	GX	NA	Stomach, Intestinal Adenocarcinoma, Papillary Type	No	No	No	C16.1	8260/3	C16.1	YES	2011	NO	NA	NA	NA	YES	0	73	NA	NA	NA	244	NA	NA	NO	NA	NA	NA	FALSE	PSTAD	23.78	0:LIVING	NA	D262FDF0-30BF-4618-9342-DE5A2A053828	8E0943A1-092A-488C-AC5E-6EA0E0798BD3	NA	TCGA-HU-A4H5.FAA7C711-71B3-47A5-95C1-2A8005E6AA76.pdf	FAA7C711-71B3-47A5-95C1-2A8005E6AA76	NA	Fundus/Body	NA	NO	ASIAN	NO	YES	R0	YES	NA	NA	1	210	Primary	1	Male	NA	Stomach	Matched	NA	NA	NA	NA	NA	NA	NA	NA	YES	NA	NA	HU	8.33333333333	NA	Complete Remission/Response	NA	NA	NA	NA	NA	TUMOR FREE	NA	NA	NA	A	NA	NA	NA	NA	NA	NA	NA	NA	NA	NA	NA	NA	NA	NA	NA	NA	NA	NA	NA	NA	NA	NA	NA	NA	NA	NA	NA	NA	NA	NA	NA	NA	NA	NA	NA	NA	NA	NA	NA	NA	NA	NA	NA	NA	NA	NA	NA	NA	NA	NA	NA	NA	NA	NA	NA	NA	NA	NA	NA	NA	NA	NA	NA	NA	NA	NA	NA	NA
stad_tcga	TCGA-HU-A4H6	TCGA-HU-A4H6-01	72	NA	M0	N2	Stage IIIA	7th	T3	No	NA	Esophagogastric Cancer	Tubular Stomach Adenocarcinoma	Pusan	NA	NA	NA	NA	NA	239	0	NA	NA	NA	21.16	0:DiseaseFree	NA	NA	NOT HISPANIC OR LATINO	NA	NO	3/17/13	0.0639	G2	NA	Stomach, Intestinal Adenocarcinoma, Tubular Type	No	No	No	C16.3	8211/3	C16.3	YES	2011	NO	NA	NA	NA	YES	3	86	NA	NA	NA	100	NA	NA	NO	NA	NA	NA	FALSE	TSTAD	21.16	0:LIVING	NA	416FD59B-A4F8-4610-9F8B-473CB5C04A4A	16E40B49-C362-492C-B3BC-A7F1CB6FA05B	NA	TCGA-HU-A4H6.D055A047-E2AA-4E73-A437-EB9B5E026ED0.pdf	D055A047-E2AA-4E73-A437-EB9B5E026ED0	NA	Antrum/Distal	NA	NO	ASIAN	NO	NO	R0	YES	NA	NA	1	30	Primary	1	Female	NA	Stomach	Matched	NA	NA	NA	NA	NA	NA	NA	NA	YES	NA	NA	HU	3.7	NA	NA	NA	NA	NA	NA	NA	WITH TUMOR	NA	NA	NA	A	NA	NA	NA	NA	NA	NA	NA	NA	NA	NA	NA	NA	NA	NA	NA	NA	NA	NA	NA	NA	NA	NA	NA	NA	NA	NA	NA	NA	NA	NA	NA	NA	NA	NA	NA	NA	NA	NA	NA	NA	NA	NA	NA	NA	NA	NA	NA	NA	NA	NA	NA	NA	NA	NA	NA	NA	NA	NA	NA	NA	NA	NA	NA	NA	NA	NA	NA	NA
stad_tcga	TCGA-HU-A4H8	TCGA-HU-A4H8-01	77	NA	M0	N1	Stage IB	7th	T1b	Yes	NA	Esophagogastric Cancer	Tubular Stomach Adenocarcinoma	Daegu	NA	NA	NA	NA	NA	148	0	NA	NA	NA	11.63	1:Recurred/Progressed	NA	NA	NOT HISPANIC OR LATINO	NA	NO	3/11/13	0.0506	G2	NA	Stomach, Intestinal Adenocarcinoma, Tubular Type	No	No	No	C16.3	8211/3	C16.3	YES	2012	NO	NA	NA	NA	YES	1	62	NA	NA	NA	1200	NA	NA	NO	NA	NA	NA	FALSE	TSTAD	14.06	0:LIVING	NA	98760B3E-3075-4444-9A01-8F11935069D4	7CA5CB1C-DED0-4735-B36D-8497BAF6A65B	NA	TCGA-HU-A4H8.249F6B5F-89B9-4932-8B1F-183FE8E6126B.pdf	249F6B5F-89B9-4932-8B1F-183FE8E6126B	NA	Antrum/Distal	NA	NO	ASIAN	NO	NA	R0	YES	NA	NA	1	70	Primary	1	Male	NA	Stomach	Matched	NA	NA	NA	NA	NA	NA	NA	NA	YES	NA	NA	HU	40.8	NA	Complete Remission/Response	NA	NA	NA	NA	NA	TUMOR FREE	NA	NA	NA	A	NA	NA	NA	NA	NA	NA	NA	NA	NA	NA	NA	NA	NA	NA	NA	NA	NA	NA	NA	NA	NA	NA	NA	NA	NA	NA	NA	NA	NA	NA	NA	NA	NA	NA	NA	NA	NA	NA	NA	NA	NA	NA	NA	NA	NA	NA	NA	NA	NA	NA	NA	NA	NA	NA	NA	NA	NA	NA	NA	NA	NA	NA	NA	NA	NA	NA	NA	NA
stad_tcga	TCGA-HU-A4HB	TCGA-HU-A4HB-01	68	NA	M0	N2	Stage IIB	7th	T2	No	NA	Esophagogastric Cancer	Diffuse Type Stomach Adenocarcinoma	Daegu	NA	NA	NA	NA	NA	111	0	NA	NA	NA	12.81	1:Recurred/Progressed	NA	NA	NOT HISPANIC OR LATINO	NA	NO	3/11/13	0.0013	G3	NA	Stomach, Adenocarcinoma, Diffuse Type	No	No	No	C16.3	8145/3	C16.3	YES	2012	NO	NA	NA	NA	YES	5	43	NA	NA	NA	13	NA	NA	NO	NA	NA	NA	FALSE	DSTAD	15.67	1:DECEASED	NA	36E36773-1D03-4ED0-AE31-1C0CA55577A4	3C080FB3-7DC8-4D09-8266-A66CDB576CDF	NA	TCGA-HU-A4HB.D81144CF-B95D-4373-ACC6-01B9F092A9D7.pdf	D81144CF-B95D-4373-ACC6-01B9F092A9D7	NA	Antrum/Distal	NA	NO	ASIAN	NO	NA	R0	YES	NA	NA	1	70	Primary	1	Male	NA	Stomach	Matched	NA	NA	NA	NA	NA	NA	NA	NA	YES	NA	NA	HU	0.533333333333	NA	Complete Remission/Response	NA	NA	NA	NA	NA	TUMOR FREE	NA	NA	NA	A	NA	NA	NA	NA	NA	NA	NA	NA	NA	NA	NA	NA	NA	NA	NA	NA	NA	NA	NA	NA	NA	NA	NA	NA	NA	NA	NA	NA	NA	NA	NA	NA	NA	NA	NA	NA	NA	NA	NA	NA	NA	NA	NA	NA	NA	NA	NA	NA	NA	NA	NA	NA	NA	NA	NA	NA	NA	NA	NA	NA	NA	NA	NA	NA	NA	NA	NA	NA
stad_tcga	TCGA-HU-A4HD	TCGA-HU-A4HD-01	73	NA	M0	N2	Stage IIIA	7th	T3	No	NA	Esophagogastric Cancer	Tubular Stomach Adenocarcinoma	Hwasun, Jeollanam-Do	NA	NA	NA	NA	NA	719	0	NA	NA	NA	33.38	0:DiseaseFree	NA	NA	NOT HISPANIC OR LATINO	NA	NO	3/10/13	0.6166	G2	NA	Stomach, Intestinal Adenocarcinoma, Tubular Type	No	No	No	C16.3	8211/3	C16.3	YES	2010	NO	NA	NA	NA	YES	3	56	NA	NA	NA	160	NA	NA	NO	NA	NA	NA	FALSE	TSTAD	33.38	0:LIVING	NA	D807A1C0-F586-4F13-B8EF-3F79AB3D4B70	FE54B04E-86C4-4D64-A958-D2AC67DB7CA0	NA	TCGA-HU-A4HD.AC667C8E-A2B2-4229-9B7A-3B6C20633437.pdf	AC667C8E-A2B2-4229-9B7A-3B6C20633437	NA	Antrum/Distal	NA	NO	ASIAN	NO	NO	R0	YES	NA	NA	1	180	Primary	1	Male	NA	Stomach	Matched	NA	NA	NA	NA	NA	NA	NA	NA	NO	NA	NA	HU	5.7	NO	Stable Disease	NA	NA	NA	NA	NA	TUMOR FREE	NA	NA	NA	A	NA	NA	NA	NA	NA	NA	NA	NA	NA	NA	NA	NA	NA	NA	NA	NA	NA	NA	NA	NA	NA	NA	NA	NA	NA	NA	NA	NA	NA	NA	NA	NA	NA	NA	NA	NA	NA	NA	NA	NA	NA	NA	NA	NA	NA	NA	NA	NA	NA	NA	NA	NA	NA	NA	NA	NA	NA	NA	NA	NA	NA	NA	NA	NA	NA	NA	NA	NA
stad_tcga	TCGA-IN-7806	TCGA-IN-7806-01	50	NA	M0	N1	Stage IIB	7th	T3	No	NA	Esophagogastric Cancer	Diffuse Type Stomach Adenocarcinoma	PITTSBURGH	NA	NA	NA	NA	NA	NA	0	NA	NA	NA	36.33	0:DiseaseFree	NA	NA	NOT HISPANIC OR LATINO	NA	NO	3/29/12	0.3103	G3	NA	Stomach, Adenocarcinoma, Diffuse Type	No	No	No	C16.0	8145/3	C16.0	YES	2011	NO	NA	NA	1	YES	2	17	NA	NA	NA	69	NA	NA	NA	NA	0	NA	NA	DSTAD	36.33	0:LIVING	NA	87c217d4-66f4-46ca-8244-7856ce658fd3	9b864c79-bf5c-4430-86e8-d8479ed90d25	NA	TCGA-IN-7806.3d2025e5-85bf-46d2-90b4-0cc8ab50a656.pdf	3d2025e5-85bf-46d2-90b4-0cc8ab50a656	NA	Gastroesophageal Junction	NA	YES	WHITE	NA	YES	R0	NO	NA	NA	1	NA	Primary	1	Male	0.3	Stomach	Matched	NA	NA	0.5	NA	NA	NA	NA	NA	NA	NA	NA	IN	2.33333333333	YES	NA	Proton Pump Inhibitors	NA	NA	PA	NA	TUMOR FREE	NA	NA	NA	A	NA	NA	NA	NA	NA	NA	NA	NA	NA	NA	NA	NA	NA	NA	NA	NA	NA	NA	NA	NA	NA	NA	NA	NA	NA	NA	NA	NA	NA	NA	NA	NA	NA	NA	NA	NA	NA	NA	NA	NA	NA	NA	NA	NA	NA	NA	NA	NA	NA	NA	NA	NA	NA	NA	NA	NA	NA	NA	NA	NA	NA	NA	NA	NA	NA	NA	NA	NA
stad_tcga	TCGA-IN-7808	TCGA-IN-7808-01	59	NA	M1	N3	NA	7th	T3	No	NA	Esophagogastric Cancer	Diffuse Type Stomach Adenocarcinoma	PITTSBURGH	NA	NA	NA	NA	NA	NA	0	NA	NA	NA	NA	NA	NA	NA	NOT HISPANIC OR LATINO	NA	NO	3/29/12	0.1729	G3	NA	Stomach, Adenocarcinoma, Diffuse Type	No	No	No	C16.0	8145/3	C16.0	YES	2011	NO	NA	NA	1.1	YES	21	24	NA	NA	NA	108	NA	NA	NA	NA	0	NA	NA	DSTAD	3.45	1:DECEASED	NA	8f9be4e3-a1e5-4fa3-8d31-a53de781ed97	95e36503-33a7-4cd4-9290-f8ef97b8abbb	NA	TCGA-IN-7808.c5e11794-6234-4a87-8b4d-53c60ba59f08.pdf	c5e11794-6234-4a87-8b4d-53c60ba59f08	NA	Gastroesophageal Junction	NA	YES	WHITE	NA	NO	NA	NO	NA	NA	1	NA	Primary	1	Male	0.3	Stomach	Matched	NA	NA	0.6	NA	NA	NA	NA	NA	NA	NA	NA	IN	3.7	NO	NA	NA	NA	NA	PA	NA	WITH TUMOR	NA	NA	NA	A	NA	NA	NA	NA	NA	NA	NA	NA	NA	NA	NA	NA	NA	NA	NA	NA	NA	NA	NA	NA	NA	NA	NA	NA	NA	NA	NA	NA	NA	NA	NA	NA	NA	NA	NA	NA	NA	NA	NA	NA	NA	NA	NA	NA	NA	NA	NA	NA	NA	NA	NA	NA	NA	NA	NA	NA	NA	NA	NA	NA	NA	NA	NA	NA	NA	NA	NA	NA
stad_tcga	TCGA-IN-8462	TCGA-IN-8462-01	80	NA	M0	N1	Stage IIB	7th	T2	No	NA	Esophagogastric Cancer	Stomach Adenocarcinoma	Pittsburgh	NA	NA	NA	NA	NA	NA	0	NA	NA	NA	8.87	1:Recurred/Progressed	NA	NA	NOT HISPANIC OR LATINO	NA	NO	10/15/12	0.3165	G2	NA	Stomach, Adenocarcinoma, Not Otherwise Specified (NOS)	No	No	No	C16.0	8140/3	C16.0	YES	2011	NO	NA	NA	1.7	YES	2	6	NA	NA	NA	121	NA	NA	YES	NA	NA	NA	NA	STAD	18.79	0:LIVING	NA	ba3911e6-2208-4a04-8891-b5cba9fda6bf	26509d1e-253b-463c-8654-589929889fbe	NA	TCGA-IN-8462.18323d21-224b-49c8-94c8-fd8e2ec34a87.pdf	18323d21-224b-49c8-94c8-fd8e2ec34a87	NA	Gastroesophageal Junction	NA	YES	WHITE	NO	NO	R0	NO	NA	NA	1	NA	Primary	1	Male	0.2	Stomach	Matched	NA	NA	1	NA	NA	NA	NA	NA	NO	NA	NA	IN	4.13333333333	NO	NA	NA	NA	NA	PA	NA	WITH TUMOR	NA	NA	NA	A	NA	NA	NA	NA	NA	NA	NA	NA	NA	NA	NA	NA	NA	NA	NA	NA	NA	NA	NA	NA	NA	NA	NA	NA	NA	NA	NA	NA	NA	NA	NA	NA	NA	NA	NA	NA	NA	NA	NA	NA	NA	NA	NA	NA	NA	NA	NA	NA	NA	NA	NA	NA	NA	NA	NA	NA	NA	NA	NA	NA	NA	NA	NA	NA	NA	NA	NA	NA
stad_tcga	TCGA-IN-8663	TCGA-IN-8663-01	68	NA	M0	N2	Stage IIB	7th	T2	Yes	NA	Esophagogastric Cancer	Stomach Adenocarcinoma	NA	NA	NA	NA	NA	NA	NA	0	NA	NA	NA	NA	NA	NA	NA	NOT HISPANIC OR LATINO	NA	NA	1/24/13	0.5599	G3	NA	Stomach, Adenocarcinoma, Not Otherwise Specified (NOS)	No	No	NA	C16.0	8140/3	C16.0	YES	2011	NO	NA	NA	NA	YES	9	14	NA	NA	NA	149	NA	NA	NO	NA	NA	NA	NA	STAD	3.38	1:DECEASED	NA	d5550422-dc4b-4ebf-acb5-aa5243fff49f	d052ff92-4d6f-45fc-957d-dd0245c75c77	NA	TCGA-IN-8663.fba4cddf-b801-4dd0-bb6e-a571ef97424d.pdf	fba4cddf-b801-4dd0-bb6e-a571ef97424d	Other, non-malignant disease	Gastroesophageal Junction	NA	YES	WHITE	NO	NA	R0	NO	NA	NA	1	NA	Primary	1	Male	NA	Stomach	Matched	NA	NA	NA	NA	NA	NA	NA	NA	NO	NA	NA	IN	5.13333333333	NA	NA	NA	NA	NA	NA	NA	TUMOR FREE	NA	NA	NA	A	NA	NA	NA	NA	NA	NA	NA	NA	NA	NA	NA	NA	NA	NA	NA	NA	NA	NA	NA	NA	NA	NA	NA	NA	NA	NA	NA	NA	NA	NA	NA	NA	NA	NA	NA	NA	NA	NA	NA	NA	NA	NA	NA	NA	NA	NA	NA	NA	NA	NA	NA	NA	NA	NA	NA	NA	NA	NA	NA	NA	NA	NA	NA	NA	NA	NA	NA	NA
stad_tcga	TCGA-IN-A6RI	TCGA-IN-A6RI-01	45	NA	M0	N0	Stage I	7th	T1b	Yes	NA	Esophagogastric Cancer	Stomach Adenocarcinoma	Pittsburgh	NA	NA	NA	NA	NA	482	0	NA	NA	NA	18.36	0:DiseaseFree	NA	NA	NOT HISPANIC OR LATINO	NA	NA	3/10/14	0.2860	G2	NA	Stomach, Adenocarcinoma, Not Otherwise Specified (NOS)	No	No	NA	C16.0	8140/3	C16.0	YES	2012	NO	NA	NA	NA	YES	0	13	NA	NA	NA	88	NA	NA	NO	NA	NA	NA	TRUE	STAD	18.36	0:LIVING	NA	EC178822-D719-4E98-B864-16EC5AA005A4	815DB115-54ED-43AD-9DA8-0B1EFA93374A	NA	TCGA-IN-A6RI.1F91F713-5737-41AE-A613-F61A3AEAA841.pdf	1F91F713-5737-41AE-A613-F61A3AEAA841	NA	Gastroesophageal Junction	NA	YES	WHITE	NO	YES	R0	NO	NA	NA	1	270	Primary	1	Male	NA	Stomach	Matched	NA	NA	NA	NA	NA	NA	NA	NA	NO	NA	NA	IN	5.53333333333	NA	Complete Remission/Response	NA	NA	NA	Pennsylvania	NA	TUMOR FREE	NA	NA	NA	A	NA	NA	NA	NA	NA	NA	NA	NA	NA	NA	NA	NA	NA	NA	NA	NA	NA	NA	NA	NA	NA	NA	NA	NA	NA	NA	NA	NA	NA	NA	NA	NA	NA	NA	NA	NA	NA	NA	NA	NA	NA	NA	NA	NA	NA	NA	NA	NA	NA	NA	NA	NA	NA	NA	NA	NA	NA	NA	NA	NA	NA	NA	NA	NA	NA	NA	NA	NA
stad_tcga	TCGA-IN-A6RJ	TCGA-IN-A6RJ-01	64	NA	M0	N0	Stage IA	7th	T1b	Yes	NA	Esophagogastric Cancer	Stomach Adenocarcinoma	Warren	NA	NA	NA	NA	NA	386	0	NA	NA	NA	12.45	0:DiseaseFree	NA	NA	NOT HISPANIC OR LATINO	NA	NO	3/18/14	0.0628	G3	NA	Stomach, Adenocarcinoma, Not Otherwise Specified (NOS)	No	No	No	C16.0	8140/3	C16.0	YES	2012	NO	NA	NA	NA	YES	0	24	NA	NA	NA	116	NA	NA	NO	NA	NA	NA	TRUE	STAD	12.45	0:LIVING	NA	2A665611-2464-4FEF-8CE8-17C966FC74A5	5A1B85A5-072D-4BCC-BD02-F492037FC9D0	NA	TCGA-IN-A6RJ.27CF1376-834D-47B5-AD17-040D9E558D8F.pdf	27CF1376-834D-47B5-AD17-040D9E558D8F	NA	Gastroesophageal Junction	NA	YES	WHITE	NO	YES	R0	NO	NA	NA	1	160	Primary	1	Male	NA	Stomach	Matched	NA	NA	NA	NA	NA	NA	NA	NA	NO	NA	NA	IN	6.6	YES	Complete Remission/Response	H2 Blockers	NA	NA	Pennsylvania	NA	TUMOR FREE	NA	NA	NA	A	NA	NA	NA	NA	NA	NA	NA	NA	NA	NA	NA	NA	NA	NA	NA	NA	NA	NA	NA	NA	NA	NA	NA	NA	NA	NA	NA	NA	NA	NA	NA	NA	NA	NA	NA	NA	NA	NA	NA	NA	NA	NA	NA	NA	NA	NA	NA	NA	NA	NA	NA	NA	NA	NA	NA	NA	NA	NA	NA	NA	NA	NA	NA	NA	NA	NA	NA	NA
stad_tcga	TCGA-IN-A6RL	TCGA-IN-A6RL-01	84	NA	M0	N1	NA	7th	T2	NA	NA	Esophagogastric Cancer	Stomach Adenocarcinoma	Everett	NA	NA	NA	NA	NA	307	0	NA	NA	NA	10.09	1:Recurred/Progressed	NA	NA	NOT HISPANIC OR LATINO	NA	NA	3/10/14	0.3573	G2	NA	Stomach, Adenocarcinoma, Not Otherwise Specified (NOS)	No	No	NA	C16.0	8140/3	C16.0	YES	2012	NO	NA	NA	NA	YES	5	29	NA	NA	NA	399	NA	NA	NO	NA	NA	NA	TRUE	STAD	13.34	1:DECEASED	NA	D8DAF273-5334-4BE0-B9E0-CC0004552544	2C2E9712-6ACE-48F1-9470-F3EA60DF95A5	NA	TCGA-IN-A6RL.BBD38294-0174-48C8-8A3F-2B5FABC536A6.pdf	BBD38294-0174-48C8-8A3F-2B5FABC536A6	NA	Gastroesophageal Junction	NA	YES	WHITE	NO	NA	R0	NO	NA	NA	1	260	Primary	1	Male	NA	Stomach	Matched	NA	NA	NA	NA	NA	NA	NA	NA	NO	NA	NA	IN	24.7666666667	NA	Complete Remission/Response	NA	NA	NA	Pennsylvania	NA	TUMOR FREE	NA	NA	NA	A	NA	NA	NA	NA	NA	NA	NA	NA	NA	NA	NA	NA	NA	NA	NA	NA	NA	NA	NA	NA	NA	NA	NA	NA	NA	NA	NA	NA	NA	NA	NA	NA	NA	NA	NA	NA	NA	NA	NA	NA	NA	NA	NA	NA	NA	NA	NA	NA	NA	NA	NA	NA	NA	NA	NA	NA	NA	NA	NA	NA	NA	NA	NA	NA	NA	NA	NA	NA
stad_tcga	TCGA-IN-A6RN	TCGA-IN-A6RN-01	72	NA	M0	N2	Stage IIA	7th	T1b	Yes	NA	Esophagogastric Cancer	Stomach Adenocarcinoma	Confluence	NA	NA	NA	NA	NA	280	0	NA	NA	NA	19.51	0:DiseaseFree	NA	NA	NOT HISPANIC OR LATINO	NA	NA	3/10/14	0.2206	G2	NA	Stomach, Adenocarcinoma, Not Otherwise Specified (NOS)	No	No	NA	C16.0	8140/3	C16.0	YES	2012	NO	NA	NA	NA	YES	9	30	NA	NA	NA	102	NA	NA	NO	NA	NA	NA	TRUE	STAD	19.51	0:LIVING	NA	D2E49FE3-FC7C-47C5-AA1F-B6B06D10951A	EB45018E-C444-4CFD-9D44-74C9C640A140	NA	TCGA-IN-A6RN.B82ABADE-D379-4BE5-841C-C196F1965046.pdf	B82ABADE-D379-4BE5-841C-C196F1965046	NA	Gastroesophageal Junction	NA	YES	WHITE	NO	YES	R0	NO	NA	NA	1	150	Primary	1	Female	NA	Stomach	Matched	NA	NA	NA	NA	NA	NA	NA	NA	NO	NA	NA	IN	6.2	NA	Complete Remission/Response	NA	NA	NA	Pensylvania	NA	TUMOR FREE	NA	NA	NA	A	NA	NA	NA	NA	NA	NA	NA	NA	NA	NA	NA	NA	NA	NA	NA	NA	NA	NA	NA	NA	NA	NA	NA	NA	NA	NA	NA	NA	NA	NA	NA	NA	NA	NA	NA	NA	NA	NA	NA	NA	NA	NA	NA	NA	NA	NA	NA	NA	NA	NA	NA	NA	NA	NA	NA	NA	NA	NA	NA	NA	NA	NA	NA	NA	NA	NA	NA	NA
stad_tcga	TCGA-IN-A6RO	TCGA-IN-A6RO-01	70	NA	M0	N0	Stage IA	7th	T1b	NA	NA	Esophagogastric Cancer	Stomach Adenocarcinoma	Schaumburg	NA	NA	NA	NA	NA	230	0	NA	NA	NA	5.06	1:Recurred/Progressed	NA	NA	NOT HISPANIC OR LATINO	NA	NA	3/10/14	0.5386	G2	NA	Stomach, Adenocarcinoma, Not Otherwise Specified (NOS)	No	No	NA	C16.0	8140/3	C16.0	YES	2012	NO	NA	NA	NA	YES	0	22	NA	NA	NA	257	NA	NA	NO	NA	NA	NA	TRUE	STAD	NA	1:DECEASED	NA	2AE1706B-C0F7-40E3-AFE5-CB75D1584B96	C6E17043-A145-4CC3-B889-4F499B17DBF3	NA	TCGA-IN-A6RO.C0E5F045-3F12-45CF-A6A4-034D99F2A719.pdf	C0E5F045-3F12-45CF-A6A4-034D99F2A719	NA	Gastroesophageal Junction	NA	YES	ASIAN	YES	NA	R0	NO	NA	NA	1	150	Primary	1	Male	NA	Stomach	Matched	NA	NA	NA	NA	NA	NA	NA	NA	YES	NA	NA	IN	16.2666666667	NA	NA	NA	NA	NA	Illinois	NA	NA	NA	NA	NA	A	NA	NA	NA	NA	NA	NA	NA	NA	NA	NA	NA	NA	NA	NA	NA	NA	NA	NA	NA	NA	NA	NA	NA	NA	NA	NA	NA	NA	NA	NA	NA	NA	NA	NA	NA	NA	NA	NA	NA	NA	NA	NA	NA	NA	NA	NA	NA	NA	NA	NA	NA	NA	NA	NA	NA	NA	NA	NA	NA	NA	NA	NA	NA	NA	NA	NA	NA	NA
stad_tcga	TCGA-IN-A6RP	TCGA-IN-A6RP-01	63	NA	M0	N3	NA	7th	T1b	NA	NA	Esophagogastric Cancer	Stomach Adenocarcinoma	Marietta	NA	NA	NA	NA	NA	226	0	NA	NA	NA	4.93	1:Recurred/Progressed	NA	NA	NOT HISPANIC OR LATINO	NA	NA	3/10/14	0.2595	G3	NA	Stomach, Adenocarcinoma, Not Otherwise Specified (NOS)	No	No	NA	C16.0	8140/3	C16.0	YES	2012	NO	NA	NA	NA	YES	7	28	NA	NA	NA	154	NA	NA	YES	NA	NA	NA	TRUE	STAD	6.44	0:LIVING	NA	DBC29B1B-42B8-4249-A1D1-3BA117EFEA43	4079F262-997B-4B55-8B96-5A0643CB9760	NA	TCGA-IN-A6RP.966DE898-685F-4297-8459-8CFC8D170A8F.pdf	966DE898-685F-4297-8459-8CFC8D170A8F	NA	Gastroesophageal Junction	NA	YES	WHITE	YES	YES	R0	NO	NA	NA	1	210	Primary	1	Male	NA	Stomach	Matched	NA	NA	NA	NA	NA	NA	NA	NA	YES	NA	NA	IN	9.56666666667	NA	Progressive Disease	NA	NA	NA	Ohio	NA	WITH TUMOR	NA	NA	NA	A	NA	NA	NA	NA	NA	NA	NA	NA	NA	NA	NA	NA	NA	NA	NA	NA	NA	NA	NA	NA	NA	NA	NA	NA	NA	NA	NA	NA	NA	NA	NA	NA	NA	NA	NA	NA	NA	NA	NA	NA	NA	NA	NA	NA	NA	NA	NA	NA	NA	NA	NA	NA	NA	NA	NA	NA	NA	NA	NA	NA	NA	NA	NA	NA	NA	NA	NA	NA
stad_tcga	TCGA-IN-A6RR	TCGA-IN-A6RR-01	84	NA	M0	N1	NA	7th	T3	NA	NA	Esophagogastric Cancer	Stomach Adenocarcinoma	Brookville	NA	NA	NA	NA	NA	126	0	NA	NA	NA	NA	NA	NA	NA	NOT HISPANIC OR LATINO	NA	NA	3/10/14	0.4727	G3	NA	Stomach, Adenocarcinoma, Not Otherwise Specified (NOS)	No	No	NA	C16.0	8140/3	C16.0	YES	2013	NO	NA	NA	NA	YES	9	45	NA	NA	NA	144	NA	NA	NO	NA	NA	NA	TRUE	STAD	6.73	1:DECEASED	NA	7AB5A708-803F-4D8C-9B25-645F06851A26	236E195A-1563-43DF-BA4B-D42F803B98D3	NA	TCGA-IN-A6RR.26F5CD91-58E0-45AC-BCF5-47AD99D3F569.pdf	26F5CD91-58E0-45AC-BCF5-47AD99D3F569	NA	Gastroesophageal Junction	NA	YES	WHITE	NO	NA	R0	NO	NA	NA	1	740	Primary	1	Male	NA	Stomach	Matched	NA	NA	NA	NA	NA	NA	NA	NA	YES	NA	NA	IN	8.46666666667	NA	NA	NA	NA	NA	Pennsylvania	NA	TUMOR FREE	NA	NA	NA	A	NA	NA	NA	NA	NA	NA	NA	NA	NA	NA	NA	NA	NA	NA	NA	NA	NA	NA	NA	NA	NA	NA	NA	NA	NA	NA	NA	NA	NA	NA	NA	NA	NA	NA	NA	NA	NA	NA	NA	NA	NA	NA	NA	NA	NA	NA	NA	NA	NA	NA	NA	NA	NA	NA	NA	NA	NA	NA	NA	NA	NA	NA	NA	NA	NA	NA	NA	NA
stad_tcga	TCGA-IN-A6RS	TCGA-IN-A6RS-01	76	NA	M0	N0	Stage IA	7th	T1b	NA	NA	Esophagogastric Cancer	Stomach Adenocarcinoma	Martin's Ferry	NA	NA	NA	NA	NA	127	0	NA	NA	NA	12.58	0:DiseaseFree	NA	NA	NOT HISPANIC OR LATINO	NA	NA	3/10/14	0.3503	G2	NA	Stomach, Adenocarcinoma, Not Otherwise Specified (NOS)	No	No	NA	C16.0	8140/3	C16.0	YES	2013	NO	NA	NA	NA	YES	0	27	NA	NA	NA	84	NA	NA	NO	NA	NA	NA	TRUE	STAD	12.58	0:LIVING	NA	BAF9A42A-E39E-4AAC-B7B5-1B63B7FA1435	B5C52EEA-05EC-4C00-9487-363AD14E4D26	NA	TCGA-IN-A6RS.ACBEB551-8AAB-4D64-8797-5D5DB3B31AD4.pdf	ACBEB551-8AAB-4D64-8797-5D5DB3B31AD4	NA	Gastroesophageal Junction	NA	YES	WHITE	NO	NA	R0	NO	NA	NA	1	220	Primary	1	Male	NA	Stomach	Matched	NA	NA	NA	NA	NA	NA	NA	NA	NO	NA	NA	IN	2.86666666667	NA	Complete Remission/Response	NA	NA	NA	Ohio	NA	TUMOR FREE	NA	NA	NA	A	NA	NA	NA	NA	NA	NA	NA	NA	NA	NA	NA	NA	NA	NA	NA	NA	NA	NA	NA	NA	NA	NA	NA	NA	NA	NA	NA	NA	NA	NA	NA	NA	NA	NA	NA	NA	NA	NA	NA	NA	NA	NA	NA	NA	NA	NA	NA	NA	NA	NA	NA	NA	NA	NA	NA	NA	NA	NA	NA	NA	NA	NA	NA	NA	NA	NA	NA	NA
stad_tcga	TCGA-IN-A7NR	TCGA-IN-A7NR-01	64	NA	M1	N3	Stage IV	7th	T3	NA	NA	Esophagogastric Cancer	Stomach Adenocarcinoma	Youngstown	NA	NA	NA	NA	NA	233	0	NA	NA	NA	6.5	0:DiseaseFree	NA	NA	NOT HISPANIC OR LATINO	NA	NA	7/1/14	0.0035	G3	NA	Stomach, Adenocarcinoma, Not Otherwise Specified (NOS)	No	No	NA	C16.0	8140/3	C16.0	YES	2013	NO	NA	NA	NA	YES	9	17	NA	NA	NA	66	NA	NA	NO	NA	NA	NA	TRUE	STAD	6.5	0:LIVING	NA	F74DF45F-8CFD-4DA8-BF84-7B1C80DC57EB	19AF171A-CC13-4110-BA75-6F0FFFEDFCC7	NA	TCGA-IN-A7NR.B2AEEABA-EBD1-40E2-B3DD-C7C566C4D8B0.pdf	B2AEEABA-EBD1-40E2-B3DD-C7C566C4D8B0	NA	Gastroesophageal Junction	NA	YES	WHITE	NO	YES	R0	NO	NA	NA	1	220	Primary	1	Female	NA	Stomach	Matched	NA	NA	NA	NA	NA	NA	NA	NA	YES	NA	NA	IN	2.3	NA	Complete Remission/Response	NA	NA	NA	Ohio	NA	TUMOR FREE	NA	NA	NA	A	NA	NA	NA	NA	NA	NA	NA	NA	NA	NA	NA	NA	NA	NA	NA	NA	NA	NA	NA	NA	NA	NA	NA	NA	NA	NA	NA	NA	NA	NA	NA	NA	NA	NA	NA	NA	NA	NA	NA	NA	NA	NA	NA	NA	NA	NA	NA	NA	NA	NA	NA	NA	NA	NA	NA	NA	NA	NA	NA	NA	NA	NA	NA	NA	NA	NA	NA	NA
stad_tcga	TCGA-IN-A7NT	TCGA-IN-A7NT-01	73	NA	M0	N1	Stage IIB	7th	T3	NA	NA	Esophagogastric Cancer	Stomach Adenocarcinoma	Windber	NA	NA	NA	NA	NA	86	0	NA	NA	NA	10.61	0:DiseaseFree	NA	NA	NOT HISPANIC OR LATINO	NA	NA	3/11/14	0.3228	G3	NA	Stomach, Adenocarcinoma, Not Otherwise Specified (NOS)	No	No	NA	C16.0	8140/3	C16.0	YES	2013	NO	NA	NA	NA	YES	1	35	NA	NA	NA	95	NA	NA	NO	NA	NA	NA	TRUE	STAD	10.61	0:LIVING	NA	53108D62-6B7C-429F-9FEC-474781174968	3097A891-3611-4ACE-B2CF-4B6B18DF6385	NA	TCGA-IN-A7NT.61874701-7A2F-4E6F-816C-F53EBE92ECA9.pdf	61874701-7A2F-4E6F-816C-F53EBE92ECA9	NA	Gastroesophageal Junction	NA	YES	WHITE	NO	YES	R0	NO	NA	NA	1	210	Primary	1	Female	NA	Stomach	Matched	NA	NA	NA	NA	NA	NA	NA	NA	YES	NA	NA	IN	3.23333333333	YES	Complete Remission/Response	Proton Pump Inhibitors	NA	NA	Pennsylvania	NA	TUMOR FREE	NA	NA	NA	A	NA	NA	NA	NA	NA	NA	NA	NA	NA	NA	NA	NA	NA	NA	NA	NA	NA	NA	NA	NA	NA	NA	NA	NA	NA	NA	NA	NA	NA	NA	NA	NA	NA	NA	NA	NA	NA	NA	NA	NA	NA	NA	NA	NA	NA	NA	NA	NA	NA	NA	NA	NA	NA	NA	NA	NA	NA	NA	NA	NA	NA	NA	NA	NA	NA	NA	NA	NA
stad_tcga	TCGA-IN-A7NU	TCGA-IN-A7NU-01	69	NA	M0	N3	Stage IIIB	7th	T3	NA	NA	Esophagogastric Cancer	Stomach Adenocarcinoma	Cabot	NA	NA	NA	NA	NA	100	0	NA	NA	NA	11.07	1:Recurred/Progressed	NA	NA	NOT HISPANIC OR LATINO	NA	NA	3/11/14	0.2248	G3	NA	Stomach, Adenocarcinoma, Not Otherwise Specified (NOS)	No	No	NA	C16.0	8140/3	C16.0	YES	2013	NO	NA	NA	NA	YES	12	12	NA	NA	NA	75	NA	NA	NA	NA	NA	NA	TRUE	STAD	11.7	0:LIVING	NA	26A5E389-8EC2-4316-BEEA-F9A63D455B73	5EB49910-8199-43E3-A221-E7399AB23C08	NA	TCGA-IN-A7NU.B3C47BB0-94E7-4649-AFD1-0BA5045D28D1.pdf	B3C47BB0-94E7-4649-AFD1-0BA5045D28D1	NA	Gastroesophageal Junction	NA	YES	WHITE	NA	NA	R0	NO	NA	NA	1	240	Primary	1	Male	NA	Stomach	Matched	NA	NA	NA	NA	NA	NA	NA	NA	NA	NA	NA	IN	2.6	NA	NA	NA	NA	NA	Pennsylvania	NA	NA	NA	NA	NA	A	NA	NA	NA	NA	NA	NA	NA	NA	NA	NA	NA	NA	NA	NA	NA	NA	NA	NA	NA	NA	NA	NA	NA	NA	NA	NA	NA	NA	NA	NA	NA	NA	NA	NA	NA	NA	NA	NA	NA	NA	NA	NA	NA	NA	NA	NA	NA	NA	NA	NA	NA	NA	NA	NA	NA	NA	NA	NA	NA	NA	NA	NA	NA	NA	NA	NA	NA	NA
stad_tcga	TCGA-IN-AB1V	TCGA-IN-AB1V-01	63	NA	M0	N0	Stage IA	7th	T1b	Yes	NA	Esophagogastric Cancer	Stomach Adenocarcinoma	Scottdale	NA	NA	NA	NA	NA	152	0	NA	NA	NA	15.74	0:DiseaseFree	NA	NA	NOT HISPANIC OR LATINO	NA	NA	7/1/14	0.1645	G2	NA	Stomach, Adenocarcinoma, Not Otherwise Specified (NOS)	No	No	NA	C16.0	8140/3	C16.0	YES	2013	NO	NA	NA	NA	YES	0	39	NA	NA	NA	43	NA	NA	NO	NA	NA	NA	TRUE	STAD	15.74	0:LIVING	NA	DDCC73BF-B10F-4FAB-96D4-3077947FCD2D	0031B3DA-6552-4547-846E-51C6D962E142	NA	TCGA-IN-AB1V.388833EE-F0C7-4B1C-8E98-31F4AAF90AE7.pdf	388833EE-F0C7-4B1C-8E98-31F4AAF90AE7	NA	Gastroesophageal Junction	NA	YES	WHITE	NO	YES	R0	NO	NA	NA	1	240	Primary	1	Male	NA	Stomach	Matched	NA	NA	NA	NA	NA	NA	NA	NA	NO	NA	NA	IN	1.5	NA	Complete Remission/Response	NA	NA	NA	Pennsylvania	NA	TUMOR FREE	NA	NA	NA	A	NA	NA	NA	NA	NA	NA	NA	NA	NA	NA	NA	NA	NA	NA	NA	NA	NA	NA	NA	NA	NA	NA	NA	NA	NA	NA	NA	NA	NA	NA	NA	NA	NA	NA	NA	NA	NA	NA	NA	NA	NA	NA	NA	NA	NA	NA	NA	NA	NA	NA	NA	NA	NA	NA	NA	NA	NA	NA	NA	NA	NA	NA	NA	NA	NA	NA	NA	NA
stad_tcga	TCGA-IN-AB1X	TCGA-IN-AB1X-01	78	NA	M0	N0	Stage IIA	7th	T3	NA	NA	Esophagogastric Cancer	Stomach Adenocarcinoma	Everett	NA	NA	NA	NA	NA	96	0	NA	NA	NA	13.5	0:DiseaseFree	NA	NA	NOT HISPANIC OR LATINO	NA	NA	7/1/14	0.0999	G3	NA	Stomach, Adenocarcinoma, Not Otherwise Specified (NOS)	No	No	NA	C16.0	8140/3	C16.0	YES	2013	NO	NA	NA	NA	YES	0	42	NA	NA	NA	99	NA	NA	NO	NA	NA	NA	TRUE	STAD	13.5	0:LIVING	NA	1E5A3796-6249-4A91-9FC8-0C273E337F29	4E4730C9-F401-48C1-8E19-CBF8BC88D17B	NA	TCGA-IN-AB1X.03B5A14D-7D7D-4FF2-B41F-E98A2E771E33.pdf	03B5A14D-7D7D-4FF2-B41F-E98A2E771E33	NA	Gastroesophageal Junction	NA	YES	WHITE	NO	NA	R0	NO	NA	NA	1	240	Primary	1	Female	NA	Stomach	Matched	NA	NA	NA	NA	NA	NA	NA	NA	YES	NA	NA	IN	6.2	NA	Complete Remission/Response	NA	NA	NA	Pennsylvania	NA	TUMOR FREE	NA	NA	NA	A	NA	NA	NA	NA	NA	NA	NA	NA	NA	NA	NA	NA	NA	NA	NA	NA	NA	NA	NA	NA	NA	NA	NA	NA	NA	NA	NA	NA	NA	NA	NA	NA	NA	NA	NA	NA	NA	NA	NA	NA	NA	NA	NA	NA	NA	NA	NA	NA	NA	NA	NA	NA	NA	NA	NA	NA	NA	NA	NA	NA	NA	NA	NA	NA	NA	NA	NA	NA
stad_tcga	TCGA-IP-7968	TCGA-IP-7968-01	74	NA	MX	N2	Stage IIIB	7th	T3	No	NA	Esophagogastric Cancer	Signet Ring Cell Carcinoma of the Stomach	NA	NA	NA	NA	NA	NA	NA	0	NA	NA	NA	2.53	0:DiseaseFree	NA	NA	NOT HISPANIC OR LATINO	NA	NO	4/10/12	0.1837	G2	NA	Stomach, Adenocarcinoma, Not Otherwise Specified (NOS)	No	No	NA	C16.0	8490/3	C16.0	YES	2011	NO	NA	NA	2.3	YES	4	49	NA	NA	NA	97	NA	NA	NA	NA	0	NA	NA	SSRCC	2.53	0:LIVING	NA	faf5f1e3-9f7d-4a9d-a005-6cad5e4becf7	2beb4f10-375b-4f87-97be-43c2eb8a39f8	NA	TCGA-IP-7968.a5a9d8f6-5e1d-4bf3-80a4-b5b740ab2333.pdf	a5a9d8f6-5e1d-4bf3-80a4-b5b740ab2333	NA	Gastroesophageal Junction	NA	YES	WHITE	NA	NO	R0	NO	NA	NA	1	NA	Primary	1	Male	0.5	Stomach	Matched	NA	NA	1.2	NA	NA	NA	NA	NA	NA	NA	NA	IP	3.43333333333	NO	NA	NA	NA	NA	NA	NA	TUMOR FREE	NA	NA	NA	A	NA	NA	NA	NA	NA	NA	NA	NA	NA	NA	NA	NA	NA	NA	NA	NA	NA	NA	NA	NA	NA	NA	NA	NA	NA	NA	NA	NA	NA	NA	NA	NA	NA	NA	NA	NA	NA	NA	NA	NA	NA	NA	NA	NA	NA	NA	NA	NA	NA	NA	NA	NA	NA	NA	NA	NA	NA	NA	NA	NA	NA	NA	NA	NA	NA	NA	NA	NA
stad_tcga	TCGA-KB-A6F5	TCGA-KB-A6F5-01	73	NA	M0	N2	Stage IIIA	7th	T3	No	NA	Esophagogastric Cancer	Stomach Adenocarcinoma	Toronto	NA	NA	NA	NA	NA	766	0	NA	NA	NA	5.55	0:DiseaseFree	NA	NA	NA	NA	NO	12/16/13	0.3675	G3	NA	Stomach, Intestinal Adenocarcinoma, Not Otherwise Specified (NOS)	No	No	No	C16.0	8144/3	C16.0	YES	2011	NO	NA	NA	NA	YES	4	16	NA	NA	NA	60	NA	NA	NA	NA	NA	NA	FALSE	STAD	5.55	0:LIVING	NA	E44B2FFD-7E1E-4C89-805F-F68E67C3DC9B	C571D943-4915-455B-A42F-C9C1DF1F2CDD	NA	TCGA-KB-A6F5.85EA626E-56D5-413B-9E90-1DD636BAAEE1.pdf	85EA626E-56D5-413B-9E90-1DD636BAAEE1	NA	Gastroesophageal Junction	NA	NO	NA	NO	NO	R0	YES	NA	NA	1	190	Primary	1	Male	NA	Stomach	Matched	NA	NA	NA	NA	NA	NA	NA	NA	NO	NA	NA	KB	3.4	NO	Complete Remission/Response	NA	NA	NA	Ontario	NA	TUMOR FREE	NA	NA	NA	A	NA	NA	NA	NA	NA	NA	NA	NA	NA	NA	NA	NA	NA	NA	NA	NA	NA	NA	NA	NA	NA	NA	NA	NA	NA	NA	NA	NA	NA	NA	NA	NA	NA	NA	NA	NA	NA	NA	NA	NA	NA	NA	NA	NA	NA	NA	NA	NA	NA	NA	NA	NA	NA	NA	NA	NA	NA	NA	NA	NA	NA	NA	NA	NA	NA	NA	NA	NA
stad_tcga	TCGA-KB-A6F7	TCGA-KB-A6F7-01	54	NA	M0	N1	Stage IB	6th	T1	No	NA	Esophagogastric Cancer	Stomach Adenocarcinoma	Toronto	NA	NA	NA	NA	NA	1483	0	NA	NA	NA	63.57	0:DiseaseFree	NA	NA	NA	NA	NO	12/19/13	0.2326	G3	NA	Stomach, Intestinal Adenocarcinoma, Not Otherwise Specified (NOS)	No	No	NA	C16.2	8144/3	C16.2	YES	2009	NO	NA	NA	NA	YES	1	30	NA	NA	NA	101	NA	NA	NO	NA	NA	NA	FALSE	STAD	63.57	0:LIVING	NA	197D01A5-321C-461E-9B45-B359288B959A	6FE8BE1C-A0E3-4FAD-B7DB-C3849C8488A4	NA	TCGA-KB-A6F7.86DA3B37-396F-431F-9BE1-1D7F29828450.pdf	86DA3B37-396F-431F-9BE1-1D7F29828450	NA	Fundus/Body	NA	NO	NA	YES	NA	R0	YES	NA	NA	1	50	Primary	1	Female	NA	Stomach	Matched	NA	NA	NA	NA	NA	NA	NA	NA	YES	NA	NA	KB	6.16666666667	NA	Complete Remission/Response	NA	NA	NA	Ontario	NA	TUMOR FREE	NA	NA	NA	A	NA	NA	NA	NA	NA	NA	NA	NA	NA	NA	NA	NA	NA	NA	NA	NA	NA	NA	NA	NA	NA	NA	NA	NA	NA	NA	NA	NA	NA	NA	NA	NA	NA	NA	NA	NA	NA	NA	NA	NA	NA	NA	NA	NA	NA	NA	NA	NA	NA	NA	NA	NA	NA	NA	NA	NA	NA	NA	NA	NA	NA	NA	NA	NA	NA	NA	NA	NA
stad_tcga	TCGA-KB-A93G	TCGA-KB-A93G-01	68	NA	M0	N0	Stage IB	7th	T2	No	NA	Esophagogastric Cancer	Signet Ring Cell Carcinoma of the Stomach	Toronto	NA	NA	NA	NA	NA	301	0	NA	NA	NA	20.14	0:DiseaseFree	NA	NA	NA	NA	NO	6/20/14	0.0023	G1	NA	Stomach Adenocarcinoma, Signet Ring Type	No	Yes, History of Prior Malignancy	No	C16.0	8490/3	C16.0	YES	2013	NO	NA	NA	NA	YES	0	32	NA	NA	NA	68	NA	NA	NO	NA	NA	NA	FALSE	SSRCC	20.14	0:LIVING	NA	E52396D1-ACD6-44F4-99C5-1A367128008D	0BBEAC58-6A0E-4315-BAE5-2E16A3D5193A	NA	TCGA-KB-A93G.3B97BD54-A8BB-437D-9C2D-512B1903C051.pdf	3B97BD54-A8BB-437D-9C2D-512B1903C051	NA	Gastroesophageal Junction	NA	NO	WHITE	NO	YES	R0	YES	NA	NA	1	100	Primary	1	Male	NA	Stomach	Matched	NA	NA	NA	NA	NA	NA	NA	NA	NO	NA	NA	KB	2.33333333333	YES	Complete Remission/Response	Antacids	NA	NA	Ontario	NA	TUMOR FREE	NA	NA	NA	A	NA	NA	NA	NA	NA	NA	NA	NA	NA	NA	NA	NA	NA	NA	NA	NA	NA	NA	NA	NA	NA	NA	NA	NA	NA	NA	NA	NA	NA	NA	NA	NA	NA	NA	NA	NA	NA	NA	NA	NA	NA	NA	NA	NA	NA	NA	NA	NA	NA	NA	NA	NA	NA	NA	NA	NA	NA	NA	NA	NA	NA	NA	NA	NA	NA	NA	NA	NA
stad_tcga	TCGA-KB-A93H	TCGA-KB-A93H-01	79	NA	M0	N1	Stage IIB	7th	T3	No	NA	Esophagogastric Cancer	Tubular Stomach Adenocarcinoma	Toronto	NA	NA	NA	NA	NA	738	0	NA	NA	NA	37.61	0:DiseaseFree	NA	NA	NA	NA	NO	6/20/14	0.5326	G1	NA	Stomach, Intestinal Adenocarcinoma, Tubular Type	No	No	No	C16.2	8211/3	C16.2	YES	2011	NO	NA	NA	NA	YES	1	23	NA	NA	NA	NA	NA	NA	NO	NA	NA	NA	FALSE	TSTAD	37.61	0:LIVING	NA	DE865002-4938-4120-AA15-254FD40F2039	E9861A16-35EA-40AB-8676-713ADF5F5BCF	NA	TCGA-KB-A93H.6F6F9A10-864C-4611-A12E-FE08139FDD37.pdf	6F6F9A10-864C-4611-A12E-FE08139FDD37	NA	Fundus/Body	NA	NO	ASIAN	NO	NO	R0	YES	NA	NA	1	110	Primary	1	Female	NA	Stomach	Matched	NA	NA	NA	NA	NA	NA	NA	NA	NO	NA	NA	KB	0	NA	Complete Remission/Response	NA	NA	NA	Ontario	NA	TUMOR FREE	NA	NA	NA	A	NA	NA	NA	NA	NA	NA	NA	NA	NA	NA	NA	NA	NA	NA	NA	NA	NA	NA	NA	NA	NA	NA	NA	NA	NA	NA	NA	NA	NA	NA	NA	NA	NA	NA	NA	NA	NA	NA	NA	NA	NA	NA	NA	NA	NA	NA	NA	NA	NA	NA	NA	NA	NA	NA	NA	NA	NA	NA	NA	NA	NA	NA	NA	NA	NA	NA	NA	NA
stad_tcga	TCGA-KB-A93J	TCGA-KB-A93J-01	78	NA	M0	N1	Stage II	6th	T2b	No	NA	Esophagogastric Cancer	Diffuse Type Stomach Adenocarcinoma	Toronto	NA	NA	NA	NA	NA	1911	0	NA	NA	NA	36.93	0:DiseaseFree	NA	NA	NA	NA	NO	6/20/14	0.7329	G3	NA	Stomach, Adenocarcinoma, Diffuse Type	No	No	No	C16.0	8145/3	C16.0	YES	2008	NO	NA	NA	NA	YES	1	35	NA	NA	NA	146	NA	NA	NA	NA	NA	NA	FALSE	DSTAD	36.93	0:LIVING	NA	5F263B2C-3385-4D07-99C2-D7B613C4A470	888711A8-8FFD-49BB-AA85-7455C07F1AD5	NA	TCGA-KB-A93J.9747C9BD-3F58-48B6-9068-E5E04070B15A.pdf	9747C9BD-3F58-48B6-9068-E5E04070B15A	NA	Other (please specify)	NA	NO	WHITE	YES	NO	R0	YES	NA	NA	1	90	Primary	1	Male	NA	Stomach	Matched	NA	NA	NA	NA	NA	NA	NA	NA	YES	NA	NA	KB	5.06666666667	NA	Complete Remission/Response	NA	NA	NA	Ontario	NA	NA	NA	NA	NA	A	NA	NA	NA	NA	NA	NA	NA	NA	NA	NA	NA	NA	NA	NA	NA	NA	NA	NA	NA	NA	NA	NA	NA	NA	NA	NA	NA	NA	NA	NA	NA	NA	NA	NA	NA	NA	NA	NA	NA	NA	NA	NA	NA	NA	NA	NA	NA	NA	NA	NA	NA	NA	NA	NA	NA	NA	NA	NA	NA	NA	NA	NA	NA	NA	NA	NA	NA	NA
stad_tcga	TCGA-MX-A5UG	TCGA-MX-A5UG-01	78	NA	M0	N1	Stage IIIA	6th	T3	No	NA	Esophagogastric Cancer	Diffuse Type Stomach Adenocarcinoma	New York	NA	NA	NA	NA	NA	1982	0	NA	NA	NA	NA	NA	NA	NA	NOT HISPANIC OR LATINO	NA	NO	5/10/13	0.0001	G3	NA	Stomach, Adenocarcinoma, Diffuse Type	No	No	Yes	C16.3	8145/3	C16.3	YES	2007	NO	NA	NA	NA	YES	2	14	NA	NA	NA	39	NA	NA	NO	NA	0	NA	TRUE	DSTAD	3.71	1:DECEASED	NA	F72A26E8-7F96-4D86-B37B-7DC35F681133	3AB61577-1392-43E0-8B2D-60D9823B4BD5	NA	TCGA-MX-A5UG.141CEB44-5BA7-4FB3-87CD-47CE07056889.pdf	141CEB44-5BA7-4FB3-87CD-47CE07056889	Stomach Cancer	Antrum/Distal	NA	NO	ASIAN	NO	NO	R0	YES	NA	NA	1	270	Primary	1	Male	NA	Stomach	Matched	NA	NA	NA	NA	NA	NA	NA	NA	NO	NA	NA	MX	2.33333333333	NO	NA	NA	NA	NA	New York	NA	TUMOR FREE	NA	NA	NA	A	NA	NA	NA	NA	NA	NA	NA	NA	NA	NA	NA	NA	NA	NA	NA	NA	NA	NA	NA	NA	NA	NA	NA	NA	NA	NA	NA	NA	NA	NA	NA	NA	NA	NA	NA	NA	NA	NA	NA	NA	NA	NA	NA	NA	NA	NA	NA	NA	NA	NA	NA	NA	NA	NA	NA	NA	NA	NA	NA	NA	NA	NA	NA	NA	NA	NA	NA	NA
stad_tcga	TCGA-MX-A5UJ	TCGA-MX-A5UJ-01	86	NA	M0	N2	Stage IIIA	7th	T3	No	NA	Esophagogastric Cancer	Tubular Stomach Adenocarcinoma	New York	NA	NA	NA	NA	NA	76	0	NA	NA	NA	19.71	0:DiseaseFree	NA	NA	NOT HISPANIC OR LATINO	NA	NO	5/10/13	0.0609	G3	NA	Stomach, Intestinal Adenocarcinoma, Tubular Type	No	No	No	C16.3	8211/3	C16.3	YES	2012	NO	NA	NA	NA	YES	6	44	NA	NA	NA	1448	NA	NA	NO	NA	0	NA	TRUE	TSTAD	19.71	0:LIVING	NA	43E3FBF3-7812-45FB-BF4C-CE22A2AA1EEE	8AE8886A-A919-4679-9D5A-F0EB35747868	NA	TCGA-MX-A5UJ.9C10981D-E9FB-41D4-BA40-3DE1C3F0400E.pdf	9C10981D-E9FB-41D4-BA40-3DE1C3F0400E	NA	Antrum/Distal	NA	YES	WHITE	NO	NO	R0	NO	NA	NA	1	20	Primary	1	Female	NA	Stomach	Matched	NA	NA	NA	NA	NA	NA	NA	NA	NO	NA	NA	MX	89.0666666667	YES	Complete Remission/Response	Antacids	NA	NA	New York	NA	TUMOR FREE	NA	NA	NA	A	NA	NA	NA	NA	NA	NA	NA	NA	NA	NA	NA	NA	NA	NA	NA	NA	NA	NA	NA	NA	NA	NA	NA	NA	NA	NA	NA	NA	NA	NA	NA	NA	NA	NA	NA	NA	NA	NA	NA	NA	NA	NA	NA	NA	NA	NA	NA	NA	NA	NA	NA	NA	NA	NA	NA	NA	NA	NA	NA	NA	NA	NA	NA	NA	NA	NA	NA	NA
stad_tcga	TCGA-MX-A663	TCGA-MX-A663-01	66	NA	M0	N0	Stage IIA	7th	T3	No	NA	Esophagogastric Cancer	Stomach Adenocarcinoma	New York	NA	NA	NA	NA	NA	147	0	NA	NA	NA	7.16	1:Recurred/Progressed	NA	NA	NOT HISPANIC OR LATINO	NA	NO	6/6/13	0.0700	G3	NA	Stomach, Adenocarcinoma, Not Otherwise Specified (NOS)	No	Yes, History of Prior Malignancy	No	C16.9	8140/3	C16.9	YES	2012	NO	NA	NA	NA	YES	0	10	NA	NA	NA	81	NA	NA	NO	NA	0	NA	TRUE	STAD	9.86	1:DECEASED	NA	E9D0AA8B-9EF4-40F7-8254-38FDCE349BEE	9BEED0DC-A68A-4DBC-9D8F-C0EFA5BB6F32	NA	TCGA-MX-A663.7C1CC92B-F649-403D-B995-A48491188E21.pdf	7C1CC92B-F649-403D-B995-A48491188E21	NA	Stomach (NOS)	NA	YES	WHITE	NO	NO	R0	NO	NA	NA	1	80	Primary	1	Male	NA	Stomach	Matched	NA	NA	NA	NA	NA	NA	NA	NA	NO	NA	NA	MX	4.93333333333	NO	Complete Remission/Response	NA	NA	NA	New York	NA	TUMOR FREE	NA	NA	NA	A	NA	NA	NA	NA	NA	NA	NA	NA	NA	NA	NA	NA	NA	NA	NA	NA	NA	NA	NA	NA	NA	NA	NA	NA	NA	NA	NA	NA	NA	NA	NA	NA	NA	NA	NA	NA	NA	NA	NA	NA	NA	NA	NA	NA	NA	NA	NA	NA	NA	NA	NA	NA	NA	NA	NA	NA	NA	NA	NA	NA	NA	NA	NA	NA	NA	NA	NA	NA
stad_tcga	TCGA-MX-A666	TCGA-MX-A666-01	61	NA	MX	NX	Stage IIA	7th	T2	No	NA	Esophagogastric Cancer	Stomach Adenocarcinoma	New York	NA	NA	NA	NA	NA	21	0	NA	NA	NA	14.03	0:DiseaseFree	NA	NA	NOT HISPANIC OR LATINO	NA	NO	7/3/13	0.2576	G2	NA	Stomach, Adenocarcinoma, Not Otherwise Specified (NOS)	No	No	No	C16.9	8140/3	C16.9	YES	2013	NO	NA	NA	NA	NO	NA	NA	NA	NA	NA	108	NA	NA	NO	NA	0	NA	TRUE	STAD	14.03	0:LIVING	NA	D04E2E8C-9D58-4514-8AB7-3642289D4DE0	D6F47BDE-5A0E-4916-88E4-14BEE04AB6A3	NA	TCGA-MX-A666.1128EE09-2BC3-41C2-857C-E26144AB4C11.pdf	1128EE09-2BC3-41C2-857C-E26144AB4C11	NA	Other (please specify)	NA	YES	WHITE	NO	YES	NA	NO	NA	NA	1	70	Primary	1	Male	NA	Stomach	Matched	NA	NA	NA	NA	NA	NA	NA	NA	NO	NA	NA	MX	6.3	YES	NA	Proton Pump Inhibitors	NA	NA	New York	NA	TUMOR FREE	NA	NA	NA	A	NA	NA	NA	NA	NA	NA	NA	NA	NA	NA	NA	NA	NA	NA	NA	NA	NA	NA	NA	NA	NA	NA	NA	NA	NA	NA	NA	NA	NA	NA	NA	NA	NA	NA	NA	NA	NA	NA	NA	NA	NA	NA	NA	NA	NA	NA	NA	NA	NA	NA	NA	NA	NA	NA	NA	NA	NA	NA	NA	NA	NA	NA	NA	NA	NA	NA	NA	NA
stad_tcga	TCGA-R5-A7O7	TCGA-R5-A7O7-01	51	NA	M1	N1	Stage IV	7th	T3	No	NA	Esophagogastric Cancer	Tubular Stomach Adenocarcinoma	Houston	NA	NA	NA	NA	NA	1010	0	NA	NA	NA	45.63	0:DiseaseFree	NA	NA	HISPANIC OR LATINO	NA	NO	11/24/14	0.1778	G2	NA	Stomach, Intestinal Adenocarcinoma, Tubular Type	No	No	No	C16.0	8211/3	C16.0	YES	2010	NO	NA	NA	NA	NA	NA	NA	NA	NA	NA	112	NA	NA	NO	NA	NA	NA	FALSE	TSTAD	45.63	0:LIVING	NA	3BFA8069-6CA3-4405-9E32-11AA16B010AC	7B5B06DD-E720-4738-BD33-1B87FBBD3CD7	NA	TCGA-R5-A7O7.5FF1DAAF-B0E7-4D72-B255-4E0136EA4B75.pdf	5FF1DAAF-B0E7-4D72-B255-4E0136EA4B75	NA	Gastroesophageal Junction	NA	NO	WHITE	NO	YES	NA	YES	NA	NA	1	5	Primary	1	Male	NA	Stomach	Matched	NA	NA	NA	NA	NA	NA	NA	NA	NO	NA	NA	R5	7.0	YES	Complete Remission/Response	Proton Pump Inhibitors	NA	NA	Texas	NA	TUMOR FREE	NA	NA	NA	A	NA	NA	NA	NA	NA	NA	NA	NA	NA	NA	NA	NA	NA	NA	NA	NA	NA	NA	NA	NA	NA	NA	NA	NA	NA	NA	NA	NA	NA	NA	NA	NA	NA	NA	NA	NA	NA	NA	NA	NA	NA	NA	NA	NA	NA	NA	NA	NA	NA	NA	NA	NA	NA	NA	NA	NA	NA	NA	NA	NA	NA	NA	NA	NA	NA	NA	NA	NA
stad_tcga	TCGA-R5-A7ZE	TCGA-R5-A7ZE-01	66	NA	M0	N2	Stage IIIA	7th	T3	No	NA	Esophagogastric Cancer	Tubular Stomach Adenocarcinoma	NA	NA	NA	NA	NA	NA	463	0	NA	NA	NA	NA	NA	NA	NA	NOT HISPANIC OR LATINO	NA	NO	11/24/14	0.4774	G2	NA	Stomach, Intestinal Adenocarcinoma, Tubular Type	No	No	No	C16.0	8211/3	C16.0	YES	2012	NO	NA	NA	NA	NA	NA	NA	NA	NA	NA	116	NA	NA	NO	NA	NA	NA	FALSE	TSTAD	18.2	1:DECEASED	NA	7BEF9122-0FB4-4F2E-BB6E-67EDDC3EA9AF	95CAF5FA-8BED-4166-9187-9909FC8F9814	NA	TCGA-R5-A7ZE.AC2FD7A9-4098-4B20-8263-2480B71DD881.pdf	AC2FD7A9-4098-4B20-8263-2480B71DD881	NA	Gastroesophageal Junction	NA	NO	WHITE	NO	YES	NA	YES	NA	NA	1	5	Primary	1	Female	NA	Stomach	Matched	NA	NA	NA	NA	NA	NA	NA	NA	NO	NA	NA	R5	3.93333333333	YES	Progressive Disease	Proton Pump Inhibitors	NA	NA	NA	NA	WITH TUMOR	NA	NA	NA	B	NA	NA	NA	NA	NA	NA	NA	NA	NA	NA	NA	NA	NA	NA	NA	NA	NA	NA	NA	NA	NA	NA	NA	NA	NA	NA	NA	NA	NA	NA	NA	NA	NA	NA	NA	NA	NA	NA	NA	NA	NA	NA	NA	NA	NA	NA	NA	NA	NA	NA	NA	NA	NA	NA	NA	NA	NA	NA	NA	NA	NA	NA	NA	NA	NA	NA	NA	NA
stad_tcga	TCGA-R5-A7ZF	TCGA-R5-A7ZF-01	65	NA	M1	N1	Stage IV	7th	T4a	No	NA	Esophagogastric Cancer	Tubular Stomach Adenocarcinoma	Houston	NA	NA	NA	NA	NA	482	0	NA	NA	NA	NA	NA	NA	NA	NOT HISPANIC OR LATINO	NA	NO	11/24/14	0.1371	G2	NA	Stomach, Intestinal Adenocarcinoma, Tubular Type	No	No	No	C16.3	8144/3	C16.3	YES	2012	NO	NA	NA	NA	NA	NA	NA	NA	NA	NA	52	NA	NA	NO	NA	NA	NA	FALSE	TSTAD	8.51	1:DECEASED	NA	9745F1CA-D663-458A-86DD-024EBBF6A863	AEBFEA6C-C91B-44F3-AC5E-4033F0CD3486	NA	TCGA-R5-A7ZF.F3A092BD-407F-4A35-B746-E0877C343C82.pdf	F3A092BD-407F-4A35-B746-E0877C343C82	Stomach Cancer	Antrum/Distal	NA	NO	BLACK OR AFRICAN AMERICAN	NO	NO	NA	YES	NA	NA	1	5	Primary	1	Female	NA	Stomach	Matched	NA	NA	NA	NA	NA	NA	NA	NA	NO	NA	NA	R5	1.73333333333	NO	Progressive Disease	NA	NA	NA	Texas	NA	WITH TUMOR	NA	NA	NA	A	NA	NA	NA	NA	NA	NA	NA	NA	NA	NA	NA	NA	NA	NA	NA	NA	NA	NA	NA	NA	NA	NA	NA	NA	NA	NA	NA	NA	NA	NA	NA	NA	NA	NA	NA	NA	NA	NA	NA	NA	NA	NA	NA	NA	NA	NA	NA	NA	NA	NA	NA	NA	NA	NA	NA	NA	NA	NA	NA	NA	NA	NA	NA	NA	NA	NA	NA	NA
stad_tcga	TCGA-R5-A7ZI	TCGA-R5-A7ZI-01	44	NA	M1	N1	Stage IV	6th	T4	No	NA	Esophagogastric Cancer	Diffuse Type Stomach Adenocarcinoma	Houston	NA	NA	NA	NA	NA	1679	0	NA	NA	NA	74.47	0:DiseaseFree	NA	NA	HISPANIC OR LATINO	NA	NO	11/24/14	0.0848	G3	NA	Stomach, Adenocarcinoma, Diffuse Type	No	No	No	C16.9	8145/3	C16.9	YES	2009	NO	NA	NA	NA	YES	0	15	NA	NA	NA	759	NA	NA	NO	NA	NA	NA	FALSE	DSTAD	74.47	0:LIVING	NA	B4376DA2-05CA-448F-A4BB-E7B62695491A	CAF78613-93D3-4E62-9BF4-92524C8B206D	NA	TCGA-R5-A7ZI.37439CF6-7693-4897-ADBD-A620A0565180.pdf	37439CF6-7693-4897-ADBD-A620A0565180	NA	Stomach (NOS)	NA	NO	WHITE	NO	YES	R0	YES	NA	NA	1	5	Primary	1	Female	NA	Stomach	Matched	NA	NA	NA	NA	NA	NA	NA	NA	NO	NA	NA	R5	25.8666666667	YES	Complete Remission/Response	Proton Pump Inhibitors	NA	NA	Texas	NA	WITH TUMOR	NA	NA	NA	A	NA	NA	NA	NA	NA	NA	NA	NA	NA	NA	NA	NA	NA	NA	NA	NA	NA	NA	NA	NA	NA	NA	NA	NA	NA	NA	NA	NA	NA	NA	NA	NA	NA	NA	NA	NA	NA	NA	NA	NA	NA	NA	NA	NA	NA	NA	NA	NA	NA	NA	NA	NA	NA	NA	NA	NA	NA	NA	NA	NA	NA	NA	NA	NA	NA	NA	NA	NA
stad_tcga	TCGA-R5-A7ZR	TCGA-R5-A7ZR-01	70	NA	M0	NX	Stage III	6th	T3	No	NA	Esophagogastric Cancer	Tubular Stomach Adenocarcinoma	Houston	NA	NA	NA	NA	NA	2074	0	NA	NA	NA	NA	NA	NA	NA	NOT HISPANIC OR LATINO	NA	NO	11/24/14	0.1317	G2	NA	Stomach, Intestinal Adenocarcinoma, Tubular Type	No	No	No	C16.2	8211/3	C16.2	YES	2008	NO	NA	NA	NA	NA	NA	NA	NA	NA	NA	58	NA	NA	NO	NA	NA	NA	FALSE	TSTAD	6.08	1:DECEASED	NA	E04A05EE-F0D8-4691-84BB-D1A61E1BD77B	068D534D-8C87-4921-AF4F-5330BB74CFF7	NA	TCGA-R5-A7ZR.EB5A03FC-7AA2-454F-AC90-AD3A535E6224.pdf	EB5A03FC-7AA2-454F-AC90-AD3A535E6224	NA	Fundus/Body	NA	NO	BLACK OR AFRICAN AMERICAN	NO	NA	NA	YES	NA	NA	1	5	Primary	1	Female	NA	Stomach	Matched	NA	NA	NA	NA	NA	NA	NA	NA	NO	NA	NA	R5	2.0	NA	Progressive Disease	NA	NA	NA	Texas	NA	WITH TUMOR	NA	NA	NA	A	NA	NA	NA	NA	NA	NA	NA	NA	NA	NA	NA	NA	NA	NA	NA	NA	NA	NA	NA	NA	NA	NA	NA	NA	NA	NA	NA	NA	NA	NA	NA	NA	NA	NA	NA	NA	NA	NA	NA	NA	NA	NA	NA	NA	NA	NA	NA	NA	NA	NA	NA	NA	NA	NA	NA	NA	NA	NA	NA	NA	NA	NA	NA	NA	NA	NA	NA	NA
stad_tcga	TCGA-R5-A804	TCGA-R5-A804-01	54	NA	M1	N2	Stage IV	6th	T3	No	NA	Esophagogastric Cancer	Diffuse Type Stomach Adenocarcinoma	NA	NA	NA	NA	NA	NA	3026	0	NA	NA	NA	NA	NA	NA	NA	NOT HISPANIC OR LATINO	NA	NO	11/24/14	0.0146	G3	NA	Stomach, Adenocarcinoma, Diffuse Type	No	No	No	C16.9	8145/3	C16.9	YES	2005	NO	NA	NA	NA	NA	NA	NA	NA	NA	NA	66	NA	NA	NO	NA	NA	NA	FALSE	DSTAD	4.6	1:DECEASED	NA	17722000-AB3C-4B58-979F-EDAA3CA46E3C	283FA095-DEEC-4DFE-B665-231431F712F0	NA	TCGA-R5-A804.461A9A13-F6D7-4ECD-AE12-D785684DDEDC.pdf	461A9A13-F6D7-4ECD-AE12-D785684DDEDC	NA	Stomach (NOS)	NA	NO	BLACK OR AFRICAN AMERICAN	NO	YES	NA	YES	NA	NA	1	5	Primary	1	Male	NA	Stomach	Matched	NA	NA	NA	NA	NA	NA	NA	NA	NO	NA	NA	R5	2.26666666667	YES	Progressive Disease	Proton Pump Inhibitors	NA	NA	NA	NA	WITH TUMOR	NA	NA	NA	A	NA	NA	NA	NA	NA	NA	NA	NA	NA	NA	NA	NA	NA	NA	NA	NA	NA	NA	NA	NA	NA	NA	NA	NA	NA	NA	NA	NA	NA	NA	NA	NA	NA	NA	NA	NA	NA	NA	NA	NA	NA	NA	NA	NA	NA	NA	NA	NA	NA	NA	NA	NA	NA	NA	NA	NA	NA	NA	NA	NA	NA	NA	NA	NA	NA	NA	NA	NA
stad_tcga	TCGA-R5-A805	TCGA-R5-A805-01	71	NA	M0	N2	Stage IIIB	6th	T3	No	NA	Esophagogastric Cancer	Stomach Adenocarcinoma	houston	NA	NA	NA	NA	NA	3046	0	NA	NA	NA	NA	NA	NA	NA	NOT HISPANIC OR LATINO	NA	NO	11/24/14	0.3357	G3	NA	Stomach, Intestinal Adenocarcinoma, Not Otherwise Specified (NOS)	No	No	No	C16.0	8144/3	C16.0	YES	2005	NO	NA	NA	NA	NA	NA	NA	NA	NA	NA	108	NA	NA	NA	NA	NA	NA	FALSE	STAD	9.23	1:DECEASED	NA	7059EA66-93D7-4941-A35C-8A324D1AB94A	EF95FF0B-E240-4920-BCB6-06AA8E91169C	NA	TCGA-R5-A805.448B7322-380F-4C62-B428-C78428AC43F1.pdf	448B7322-380F-4C62-B428-C78428AC43F1	Stomach Cancer	Gastroesophageal Junction	NA	NO	WHITE	NA	YES	NA	YES	NA	NA	1	5	Primary	1	Male	NA	Stomach	Matched	NA	NA	NA	NA	NA	NA	NA	NA	NA	NA	NA	R5	3.7	NO	NA	NA	NA	NA	texas	NA	WITH TUMOR	NA	NA	NA	A	NA	NA	NA	NA	NA	NA	NA	NA	NA	NA	NA	NA	NA	NA	NA	NA	NA	NA	NA	NA	NA	NA	NA	NA	NA	NA	NA	NA	NA	NA	NA	NA	NA	NA	NA	NA	NA	NA	NA	NA	NA	NA	NA	NA	NA	NA	NA	NA	NA	NA	NA	NA	NA	NA	NA	NA	NA	NA	NA	NA	NA	NA	NA	NA	NA	NA	NA	NA
stad_tcga	TCGA-RD-A7BS	TCGA-RD-A7BS-01	46	NA	M0	N1	Stage IIIA	6th	T3	Yes	NA	Esophagogastric Cancer	Diffuse Type Stomach Adenocarcinoma	Melbourne	NA	NA	NA	NA	NA	4284	0	NA	NA	NA	8.02	1:Recurred/Progressed	NA	NA	NOT HISPANIC OR LATINO	NA	NO	12/29/13	0.0175	G3	NA	Stomach, Adenocarcinoma, Diffuse Type	No	No	No	C16.0	8145/3	C16.0	YES	2001	NO	NA	NA	NA	YES	5	8	NA	NA	NA	44	NA	NA	YES	NA	0	NA	FALSE	DSTAD	11.04	1:DECEASED	NA	AA3D2D17-19E3-4B76-8235-98550F49DC91	E1C3334E-55E9-4A79-BCC0-3351DC24F4AE	NA	TCGA-RD-A7BS.1AB7B59A-511E-458C-A8C7-0D8C77DC47F5.pdf	1AB7B59A-511E-458C-A8C7-0D8C77DC47F5	Stomach Cancer	Gastroesophageal Junction	NA	NO	WHITE	YES	NO	R0	YES	NA	NA	1	110	Primary	1	Male	NA	Stomach	Matched	NA	NA	NA	NA	NA	NA	NA	NA	YES	NA	NA	RD	2.7	YES	Complete Remission/Response	Proton Pump Inhibitors	NA	NA	Victoria	NA	WITH TUMOR	NA	NA	NA	A	NA	NA	NA	NA	NA	NA	NA	NA	NA	NA	NA	NA	NA	NA	NA	NA	NA	NA	NA	NA	NA	NA	NA	NA	NA	NA	NA	NA	NA	NA	NA	NA	NA	NA	NA	NA	NA	NA	NA	NA	NA	NA	NA	NA	NA	NA	NA	NA	NA	NA	NA	NA	NA	NA	NA	NA	NA	NA	NA	NA	NA	NA	NA	NA	NA	NA	NA	NA
stad_tcga	TCGA-RD-A7BT	TCGA-RD-A7BT-01	66	NA	M0	N3	Stage IV	6th	T3	No	NA	Esophagogastric Cancer	Stomach Adenocarcinoma	Melbourne	NA	NA	NA	NA	NA	4123	0	NA	NA	NA	4.04	1:Recurred/Progressed	NA	NA	NOT HISPANIC OR LATINO	NA	NO	12/29/13	0.3697	G3	NA	Stomach, Intestinal Adenocarcinoma, Not Otherwise Specified (NOS)	No	No	Yes	C16.1	8144/3	C16.1	YES	2002	NO	NA	NA	NA	YES	55	56	NA	NA	NA	220	NA	NA	YES	NA	0	NA	FALSE	STAD	8.61	1:DECEASED	NA	018F93AD-92EF-4BBB-A0FB-DC407A289DAA	164463F2-B350-4EC0-B035-420CBF810411	NA	TCGA-RD-A7BT.231D1C1E-6804-4935-8802-AAA92EFD9F78.pdf	231D1C1E-6804-4935-8802-AAA92EFD9F78	Stomach Cancer	Fundus/Body	NA	NO	NATIVE HAWAIIAN OR OTHER PACIFIC ISLANDER	NO	NO	R2	YES	NA	NA	1	100	Primary	1	Male	NA	Stomach	Matched	NA	NA	NA	NA	NA	NA	NA	NA	NO	NA	NA	RD	13.9	YES	Progressive Disease	Proton Pump Inhibitors	NA	NA	Victoria	NA	WITH TUMOR	NA	NA	NA	A	NA	NA	NA	NA	NA	NA	NA	NA	NA	NA	NA	NA	NA	NA	NA	NA	NA	NA	NA	NA	NA	NA	NA	NA	NA	NA	NA	NA	NA	NA	NA	NA	NA	NA	NA	NA	NA	NA	NA	NA	NA	NA	NA	NA	NA	NA	NA	NA	NA	NA	NA	NA	NA	NA	NA	NA	NA	NA	NA	NA	NA	NA	NA	NA	NA	NA	NA	NA
stad_tcga	TCGA-RD-A7BW	TCGA-RD-A7BW-01	68	NA	M0	N0	Stage IB	6th	T2	No	NA	Esophagogastric Cancer	Diffuse Type Stomach Adenocarcinoma	Melbourne	NA	NA	NA	NA	NA	3395	0	NA	NA	NA	NA	NA	NA	NA	NOT HISPANIC OR LATINO	NA	NO	12/29/13	0.0048	G3	NA	Stomach, Adenocarcinoma, Diffuse Type	No	No	No	C16.1	8145/3	C16.1	YES	2004	NO	NA	NA	NA	YES	0	23	NA	NA	NA	65	NA	NA	NO	NA	0	NA	FALSE	DSTAD	5.12	1:DECEASED	NA	B54FE07A-F63D-4861-878A-8E8322E32FED	7137E061-4BF0-4D2C-A7E5-055050637533	NA	TCGA-RD-A7BW.A666F7AA-8844-4334-BCBE-ABEC62792C3D.pdf	A666F7AA-8844-4334-BCBE-ABEC62792C3D	Other, non-malignant disease	Fundus/Body	NA	NO	WHITE	YES	YES	R0	YES	NA	NA	1	110	Primary	1	Female	NA	Stomach	Matched	NA	NA	NA	NA	NA	NA	NA	NA	YES	NA	NA	RD	3.76666666667	NO	Complete Remission/Response	NA	NA	NA	Victoria	NA	TUMOR FREE	NA	NA	NA	A	NA	NA	NA	NA	NA	NA	NA	NA	NA	NA	NA	NA	NA	NA	NA	NA	NA	NA	NA	NA	NA	NA	NA	NA	NA	NA	NA	NA	NA	NA	NA	NA	NA	NA	NA	NA	NA	NA	NA	NA	NA	NA	NA	NA	NA	NA	NA	NA	NA	NA	NA	NA	NA	NA	NA	NA	NA	NA	NA	NA	NA	NA	NA	NA	NA	NA	NA	NA
stad_tcga	TCGA-RD-A7C1	TCGA-RD-A7C1-01	82	NA	M0	N0	Stage IB	6th	T2	No	NA	Esophagogastric Cancer	Diffuse Type Stomach Adenocarcinoma	Melbourne	NA	NA	NA	NA	NA	2771	0	NA	NA	NA	14.39	1:Recurred/Progressed	NA	NA	NOT HISPANIC OR LATINO	NA	NO	12/29/13	0.2188	G3	NA	Stomach, Adenocarcinoma, Diffuse Type	No	No	No	C16.1	8145/3	C16.1	YES	2005	NO	NA	NA	NA	YES	0	23	NA	NA	NA	256	NA	NA	YES	NA	0	NA	FALSE	DSTAD	16.66	1:DECEASED	NA	C993A68D-0342-4DF4-A082-72094F061C86	B905AC72-AAE1-4E6E-B560-46B9F4F9EF5F	NA	TCGA-RD-A7C1.68C0AD64-6179-40B9-AAB8-6D0572D82432.pdf	68C0AD64-6179-40B9-AAB8-6D0572D82432	Stomach Cancer	Fundus/Body	NA	NO	WHITE	NO	NO	R0	YES	NA	NA	1	110	Primary	1	Male	NA	Stomach	Matched	NA	NA	NA	NA	NA	NA	NA	NA	NO	NA	NA	RD	15.7333333333	NO	Complete Remission/Response	NA	NA	NA	Victoria	NA	WITH TUMOR	NA	NA	NA	A	NA	NA	NA	NA	NA	NA	NA	NA	NA	NA	NA	NA	NA	NA	NA	NA	NA	NA	NA	NA	NA	NA	NA	NA	NA	NA	NA	NA	NA	NA	NA	NA	NA	NA	NA	NA	NA	NA	NA	NA	NA	NA	NA	NA	NA	NA	NA	NA	NA	NA	NA	NA	NA	NA	NA	NA	NA	NA	NA	NA	NA	NA	NA	NA	NA	NA	NA	NA
stad_tcga	TCGA-RD-A8MV	TCGA-RD-A8MV-01	56	NA	M0	N2	Stage IIIB	6th	T3	No	NA	Esophagogastric Cancer	Stomach Adenocarcinoma	Melbourne	NA	NA	NA	NA	NA	4350	0	NA	NA	NA	122.21	0:DiseaseFree	NA	NA	NOT HISPANIC OR LATINO	NA	NO	1/28/14	0.1598	G3	NA	Stomach, Intestinal Adenocarcinoma, Not Otherwise Specified (NOS)	No	No	Yes	C16.2	8144/3	C16.2	YES	2001	NO	NA	NA	NA	YES	9	17	NA	NA	NA	72	NA	NA	NO	NA	0	NA	FALSE	STAD	122.21	0:LIVING	NA	17638F77-3D0A-4B7F-8801-D807AAD6BBD4	F7A464D1-9939-4AB8-A03B-F2962E618817	NA	TCGA-RD-A8MV.CFD084BF-ABD8-4B7A-9A8A-EAF2F62B1CEB.pdf	CFD084BF-ABD8-4B7A-9A8A-EAF2F62B1CEB	NA	Fundus/Body	NA	NO	WHITE	YES	NO	R0	YES	NA	NA	1	110	Primary	1	Male	NA	Stomach	Matched	NA	NA	NA	NA	NA	NA	NA	NA	YES	NA	NA	RD	2.46666666667	NO	Complete Remission/Response	NA	NA	NA	Victoria	NA	TUMOR FREE	NA	NA	NA	A	NA	NA	NA	NA	NA	NA	NA	NA	NA	NA	NA	NA	NA	NA	NA	NA	NA	NA	NA	NA	NA	NA	NA	NA	NA	NA	NA	NA	NA	NA	NA	NA	NA	NA	NA	NA	NA	NA	NA	NA	NA	NA	NA	NA	NA	NA	NA	NA	NA	NA	NA	NA	NA	NA	NA	NA	NA	NA	NA	NA	NA	NA	NA	NA	NA	NA	NA	NA
stad_tcga	TCGA-RD-A8MW	TCGA-RD-A8MW-01	72	NA	M0	N2	Stage IIIB	6th	T3	No	NA	Esophagogastric Cancer	Stomach Adenocarcinoma	Melbourne	NA	NA	NA	NA	NA	3334	0	NA	NA	NA	3.22	1:Recurred/Progressed	NA	NA	NOT HISPANIC OR LATINO	NA	NO	1/30/14	0.1063	G3	NA	Stomach, Intestinal Adenocarcinoma, Not Otherwise Specified (NOS)	No	No	Yes	C16.3	8144/3	C16.3	YES	2004	NO	NA	NA	NA	YES	11	12	NA	NA	NA	69	NA	NA	YES	NA	0	NA	FALSE	STAD	37.88	1:DECEASED	NA	0B787BDB-949D-499C-AECE-7A3977FCD198	31F775B7-5B7B-444A-87AD-DAAC3EB9A4E6	NA	TCGA-RD-A8MW.3365620C-1C4E-4E1A-8B53-38CD26B6651C.pdf	3365620C-1C4E-4E1A-8B53-38CD26B6651C	Stomach Cancer	Antrum/Distal	NA	NO	WHITE	YES	YES	R0	YES	NA	NA	1	110	Primary	1	Male	NA	Stomach	Matched	NA	NA	NA	NA	NA	NA	NA	NA	YES	NA	NA	RD	2.36666666667	YES	Complete Remission/Response	Proton Pump Inhibitors	NA	NA	Victoria	NA	WITH TUMOR	NA	NA	NA	A	NA	NA	NA	NA	NA	NA	NA	NA	NA	NA	NA	NA	NA	NA	NA	NA	NA	NA	NA	NA	NA	NA	NA	NA	NA	NA	NA	NA	NA	NA	NA	NA	NA	NA	NA	NA	NA	NA	NA	NA	NA	NA	NA	NA	NA	NA	NA	NA	NA	NA	NA	NA	NA	NA	NA	NA	NA	NA	NA	NA	NA	NA	NA	NA	NA	NA	NA	NA
stad_tcga	TCGA-RD-A8N0	TCGA-RD-A8N0-01	53	NA	M0	N2	Stage IIIB	6th	T3	No	NA	Esophagogastric Cancer	Diffuse Type Stomach Adenocarcinoma	Melbourne	NA	NA	NA	NA	NA	2579	0	NA	NA	NA	40.6	0:DiseaseFree	NA	NA	NOT HISPANIC OR LATINO	NA	NA	1/28/14	0.0001	G3	NA	Stomach, Adenocarcinoma, Diffuse Type	No	No	Yes	C16.1	8145/3	C16.1	YES	2006	NO	NA	NA	NA	YES	10	36	NA	NA	NA	10	NA	NA	NO	NA	NA	NA	FALSE	DSTAD	40.6	0:LIVING	NA	2360C1E2-90F5-4737-9486-3F4590C37322	D74E6F28-5B07-446A-85C1-5D45293A63A7	NA	TCGA-RD-A8N0.898094E2-CFFA-4117-9728-6290DABE3124.pdf	898094E2-CFFA-4117-9728-6290DABE3124	NA	Fundus/Body	NA	NO	WHITE	YES	YES	R0	YES	NA	NA	1	110	Primary	1	Female	NA	Stomach	Matched	NA	NA	NA	NA	NA	NA	NA	NA	YES	NA	NA	RD	0.333333333333	YES	Complete Remission/Response	Proton Pump Inhibitors	NA	NA	Victoria	NA	TUMOR FREE	NA	NA	NA	A	NA	NA	NA	NA	NA	NA	NA	NA	NA	NA	NA	NA	NA	NA	NA	NA	NA	NA	NA	NA	NA	NA	NA	NA	NA	NA	NA	NA	NA	NA	NA	NA	NA	NA	NA	NA	NA	NA	NA	NA	NA	NA	NA	NA	NA	NA	NA	NA	NA	NA	NA	NA	NA	NA	NA	NA	NA	NA	NA	NA	NA	NA	NA	NA	NA	NA	NA	NA
stad_tcga	TCGA-RD-A8N1	TCGA-RD-A8N1-01	70	NA	M0	N2	Stage IIIB	6th	T3	Yes	NA	Esophagogastric Cancer	Diffuse Type Stomach Adenocarcinoma	Melbourne	NA	NA	NA	NA	NA	4466	0	NA	NA	NA	115.6	0:DiseaseFree	NA	NA	NOT HISPANIC OR LATINO	NA	NO	1/30/14	0.1144	G3	NA	Stomach, Adenocarcinoma, Diffuse Type	No	No	Yes	C16.2	8145/3	C16.2	YES	2001	NO	NA	NA	NA	YES	10	17	NA	NA	NA	96	NA	NA	NO	NA	0	NA	FALSE	DSTAD	115.6	0:LIVING	NA	46D7489A-CFE6-440E-9D50-919D0EAD8018	9678D418-487A-4CD9-99DD-26BA1D997BFC	NA	TCGA-RD-A8N1.76DF68C7-C8FE-48B0-803C-2AA2FA08A691.pdf	76DF68C7-C8FE-48B0-803C-2AA2FA08A691	NA	Antrum/Distal	NA	NO	WHITE	YES	NO	R1	YES	NA	NA	1	110	Primary	1	Male	NA	Stomach	Matched	NA	NA	NA	NA	NA	NA	NA	NA	YES	NA	NA	RD	3.3	NO	Complete Remission/Response	NA	NA	NA	Victoria	NA	TUMOR FREE	NA	NA	NA	A	NA	NA	NA	NA	NA	NA	NA	NA	NA	NA	NA	NA	NA	NA	NA	NA	NA	NA	NA	NA	NA	NA	NA	NA	NA	NA	NA	NA	NA	NA	NA	NA	NA	NA	NA	NA	NA	NA	NA	NA	NA	NA	NA	NA	NA	NA	NA	NA	NA	NA	NA	NA	NA	NA	NA	NA	NA	NA	NA	NA	NA	NA	NA	NA	NA	NA	NA	NA
stad_tcga	TCGA-RD-A8N2	TCGA-RD-A8N2-01	59	NA	M0	N0	Stage IB	6th	T2	No	NA	Esophagogastric Cancer	Diffuse Type Stomach Adenocarcinoma	Melbourne	NA	NA	NA	NA	NA	4087	0	NA	NA	NA	116.29	0:DiseaseFree	NA	NA	NOT HISPANIC OR LATINO	NA	YES	1/28/14	0.0000	G3	NA	Stomach, Adenocarcinoma, Diffuse Type	No	No	Yes	C16.3	8145/3	C16.3	YES	2002	NO	NA	NA	NA	YES	0	23	NA	NA	NA	3	NA	NA	NO	NA	1	NA	FALSE	DSTAD	116.29	0:LIVING	NA	158B6BD2-1E7D-4C7E-9D8A-42467342C9C2	411903D8-A00B-44E1-84BC-C04DED539730	NA	TCGA-RD-A8N2.90F42537-F387-421B-AF3E-3AC01904E473.pdf	90F42537-F387-421B-AF3E-3AC01904E473	NA	Antrum/Distal	NA	NO	WHITE	NO	NO	R0	YES	NA	NA	1	90	Primary	1	Female	NA	Stomach	Matched	NA	NA	NA	NA	NA	NA	NA	NA	NO	NA	NA	RD	0.133333333333	YES	Complete Remission/Response	Proton Pump Inhibitors	NA	NA	Victoria	NA	TUMOR FREE	NA	NA	NA	A	NA	NA	NA	NA	NA	NA	NA	NA	NA	NA	NA	NA	NA	NA	NA	NA	NA	NA	NA	NA	NA	NA	NA	NA	NA	NA	NA	NA	NA	NA	NA	NA	NA	NA	NA	NA	NA	NA	NA	NA	NA	NA	NA	NA	NA	NA	NA	NA	NA	NA	NA	NA	NA	NA	NA	NA	NA	NA	NA	NA	NA	NA	NA	NA	NA	NA	NA	NA
stad_tcga	TCGA-RD-A8N4	TCGA-RD-A8N4-01	58	NA	M0	N1	Stage IIIA	6th	T3	No	NA	Esophagogastric Cancer	Diffuse Type Stomach Adenocarcinoma	Melbourne	NA	NA	NA	NA	NA	2830	0	NA	NA	NA	71.32	0:DiseaseFree	NA	NA	NOT HISPANIC OR LATINO	NA	NO	1/30/14	0.0023	G3	NA	Stomach, Adenocarcinoma, Diffuse Type	No	No	No	C16.3	8145/3	C16.3	YES	2006	NO	NA	NA	NA	YES	3	7	NA	NA	NA	5	NA	NA	NO	NA	0	NA	FALSE	DSTAD	71.32	0:LIVING	NA	26BBEAFA-6923-4C23-8D5F-AA33FBA92E82	831383E9-EBC1-4D59-84CF-F9A31717C1A8	NA	TCGA-RD-A8N4.12BB6115-383B-40FB-A4AD-9C7BFD95F8F8.pdf	12BB6115-383B-40FB-A4AD-9C7BFD95F8F8	NA	Antrum/Distal	NA	NO	WHITE	YES	NO	R0	YES	NA	NA	1	120	Primary	1	Female	NA	Stomach	Matched	NA	NA	NA	NA	NA	NA	NA	NA	YES	NA	NA	RD	0.2	NO	Complete Remission/Response	NA	NA	NA	Victoria	NA	TUMOR FREE	NA	NA	NA	A	NA	NA	NA	NA	NA	NA	NA	NA	NA	NA	NA	NA	NA	NA	NA	NA	NA	NA	NA	NA	NA	NA	NA	NA	NA	NA	NA	NA	NA	NA	NA	NA	NA	NA	NA	NA	NA	NA	NA	NA	NA	NA	NA	NA	NA	NA	NA	NA	NA	NA	NA	NA	NA	NA	NA	NA	NA	NA	NA	NA	NA	NA	NA	NA	NA	NA	NA	NA
stad_tcga	TCGA-RD-A8N5	TCGA-RD-A8N5-01	78	NA	M0	N1	Stage IIIA	6th	T3	No	NA	Esophagogastric Cancer	Mucinous Stomach Adenocarcinoma	Melbourne	NA	NA	NA	NA	NA	2709	0	NA	NA	NA	NA	NA	NA	NA	NOT HISPANIC OR LATINO	NA	YES	1/28/14	0.0143	G2	NA	Stomach, Intestinal Adenocarcinoma, Mucinous Type	No	No	Yes	C16.1	8480/3	C16.1	YES	2006	NO	NA	NA	NA	YES	4	21	NA	NA	NA	32	NA	NA	NO	NA	1	NA	FALSE	MSTAD	57.39	1:DECEASED	NA	6E2ECC9D-DC68-4922-A36E-E8BBAF9EAFB3	0B0CE08C-A221-4C45-A633-530E75A964D3	NA	TCGA-RD-A8N5.33A55F32-A6AB-4470-A393-8040A6DF8C83.pdf	33A55F32-A6AB-4470-A393-8040A6DF8C83	Other, non-malignant disease	Fundus/Body	NA	NO	WHITE	YES	NO	R0	YES	NA	NA	1	90	Primary	1	Male	NA	Stomach	Matched	NA	NA	NA	NA	NA	NA	NA	NA	YES	NA	NA	RD	1.1	YES	Complete Remission/Response	Proton Pump Inhibitors	NA	NA	Victoria	NA	TUMOR FREE	NA	NA	NA	A	NA	NA	NA	NA	NA	NA	NA	NA	NA	NA	NA	NA	NA	NA	NA	NA	NA	NA	NA	NA	NA	NA	NA	NA	NA	NA	NA	NA	NA	NA	NA	NA	NA	NA	NA	NA	NA	NA	NA	NA	NA	NA	NA	NA	NA	NA	NA	NA	NA	NA	NA	NA	NA	NA	NA	NA	NA	NA	NA	NA	NA	NA	NA	NA	NA	NA	NA	NA
stad_tcga	TCGA-RD-A8N6	TCGA-RD-A8N6-01	78	NA	M0	N2	Stage IIIA	6th	T2	No	NA	Esophagogastric Cancer	Stomach Adenocarcinoma	Melbourne	NA	NA	NA	NA	NA	2705	0	NA	NA	NA	5.35	1:Recurred/Progressed	NA	NA	NOT HISPANIC OR LATINO	NA	YES	1/30/14	0.4601	G3	NA	Stomach, Intestinal Adenocarcinoma, Not Otherwise Specified (NOS)	No	No	No	C16.3	8144/3	C16.3	YES	2006	NO	NA	NA	NA	YES	10	24	NA	NA	NA	123	NA	NA	YES	NA	1	NA	FALSE	STAD	8.94	1:DECEASED	NA	F8557247-91FA-4772-AE14-958D709D9815	CEEA28CA-3F56-40A5-A25F-C6CD3B598049	NA	TCGA-RD-A8N6.DD9DFC5C-9083-4C54-8085-FF6CB44C95C5.pdf	DD9DFC5C-9083-4C54-8085-FF6CB44C95C5	Stomach Cancer	Antrum/Distal	NA	NO	WHITE	NO	NO	R0	YES	NA	NA	1	90	Primary	1	Female	NA	Stomach	Matched	NA	NA	NA	NA	NA	NA	NA	NA	NO	NA	NA	RD	4.26666666667	YES	Complete Remission/Response	Proton Pump Inhibitors	NA	NA	Victoria	NA	WITH TUMOR	NA	NA	NA	A	NA	NA	NA	NA	NA	NA	NA	NA	NA	NA	NA	NA	NA	NA	NA	NA	NA	NA	NA	NA	NA	NA	NA	NA	NA	NA	NA	NA	NA	NA	NA	NA	NA	NA	NA	NA	NA	NA	NA	NA	NA	NA	NA	NA	NA	NA	NA	NA	NA	NA	NA	NA	NA	NA	NA	NA	NA	NA	NA	NA	NA	NA	NA	NA	NA	NA	NA	NA
stad_tcga	TCGA-RD-A8N9	TCGA-RD-A8N9-01	63	NA	M0	N1	Stage II	6th	T2	No	NA	Esophagogastric Cancer	Diffuse Type Stomach Adenocarcinoma	Melbourne	NA	NA	NA	NA	NA	1644	0	NA	NA	NA	35.58	0:DiseaseFree	NA	NA	NOT HISPANIC OR LATINO	NA	NO	1/30/14	0.1952	G3	NA	Stomach, Adenocarcinoma, Diffuse Type	No	No	No	C16.0	8145/3	C16.0	YES	2009	NO	NA	NA	NA	YES	2	4	NA	NA	NA	102	NA	NA	NO	NA	0	NA	FALSE	DSTAD	35.58	0:LIVING	NA	8CE63594-BF4A-4B8D-9A48-49CB92B98EA9	8B053495-DE11-4C58-8C83-0CCDBEDEDB00	NA	TCGA-RD-A8N9.9F93F8DF-0086-414D-9D93-122D60125026.pdf	9F93F8DF-0086-414D-9D93-122D60125026	NA	Gastroesophageal Junction	NA	NO	ASIAN	YES	NO	R0	YES	NA	NA	1	100	Primary	1	Female	NA	Stomach	Matched	NA	NA	NA	NA	NA	NA	NA	NA	YES	NA	NA	RD	3.56666666667	NO	Complete Remission/Response	NA	NA	NA	Victoria	NA	TUMOR FREE	NA	NA	NA	A	NA	NA	NA	NA	NA	NA	NA	NA	NA	NA	NA	NA	NA	NA	NA	NA	NA	NA	NA	NA	NA	NA	NA	NA	NA	NA	NA	NA	NA	NA	NA	NA	NA	NA	NA	NA	NA	NA	NA	NA	NA	NA	NA	NA	NA	NA	NA	NA	NA	NA	NA	NA	NA	NA	NA	NA	NA	NA	NA	NA	NA	NA	NA	NA	NA	NA	NA	NA
stad_tcga	TCGA-RD-A8NB	TCGA-RD-A8NB-01	80	NA	M0	N1	Stage IIIA	6th	T3	No	NA	Esophagogastric Cancer	Diffuse Type Stomach Adenocarcinoma	Melbourne	NA	NA	NA	NA	NA	4752	0	NA	NA	NA	7.56	1:Recurred/Progressed	NA	NA	NOT HISPANIC OR LATINO	NA	YES	1/30/14	0.0001	G3	NA	Stomach, Adenocarcinoma, Diffuse Type	No	No	Yes	C16.0	8145/3	C16.0	YES	2000	NO	NA	NA	NA	YES	3	15	NA	NA	NA	NA	NA	NA	YES	NA	1	NA	FALSE	DSTAD	16.85	1:DECEASED	NA	FDB40436-A545-40DA-8C6B-2F8AFF359FF6	E1C393FC-4D34-4982-9098-D425957D6BB6	NA	TCGA-RD-A8NB.7AE19967-2BE1-41D9-A628-B5F0392E1E53.pdf	7AE19967-2BE1-41D9-A628-B5F0392E1E53	Stomach Cancer	Antrum/Distal	NA	NO	WHITE	NO	NO	R1	YES	NA	NA	1	100	Primary	1	Female	NA	Stomach	Matched	NA	NA	NA	NA	NA	NA	NA	NA	NO	NA	NA	RD	0	YES	Partial Remission/Response	Proton Pump Inhibitors	NA	NA	Victoria	NA	WITH TUMOR	NA	NA	NA	A	NA	NA	NA	NA	NA	NA	NA	NA	NA	NA	NA	NA	NA	NA	NA	NA	NA	NA	NA	NA	NA	NA	NA	NA	NA	NA	NA	NA	NA	NA	NA	NA	NA	NA	NA	NA	NA	NA	NA	NA	NA	NA	NA	NA	NA	NA	NA	NA	NA	NA	NA	NA	NA	NA	NA	NA	NA	NA	NA	NA	NA	NA	NA	NA	NA	NA	NA	NA
stad_tcga	TCGA-SW-A7EA	TCGA-SW-A7EA-01	61	NA	M0	N0	Stage IB	7th	T2	No	NA	Esophagogastric Cancer	Diffuse Type Stomach Adenocarcinoma	Chisinau	NA	NA	NA	NA	NA	180	0	NA	NA	NA	19.02	0:DiseaseFree	NA	NA	NOT HISPANIC OR LATINO	NA	NO	2/3/14	0.0748	GX	NA	Stomach, Adenocarcinoma, Diffuse Type	No	No	No	C16.3	8490/3	C16.3	YES	2013	NO	NA	NA	NA	YES	0	11	NA	NA	NA	553	NA	NA	NO	NA	NA	NA	TRUE	DSTAD	19.02	0:LIVING	NA	76C666E8-75C0-4E82-978C-1E346435B0FA	72C9608D-D8CE-401E-A643-A78D64FFB705	NA	TCGA-SW-A7EA.77B78001-43C6-45D3-B591-1C3F62138E83.pdf	77B78001-43C6-45D3-B591-1C3F62138E83	NA	Antrum/Distal	NA	YES	WHITE	NO	NO	R0	NO	NA	NA	1	180	Primary	1	Female	NA	Stomach	Matched	NA	NA	NA	NA	NA	NA	NA	NA	NO	NA	NA	SW	19.1	NA	Complete Remission/Response	NA	NA	NA	Moldova	NA	NA	NA	NA	NA	A	NA	NA	NA	NA	NA	NA	NA	NA	NA	NA	NA	NA	NA	NA	NA	NA	NA	NA	NA	NA	NA	NA	NA	NA	NA	NA	NA	NA	NA	NA	NA	NA	NA	NA	NA	NA	NA	NA	NA	NA	NA	NA	NA	NA	NA	NA	NA	NA	NA	NA	NA	NA	NA	NA	NA	NA	NA	NA	NA	NA	NA	NA	NA	NA	NA	NA	NA	NA
stad_tcga	TCGA-SW-A7EB	TCGA-SW-A7EB-01	45	NA	M0	N2	Stage IIIA	7th	T3	No	NA	Esophagogastric Cancer	Mucinous Stomach Adenocarcinoma	Chisinau	NA	NA	NA	NA	NA	77	0	NA	NA	NA	5.78	0:DiseaseFree	NA	NA	NOT HISPANIC OR LATINO	NA	NO	1/24/14	0.0798	G2	NA	Stomach, Intestinal Adenocarcinoma, Mucinous Type	No	No	NA	C16.3	8480/3	C16.3	YES	2013	NO	NA	NA	NA	YES	3	5	NA	NA	NA	116	NA	NA	NO	NA	NA	NA	TRUE	MSTAD	5.78	0:LIVING	NA	BFDCC333-1B9D-44D2-90A4-C1720BA712E9	1E50CF55-2F11-47F4-85DE-4771AA0BE709	NA	TCGA-SW-A7EB.096769DA-F6AE-44A3-8002-9694414D4228.pdf	096769DA-F6AE-44A3-8002-9694414D4228	NA	Antrum/Distal	NA	YES	WHITE	NO	YES	R0	NO	NA	NA	1	720	Primary	1	Male	NA	Stomach	Matched	NA	NA	NA	NA	NA	NA	NA	NA	YES	NA	NA	SW	4.0	YES	Progressive Disease	Antacids	NA	NA	Republic of Moldova	NA	NA	NA	NA	NA	A	NA	NA	NA	NA	NA	NA	NA	NA	NA	NA	NA	NA	NA	NA	NA	NA	NA	NA	NA	NA	NA	NA	NA	NA	NA	NA	NA	NA	NA	NA	NA	NA	NA	NA	NA	NA	NA	NA	NA	NA	NA	NA	NA	NA	NA	NA	NA	NA	NA	NA	NA	NA	NA	NA	NA	NA	NA	NA	NA	NA	NA	NA	NA	NA	NA	NA	NA	NA
stad_tcga	TCGA-VQ-A8DL	TCGA-VQ-A8DL-01	69	NA	M0	N0	Stage IIA	7th	T3	No	NA	Esophagogastric Cancer	Tubular Stomach Adenocarcinoma	Barretos	NA	NA	NA	NA	NA	1389	0	NA	NA	NA	NA	NA	NA	NA	NA	NA	NO	9/9/14	0.3004	G2	NA	Stomach, Intestinal Adenocarcinoma, Tubular Type	No	No	No	C16.0	8211/3	C16.0	YES	2010	NO	NA	NA	NA	YES	0	27	NA	NA	NA	144	NA	NA	NO	NA	NA	NA	FALSE	TSTAD	0.92	1:DECEASED	NA	72B0E541-A287-45F9-883B-CAA5E4F6BAE6	D2819D15-F3CF-482E-87CA-EF40F520D803	NA	TCGA-VQ-A8DL.738B95E9-007A-4267-B1A3-01DE65FBCB08.pdf	738B95E9-007A-4267-B1A3-01DE65FBCB08	NA	Cardia/Proximal	NA	NO	WHITE	NO	NO	R0	YES	NA	NA	1	250	Primary	1	Female	NA	Stomach	Matched	NA	NA	NA	NA	NA	NA	NA	NA	NO	NA	NA	VQ	4.83333333333	NO	Complete Remission/Response	NA	NA	NA	Sao Paulo	NA	TUMOR FREE	NA	NA	NA	A	NA	NA	NA	NA	NA	NA	NA	NA	NA	NA	NA	NA	NA	NA	NA	NA	NA	NA	NA	NA	NA	NA	NA	NA	NA	NA	NA	NA	NA	NA	NA	NA	NA	NA	NA	NA	NA	NA	NA	NA	NA	NA	NA	NA	NA	NA	NA	NA	NA	NA	NA	NA	NA	NA	NA	NA	NA	NA	NA	NA	NA	NA	NA	NA	NA	NA	NA	NA
stad_tcga	TCGA-VQ-A8DT	TCGA-VQ-A8DT-01	43	NA	M0	N3a	Stage IIIB	7th	T3	No	NA	Esophagogastric Cancer	Stomach Adenocarcinoma	Barretos	NA	NA	NA	NA	NA	1130	0	NA	NA	NA	45.2	1:Recurred/Progressed	NA	NA	NA	NA	NO	4/23/14	0.3530	G3	NA	Stomach, Intestinal Adenocarcinoma, Not Otherwise Specified (NOS)	No	No	No	C16.2	8144/3	C16.2	YES	2010	NO	NA	NA	NA	YES	9	53	NA	NA	NA	153	NA	NA	NO	NA	NA	NA	FALSE	STAD	48.75	0:LIVING	NA	8027ADC9-4918-45F0-A7DA-5767DA0B999E	CCE18EE7-ED7E-4B96-BD26-E886E25352FE	NA	TCGA-VQ-A8DT.6A7C4B02-E05D-4319-B89D-A3C101E31448.pdf	6A7C4B02-E05D-4319-B89D-A3C101E31448	NA	Fundus/Body	NA	NO	NA	YES	NO	R0	YES	NA	NA	1	130	Primary	1	Male	NA	Stomach	Matched	NA	NA	NA	NA	NA	NA	NA	NA	YES	NA	NA	VQ	5.33333333333	NO	Complete Remission/Response	NA	NA	NA	Sao Paulo	NA	TUMOR FREE	NA	NA	NA	A	NA	NA	NA	NA	NA	NA	NA	NA	NA	NA	NA	NA	NA	NA	NA	NA	NA	NA	NA	NA	NA	NA	NA	NA	NA	NA	NA	NA	NA	NA	NA	NA	NA	NA	NA	NA	NA	NA	NA	NA	NA	NA	NA	NA	NA	NA	NA	NA	NA	NA	NA	NA	NA	NA	NA	NA	NA	NA	NA	NA	NA	NA	NA	NA	NA	NA	NA	NA
stad_tcga	TCGA-VQ-A8DU	TCGA-VQ-A8DU-01	63	NA	M0	N2	Stage IIIA	7th	T3	No	NA	Esophagogastric Cancer	Tubular Stomach Adenocarcinoma	Barretos	NA	NA	NA	NA	NA	1123	0	NA	NA	NA	5.19	1:Recurred/Progressed	NA	NA	NA	NA	NO	4/22/14	0.5466	G2	NA	Stomach, Intestinal Adenocarcinoma, Tubular Type	No	No	No	C16.3	8211/3	C16.3	YES	2010	NO	NA	NA	NA	YES	8	23	NA	NA	NA	124	NA	NA	YES	NA	NA	NA	FALSE	TSTAD	5.45	1:DECEASED	NA	6FA6ACE1-4B39-44DB-9413-73EB21588AA1	410FFE22-C1E2-4D31-B053-843E71E49EA9	NA	TCGA-VQ-A8DU.4BEF0A6E-C71D-46B8-8D81-8845F59152F9.pdf	4BEF0A6E-C71D-46B8-8D81-8845F59152F9	Stomach Cancer	Antrum/Distal	NA	NO	WHITE	NO	NO	R0	YES	NA	NA	1	200	Primary	1	Male	NA	Stomach	Matched	NA	NA	NA	NA	NA	NA	NA	NA	YES	NA	NA	VQ	4.3	NO	Progressive Disease	NA	NA	NA	Sao Paulo	NA	WITH TUMOR	NA	NA	NA	A	NA	NA	NA	NA	NA	NA	NA	NA	NA	NA	NA	NA	NA	NA	NA	NA	NA	NA	NA	NA	NA	NA	NA	NA	NA	NA	NA	NA	NA	NA	NA	NA	NA	NA	NA	NA	NA	NA	NA	NA	NA	NA	NA	NA	NA	NA	NA	NA	NA	NA	NA	NA	NA	NA	NA	NA	NA	NA	NA	NA	NA	NA	NA	NA	NA	NA	NA	NA
stad_tcga	TCGA-VQ-A8DV	TCGA-VQ-A8DV-01	48	NA	M0	N0	Stage IB	6th	T2	No	NA	Esophagogastric Cancer	Stomach Adenocarcinoma	Barretos	NA	NA	NA	NA	NA	1069	0	NA	NA	NA	9.46	1:Recurred/Progressed	NA	NA	NA	NA	NO	5/28/14	0.5426	G2	NA	Stomach, Intestinal Adenocarcinoma, Not Otherwise Specified (NOS)	No	No	No	C16.3	8144/3	C16.3	YES	2010	NO	NA	NA	NA	YES	0	16	NA	NA	NA	62	NA	NA	YES	NA	NA	NA	FALSE	STAD	13.24	1:DECEASED	NA	D7FE7004-6268-4DAC-B145-FF76E678E77E	766D8020-D862-465E-9794-A83251F06130	NA	TCGA-VQ-A8DV.5141575A-2FB8-4BD0-A80E-EB88F8EAF63B.pdf	5141575A-2FB8-4BD0-A80E-EB88F8EAF63B	Stomach Cancer	Antrum/Distal	NA	NO	WHITE	NO	NO	R0	YES	NA	NA	1	70	Primary	1	Male	NA	Stomach	Matched	NA	NA	NA	NA	NA	NA	NA	NA	NO	NA	NA	VQ	2.16666666667	NO	Progressive Disease	NA	NA	NA	Sao Paulo	NA	WITH TUMOR	NA	NA	NA	A	NA	NA	NA	NA	NA	NA	NA	NA	NA	NA	NA	NA	NA	NA	NA	NA	NA	NA	NA	NA	NA	NA	NA	NA	NA	NA	NA	NA	NA	NA	NA	NA	NA	NA	NA	NA	NA	NA	NA	NA	NA	NA	NA	NA	NA	NA	NA	NA	NA	NA	NA	NA	NA	NA	NA	NA	NA	NA	NA	NA	NA	NA	NA	NA	NA	NA	NA	NA
stad_tcga	TCGA-VQ-A8DZ	TCGA-VQ-A8DZ-01	70	NA	M1	N3	Stage IV	7th	T4	No	NA	Esophagogastric Cancer	Signet Ring Cell Carcinoma of the Stomach	Barretos	NA	NA	NA	NA	NA	920	0	NA	NA	NA	NA	NA	NA	NA	NA	NA	NO	4/22/14	0.4464	G3	NA	Stomach Adenocarcinoma, Signet Ring Type	No	No	No	C16.3	8490/3	C16.3	YES	2011	NO	NA	NA	NA	YES	18	20	NA	NA	NA	73	NA	NA	NO	NA	NA	NA	FALSE	SSRCC	13.01	1:DECEASED	NA	A8A9B061-B33C-4C69-BD4C-7F430474CDFD	11B40208-C71A-4E13-8BC8-6953C0BEB8DA	NA	TCGA-VQ-A8DZ.ABF1CCF2-99C9-4D55-94A2-06E867C5F460.pdf	ABF1CCF2-99C9-4D55-94A2-06E867C5F460	Stomach Cancer	Antrum/Distal	NA	NO	BLACK OR AFRICAN AMERICAN	NO	NO	R2	YES	NA	NA	1	80	Primary	1	Male	NA	Stomach	Matched	NA	NA	NA	NA	NA	NA	NA	NA	YES	NA	NA	VQ	2.46666666667	NO	Progressive Disease	NA	NA	NA	Sao Paulo	NA	WITH TUMOR	NA	NA	NA	A	NA	NA	NA	NA	NA	NA	NA	NA	NA	NA	NA	NA	NA	NA	NA	NA	NA	NA	NA	NA	NA	NA	NA	NA	NA	NA	NA	NA	NA	NA	NA	NA	NA	NA	NA	NA	NA	NA	NA	NA	NA	NA	NA	NA	NA	NA	NA	NA	NA	NA	NA	NA	NA	NA	NA	NA	NA	NA	NA	NA	NA	NA	NA	NA	NA	NA	NA	NA
stad_tcga	TCGA-VQ-A8E0	TCGA-VQ-A8E0-01	68	NA	M0	N2	Stage IIIA	7th	T3	No	NA	Esophagogastric Cancer	Stomach Adenocarcinoma	Barretos	NA	NA	NA	NA	NA	942	0	NA	NA	NA	17.44	1:Recurred/Progressed	NA	NA	NA	NA	YES	9/9/14	0.4643	G3	NA	Stomach, Intestinal Adenocarcinoma, Not Otherwise Specified (NOS)	No	No	No	C16.2	8144/3	C16.2	YES	2011	NO	NA	NA	NA	YES	6	23	NA	NA	NA	NA	NA	NA	YES	NA	1	NA	FALSE	STAD	18.46	1:DECEASED	NA	EB9A558C-39EF-42C0-8DFC-64D01B729426	B6698067-C628-4AF6-AF33-097B633C1C97	NA	TCGA-VQ-A8E0.30080B9A-D8A3-42CC-BF33-F03462DC6C63.pdf	30080B9A-D8A3-42CC-BF33-F03462DC6C63	Stomach Cancer	Fundus/Body	NA	NO	BLACK OR AFRICAN AMERICAN	YES	NO	R0	YES	NA	NA	1	130	Primary	1	Male	NA	Stomach	Matched	NA	NA	NA	NA	NA	NA	NA	NA	YES	NA	NA	VQ	0	NO	Progressive Disease	NA	NA	NA	Sao Paulo	NA	WITH TUMOR	NA	NA	NA	A	NA	NA	NA	NA	NA	NA	NA	NA	NA	NA	NA	NA	NA	NA	NA	NA	NA	NA	NA	NA	NA	NA	NA	NA	NA	NA	NA	NA	NA	NA	NA	NA	NA	NA	NA	NA	NA	NA	NA	NA	NA	NA	NA	NA	NA	NA	NA	NA	NA	NA	NA	NA	NA	NA	NA	NA	NA	NA	NA	NA	NA	NA	NA	NA	NA	NA	NA	NA
stad_tcga	TCGA-VQ-A8E2	TCGA-VQ-A8E2-01	57	NA	M0	N2	Stage IIIB	6th	T3	No	NA	Esophagogastric Cancer	Tubular Stomach Adenocarcinoma	Barretos	NA	NA	NA	NA	NA	855	0	NA	NA	NA	43.33	0:DiseaseFree	NA	NA	NA	NA	NO	4/23/14	0.3256	G2	NA	Stomach, Intestinal Adenocarcinoma, Tubular Type	No	No	No	C16.2	8211/3	C16.2	YES	2011	NO	NA	NA	NA	YES	8	29	NA	NA	NA	97	NA	NA	NO	NA	NA	NA	FALSE	TSTAD	43.33	0:LIVING	NA	C16EED96-8DA8-4D01-B87D-660F46172777	BAF2C923-2597-4F41-B88C-2EEA619F7D53	NA	TCGA-VQ-A8E2.1855A994-FBC6-421A-8C5D-1F1656A994ED.pdf	1855A994-FBC6-421A-8C5D-1F1656A994ED	NA	Fundus/Body	NA	NO	ASIAN	YES	NO	R0	YES	NA	NA	1	210	Primary	1	Male	NA	Stomach	Matched	NA	NA	NA	NA	NA	NA	NA	NA	YES	NA	NA	VQ	3.46666666667	NO	Complete Remission/Response	NA	NA	NA	Sao Paulo	NA	TUMOR FREE	NA	NA	NA	A	NA	NA	NA	NA	NA	NA	NA	NA	NA	NA	NA	NA	NA	NA	NA	NA	NA	NA	NA	NA	NA	NA	NA	NA	NA	NA	NA	NA	NA	NA	NA	NA	NA	NA	NA	NA	NA	NA	NA	NA	NA	NA	NA	NA	NA	NA	NA	NA	NA	NA	NA	NA	NA	NA	NA	NA	NA	NA	NA	NA	NA	NA	NA	NA	NA	NA	NA	NA
stad_tcga	TCGA-VQ-A8E3	TCGA-VQ-A8E3-01	79	NA	M0	N0	Stage IIA	7th	T3	No	NA	Esophagogastric Cancer	Stomach Adenocarcinoma	Barretos	NA	NA	NA	NA	NA	816	0	NA	NA	NA	17.67	1:Recurred/Progressed	NA	NA	NA	NA	NO	4/22/14	0.3690	G3	NA	Stomach, Intestinal Adenocarcinoma, Not Otherwise Specified (NOS)	No	No	No	C16.3	8140/3	C16.3	YES	2011	NO	NA	NA	NA	YES	0	20	NA	NA	NA	NA	NA	NA	YES	NA	NA	NA	FALSE	STAD	21.71	1:DECEASED	NA	E9B3822B-699D-412F-ABD2-DF399EFCCE8C	3A30D7B8-CFC6-485A-B0B3-BE0245E9C4CE	NA	TCGA-VQ-A8E3.6A34D385-D1BB-428E-A41E-7DC3C0836741.pdf	6A34D385-D1BB-428E-A41E-7DC3C0836741	NA	Antrum/Distal	NA	NO	WHITE	NO	NO	R0	YES	NA	NA	1	240	Primary	1	Male	NA	Stomach	Matched	NA	NA	NA	NA	NA	NA	NA	NA	NO	NA	NA	VQ	0	NO	NA	NA	NA	NA	Sao Paulo	NA	NA	NA	NA	NA	A	NA	NA	NA	NA	NA	NA	NA	NA	NA	NA	NA	NA	NA	NA	NA	NA	NA	NA	NA	NA	NA	NA	NA	NA	NA	NA	NA	NA	NA	NA	NA	NA	NA	NA	NA	NA	NA	NA	NA	NA	NA	NA	NA	NA	NA	NA	NA	NA	NA	NA	NA	NA	NA	NA	NA	NA	NA	NA	NA	NA	NA	NA	NA	NA	NA	NA	NA	NA
stad_tcga	TCGA-VQ-A8E7	TCGA-VQ-A8E7-01	59	NA	M1	N1	Stage IV	7th	T3	No	NA	Esophagogastric Cancer	Tubular Stomach Adenocarcinoma	Barretos	NA	NA	NA	NA	NA	640	0	NA	NA	NA	34.43	1:Recurred/Progressed	NA	NA	NA	NA	NA	8/20/14	0.2697	G2	NA	Stomach, Intestinal Adenocarcinoma, Tubular Type	No	No	No	C16.0	8211/3	C16.0	YES	2012	NO	NA	NA	NA	YES	1	23	NA	NA	NA	76	NA	NA	NO	NA	NA	NA	TRUE	TSTAD	37.39	0:LIVING	NA	7DA1A098-73F7-40C1-8C9D-E0423C15009C	C7A0B2CE-4695-42C8-BE6D-FE6F572E9217	NA	TCGA-VQ-A8E7.45A33125-5E8A-43A6-AC05-1E747BAB6621.pdf	45A33125-5E8A-43A6-AC05-1E747BAB6621	NA	Gastroesophageal Junction	NA	NO	WHITE	NO	NO	R0	YES	NA	NA	1	120	Primary	1	Male	NA	Stomach	Matched	NA	NA	NA	NA	NA	NA	NA	NA	NO	NA	NA	VQ	2.63333333333	NO	Stable Disease	NA	NA	NA	Sao Paulo	NA	WITH TUMOR	NA	NA	NA	B	NA	NA	NA	NA	NA	NA	NA	NA	NA	NA	NA	NA	NA	NA	NA	NA	NA	NA	NA	NA	NA	NA	NA	NA	NA	NA	NA	NA	NA	NA	NA	NA	NA	NA	NA	NA	NA	NA	NA	NA	NA	NA	NA	NA	NA	NA	NA	NA	NA	NA	NA	NA	NA	NA	NA	NA	NA	NA	NA	NA	NA	NA	NA	NA	NA	NA	NA	NA
stad_tcga	TCGA-VQ-A8P2	TCGA-VQ-A8P2-01	68	NA	M0	N1	Stage IIIA	7th	T4a	No	NA	Esophagogastric Cancer	Mucinous Stomach Adenocarcinoma	Barretos	NA	NA	NA	NA	NA	713	0	NA	NA	NA	38.11	0:DiseaseFree	NA	NA	NA	NA	NO	3/26/14	0.0500	G2	NA	Stomach, Intestinal Adenocarcinoma, Mucinous Type	No	No	No	C16.2	8480/3	C16.2	YES	2011	NO	NA	NA	NA	YES	1	16	NA	NA	NA	6102	NA	NA	NO	NA	NA	NA	FALSE	MSTAD	38.11	0:LIVING	NA	A0D35A25-3500-46F3-874F-1A0820200473	9582ADB6-14BD-4DF2-B991-DF472FD52BC9	NA	TCGA-VQ-A8P2.7E738C8E-25E5-49DC-ABA4-2C7DD768B775.pdf	7E738C8E-25E5-49DC-ABA4-2C7DD768B775	NA	Fundus/Body	NA	NO	WHITE	YES	NO	R0	YES	NA	NA	1	160	Primary	1	Male	NA	Stomach	Matched	NA	NA	NA	NA	NA	NA	NA	NA	YES	NA	NA	VQ	209.233333333	NO	Complete Remission/Response	NA	NA	NA	Sao Paulo	NA	TUMOR FREE	NA	NA	NA	A	NA	NA	NA	NA	NA	NA	NA	NA	NA	NA	NA	NA	NA	NA	NA	NA	NA	NA	NA	NA	NA	NA	NA	NA	NA	NA	NA	NA	NA	NA	NA	NA	NA	NA	NA	NA	NA	NA	NA	NA	NA	NA	NA	NA	NA	NA	NA	NA	NA	NA	NA	NA	NA	NA	NA	NA	NA	NA	NA	NA	NA	NA	NA	NA	NA	NA	NA	NA
stad_tcga	TCGA-VQ-A8P3	TCGA-VQ-A8P3-01	72	NA	M0	N1	Stage IIIA	7th	T4	No	NA	Esophagogastric Cancer	Tubular Stomach Adenocarcinoma	Barretos	NA	NA	NA	NA	NA	734	0	NA	NA	NA	37.19	0:DiseaseFree	NA	NA	NA	NA	NO	3/26/14	0.0217	G2	NA	Stomach, Intestinal Adenocarcinoma, Tubular Type	No	No	No	C16.2	8211/3	C16.2	YES	2011	NO	NA	NA	NA	YES	1	14	NA	NA	NA	233	NA	NA	NO	NA	NA	NA	FALSE	TSTAD	37.19	0:LIVING	NA	5C68E3E4-58F7-4699-989D-80D2E4996794	4E9A78D5-C8DC-4C61-9812-6A213CA67430	NA	TCGA-VQ-A8P3.A7C2C2DF-F854-495F-ACC8-B0B06F773BF7.pdf	A7C2C2DF-F854-495F-ACC8-B0B06F773BF7	NA	Fundus/Body	NA	NO	WHITE	YES	NO	R0	YES	NA	NA	1	140	Primary	1	Male	NA	Stomach	Matched	NA	NA	NA	NA	NA	NA	NA	NA	YES	NA	NA	VQ	8.16666666667	NO	Complete Remission/Response	NA	NA	NA	Sao Paulo	NA	TUMOR FREE	NA	NA	NA	A	NA	NA	NA	NA	NA	NA	NA	NA	NA	NA	NA	NA	NA	NA	NA	NA	NA	NA	NA	NA	NA	NA	NA	NA	NA	NA	NA	NA	NA	NA	NA	NA	NA	NA	NA	NA	NA	NA	NA	NA	NA	NA	NA	NA	NA	NA	NA	NA	NA	NA	NA	NA	NA	NA	NA	NA	NA	NA	NA	NA	NA	NA	NA	NA	NA	NA	NA	NA
stad_tcga	TCGA-VQ-A8P5	TCGA-VQ-A8P5-01	67	NA	M0	N0	Stage IIA	7th	T3	No	NA	Esophagogastric Cancer	Stomach Adenocarcinoma	Barretos	NA	NA	NA	NA	NA	725	0	NA	NA	NA	NA	NA	NA	NA	NA	NA	NO	3/26/14	0.5152	G3	NA	Stomach, Intestinal Adenocarcinoma, Not Otherwise Specified (NOS)	No	No	No	C16.2	8144/3	C16.2	YES	2011	NO	NA	NA	NA	YES	0	34	NA	NA	NA	NA	NA	NA	NO	NA	NA	NA	FALSE	STAD	7.72	1:DECEASED	NA	1654C42B-664B-407E-8CA7-D4CD908B709A	BCD1F062-F9F7-4F6A-8FA9-DF99B7D54F77	NA	TCGA-VQ-A8P5.F72CB305-1710-41BC-95C0-F29F3547429F.pdf	F72CB305-1710-41BC-95C0-F29F3547429F	NA	Fundus/Body	NA	NO	WHITE	YES	NO	R0	YES	NA	NA	1	120	Primary	1	Male	NA	Stomach	Matched	NA	NA	NA	NA	NA	NA	NA	NA	YES	NA	NA	VQ	0	NO	Progressive Disease	NA	NA	NA	Sao Paulo	NA	NA	NA	NA	NA	A	NA	NA	NA	NA	NA	NA	NA	NA	NA	NA	NA	NA	NA	NA	NA	NA	NA	NA	NA	NA	NA	NA	NA	NA	NA	NA	NA	NA	NA	NA	NA	NA	NA	NA	NA	NA	NA	NA	NA	NA	NA	NA	NA	NA	NA	NA	NA	NA	NA	NA	NA	NA	NA	NA	NA	NA	NA	NA	NA	NA	NA	NA	NA	NA	NA	NA	NA	NA
stad_tcga	TCGA-VQ-A8P8	TCGA-VQ-A8P8-01	72	NA	M0	N0	Stage IIB	7th	T4a	No	NA	Esophagogastric Cancer	Stomach Adenocarcinoma	Barretos	NA	NA	NA	NA	NA	544	0	NA	NA	NA	30.95	0:DiseaseFree	NA	NA	NA	NA	NO	3/26/14	0.0001	G2	NA	Stomach, Intestinal Adenocarcinoma, Not Otherwise Specified (NOS)	No	No	No	C16.2	8144/3	C16.2	YES	2012	NO	NA	NA	NA	YES	0	19	NA	NA	NA	NA	NA	NA	NO	NA	NA	NA	FALSE	STAD	30.95	0:LIVING	NA	0403E788-27F1-4205-9E73-ADE13B8DF1E0	B5AD89D6-2B40-4F92-9B7F-33BAF7369993	NA	TCGA-VQ-A8P8.FBD88F68-2CF0-472A-858F-28E30180A827.pdf	FBD88F68-2CF0-472A-858F-28E30180A827	NA	Fundus/Body	NA	NO	BLACK OR AFRICAN AMERICAN	NO	NO	R0	YES	NA	NA	1	60	Primary	1	Female	NA	Stomach	Matched	NA	NA	NA	NA	NA	NA	NA	NA	NO	NA	NA	VQ	0	NO	Complete Remission/Response	NA	NA	NA	Sao Paulo	NA	TUMOR FREE	NA	NA	NA	A	NA	NA	NA	NA	NA	NA	NA	NA	NA	NA	NA	NA	NA	NA	NA	NA	NA	NA	NA	NA	NA	NA	NA	NA	NA	NA	NA	NA	NA	NA	NA	NA	NA	NA	NA	NA	NA	NA	NA	NA	NA	NA	NA	NA	NA	NA	NA	NA	NA	NA	NA	NA	NA	NA	NA	NA	NA	NA	NA	NA	NA	NA	NA	NA	NA	NA	NA	NA
stad_tcga	TCGA-VQ-A8PB	TCGA-VQ-A8PB-01	65	NA	M0	N0	Stage II	6th	T3	No	NA	Esophagogastric Cancer	Papillary Stomach Adenocarcinoma	Barretos	NA	NA	NA	NA	NA	963	0	NA	NA	NA	NA	NA	NA	NA	NA	NA	NO	3/26/14	0.1044	G2	NA	Stomach, Intestinal Adenocarcinoma, Papillary Type	No	No	No	C16.3	8260/3	C16.3	YES	2011	NO	NA	NA	NA	YES	0	47	NA	NA	NA	NA	NA	NA	NO	NA	NA	NA	FALSE	PSTAD	34.26	1:DECEASED	NA	02661985-D13F-4007-9A42-5E08D1A6CA10	9C68B7C7-DFDD-40AB-B173-477BB0B4B99D	NA	TCGA-VQ-A8PB.C190A606-2471-48BF-8558-B3F50B295224.pdf	C190A606-2471-48BF-8558-B3F50B295224	NA	Antrum/Distal	NA	NO	WHITE	YES	NO	R0	YES	NA	NA	1	90	Primary	1	Female	NA	Stomach	Matched	NA	NA	NA	NA	NA	NA	NA	NA	YES	NA	NA	VQ	0	NO	Complete Remission/Response	NA	NA	NA	Sao Paulo	NA	TUMOR FREE	NA	NA	NA	A	NA	NA	NA	NA	NA	NA	NA	NA	NA	NA	NA	NA	NA	NA	NA	NA	NA	NA	NA	NA	NA	NA	NA	NA	NA	NA	NA	NA	NA	NA	NA	NA	NA	NA	NA	NA	NA	NA	NA	NA	NA	NA	NA	NA	NA	NA	NA	NA	NA	NA	NA	NA	NA	NA	NA	NA	NA	NA	NA	NA	NA	NA	NA	NA	NA	NA	NA	NA
stad_tcga	TCGA-VQ-A8PC	TCGA-VQ-A8PC-01	65	NA	M0	N1	Stage IIIA	6th	T3	No	NA	Esophagogastric Cancer	Signet Ring Cell Carcinoma of the Stomach	Barretos	NA	NA	NA	NA	NA	1719	0	NA	NA	NA	42.28	1:Recurred/Progressed	NA	NA	NA	NA	NO	3/26/14	0.0810	G3	NA	Stomach Adenocarcinoma, Signet Ring Type	No	No	No	C16.3	8490/3	C16.3	YES	2009	NO	NA	NA	NA	YES	2	15	NA	NA	NA	NA	NA	NA	YES	NA	NA	NA	FALSE	SSRCC	46.22	1:DECEASED	NA	26F3EE89-7F74-4C4E-AD6F-FAB29A5460F9	723D13CB-226D-40C1-B0E4-F06F7E80AD1F	NA	TCGA-VQ-A8PC.51D9B573-7ECD-43FB-A33F-F0E2B7DA68EA.pdf	51D9B573-7ECD-43FB-A33F-F0E2B7DA68EA	NA	Antrum/Distal	NA	NO	WHITE	NO	NO	R0	YES	NA	NA	1	120	Primary	1	Male	NA	Stomach	Matched	NA	NA	NA	NA	NA	NA	NA	NA	NO	NA	NA	VQ	0	NO	Progressive Disease	NA	NA	NA	Sao Paulo	NA	WITH TUMOR	NA	NA	NA	A	NA	NA	NA	NA	NA	NA	NA	NA	NA	NA	NA	NA	NA	NA	NA	NA	NA	NA	NA	NA	NA	NA	NA	NA	NA	NA	NA	NA	NA	NA	NA	NA	NA	NA	NA	NA	NA	NA	NA	NA	NA	NA	NA	NA	NA	NA	NA	NA	NA	NA	NA	NA	NA	NA	NA	NA	NA	NA	NA	NA	NA	NA	NA	NA	NA	NA	NA	NA
stad_tcga	TCGA-VQ-A8PD	TCGA-VQ-A8PD-01	69	NA	M0	N3	Stage IIIC	7th	T4a	No	NA	Esophagogastric Cancer	Stomach Adenocarcinoma	Barretos	NA	NA	NA	NA	NA	447	0	NA	NA	NA	4.4	1:Recurred/Progressed	NA	NA	NA	NA	NO	3/30/14	0.0397	G2	NA	Stomach, Adenocarcinoma, Not Otherwise Specified (NOS)	No	No	No	C16.2	8140/3	C16.2	YES	2012	NO	NA	NA	NA	YES	26	28	NA	NA	NA	NA	NA	NA	YES	NA	NA	NA	FALSE	STAD	16.29	1:DECEASED	NA	76DF6303-A635-410B-A4D9-DB5DCE72FCBC	109928B6-B89D-416E-B655-A2D8FC62E096	NA	TCGA-VQ-A8PD.DE2703ED-489C-4185-A971-493A005DA974.pdf	DE2703ED-489C-4185-A971-493A005DA974	NA	Fundus/Body	NA	NO	WHITE	NO	NO	R0	YES	NA	NA	1	210	Primary	1	Male	NA	Stomach	Matched	NA	NA	NA	NA	NA	NA	NA	NA	YES	NA	NA	VQ	0	NO	Progressive Disease	NA	NA	NA	Sao Paulo	NA	WITH TUMOR	NA	NA	NA	A	NA	NA	NA	NA	NA	NA	NA	NA	NA	NA	NA	NA	NA	NA	NA	NA	NA	NA	NA	NA	NA	NA	NA	NA	NA	NA	NA	NA	NA	NA	NA	NA	NA	NA	NA	NA	NA	NA	NA	NA	NA	NA	NA	NA	NA	NA	NA	NA	NA	NA	NA	NA	NA	NA	NA	NA	NA	NA	NA	NA	NA	NA	NA	NA	NA	NA	NA	NA
stad_tcga	TCGA-VQ-A8PE	TCGA-VQ-A8PE-01	78	NA	M0	N3a	Stage IIIB	7th	T3	No	NA	Esophagogastric Cancer	Tubular Stomach Adenocarcinoma	Barretos	NA	NA	NA	NA	NA	368	0	NA	NA	NA	8.71	1:Recurred/Progressed	NA	NA	NA	NA	YES	3/30/14	0.2209	G3	NA	Stomach, Intestinal Adenocarcinoma, Tubular Type	No	No	No	C16.0	8211/3	C16.0	YES	2012	NO	NA	NA	NA	YES	12	36	NA	NA	NA	109	NA	NA	YES	NA	2	NA	FALSE	TSTAD	22.17	1:DECEASED	NA	32B1F9FF-DBAD-47F5-9580-13F4120F5891	16BDEEEA-7179-4D3E-9AC0-8F3659C902BA	NA	TCGA-VQ-A8PE.B20722B4-6F27-43F9-BA08-A4FAA31A414D.pdf	B20722B4-6F27-43F9-BA08-A4FAA31A414D	NA	Cardia/Proximal	NA	NO	WHITE	NO	NO	R0	YES	NA	NA	1	380	Primary	1	Male	NA	Stomach	Matched	NA	NA	NA	NA	NA	NA	NA	NA	NO	NA	NA	VQ	3.76666666667	NO	Progressive Disease	NA	NA	NA	Sao Paulo	NA	WITH TUMOR	NA	NA	NA	A	NA	NA	NA	NA	NA	NA	NA	NA	NA	NA	NA	NA	NA	NA	NA	NA	NA	NA	NA	NA	NA	NA	NA	NA	NA	NA	NA	NA	NA	NA	NA	NA	NA	NA	NA	NA	NA	NA	NA	NA	NA	NA	NA	NA	NA	NA	NA	NA	NA	NA	NA	NA	NA	NA	NA	NA	NA	NA	NA	NA	NA	NA	NA	NA	NA	NA	NA	NA
stad_tcga	TCGA-VQ-A8PF	TCGA-VQ-A8PF-01	76	NA	M0	N3b	Stage IIIB	7th	T3	No	NA	Esophagogastric Cancer	Tubular Stomach Adenocarcinoma	Barretos	NA	NA	NA	NA	NA	568	0	NA	NA	NA	NA	NA	NA	NA	NA	NA	NO	9/9/14	0.0760	G3	NA	Stomach, Intestinal Adenocarcinoma, Tubular Type	No	No	No	C16.2	8211/3	C16.2	YES	2012	NO	NA	NA	NA	YES	24	41	NA	NA	NA	NA	NA	NA	NO	NA	NA	NA	FALSE	TSTAD	2.5	1:DECEASED	NA	94037C4F-7ACC-436B-8433-7213A385539A	BB60C40C-00DA-41BA-8965-4788D58C2DE3	NA	TCGA-VQ-A8PF.B8EC8A4E-1DBF-48B8-BEFB-6EBD03ABA122.pdf	B8EC8A4E-1DBF-48B8-BEFB-6EBD03ABA122	NA	Fundus/Body	NA	NO	NA	NO	NO	R0	YES	NA	NA	1	110	Primary	1	Male	NA	Stomach	Matched	NA	NA	NA	NA	NA	NA	NA	NA	NO	NA	NA	VQ	0	NO	Complete Remission/Response	NA	NA	NA	Sao Paulo	NA	TUMOR FREE	NA	NA	NA	A	NA	NA	NA	NA	NA	NA	NA	NA	NA	NA	NA	NA	NA	NA	NA	NA	NA	NA	NA	NA	NA	NA	NA	NA	NA	NA	NA	NA	NA	NA	NA	NA	NA	NA	NA	NA	NA	NA	NA	NA	NA	NA	NA	NA	NA	NA	NA	NA	NA	NA	NA	NA	NA	NA	NA	NA	NA	NA	NA	NA	NA	NA	NA	NA	NA	NA	NA	NA
stad_tcga	TCGA-VQ-A8PH	TCGA-VQ-A8PH-01	62	NA	M0	N3	Stage IIIB	7th	T3	No	NA	Esophagogastric Cancer	Tubular Stomach Adenocarcinoma	Barretos	NA	NA	NA	NA	NA	1406	0	NA	NA	NA	12.39	1:Recurred/Progressed	NA	NA	NA	NA	NO	3/30/14	0.5204	G2	NA	Stomach, Intestinal Adenocarcinoma, Tubular Type	No	No	No	C16.3	8211/3	C16.3	YES	2010	NO	NA	NA	NA	YES	24	33	NA	NA	NA	NA	NA	NA	YES	NA	NA	NA	FALSE	TSTAD	12.78	1:DECEASED	NA	52849C60-7E30-4BA4-9DAE-BE4ADF031120	46FD0697-EAF3-400F-AB5C-5CCF007332EF	NA	TCGA-VQ-A8PH.9BFB73D5-8934-4601-937F-FBB0A6E0E781.pdf	9BFB73D5-8934-4601-937F-FBB0A6E0E781	NA	Antrum/Distal	NA	NO	WHITE	YES	NO	R1	YES	NA	NA	1	260	Primary	1	Male	NA	Stomach	Matched	NA	NA	NA	NA	NA	NA	NA	NA	YES	NA	NA	VQ	0	NO	Progressive Disease	NA	NA	NA	Sao Paulo	NA	WITH TUMOR	NA	NA	NA	A	NA	NA	NA	NA	NA	NA	NA	NA	NA	NA	NA	NA	NA	NA	NA	NA	NA	NA	NA	NA	NA	NA	NA	NA	NA	NA	NA	NA	NA	NA	NA	NA	NA	NA	NA	NA	NA	NA	NA	NA	NA	NA	NA	NA	NA	NA	NA	NA	NA	NA	NA	NA	NA	NA	NA	NA	NA	NA	NA	NA	NA	NA	NA	NA	NA	NA	NA	NA
stad_tcga	TCGA-VQ-A8PJ	TCGA-VQ-A8PJ-01	53	NA	M1	N2	Stage IV	6th	T4	No	NA	Esophagogastric Cancer	Tubular Stomach Adenocarcinoma	Barretos	NA	NA	NA	NA	NA	705	0	NA	NA	NA	NA	NA	NA	NA	NA	NA	NO	3/30/14	0.5631	GX	NA	Stomach, Intestinal Adenocarcinoma, Tubular Type	No	No	No	C16.2	8211/3	C16.2	YES	2011	NO	NA	NA	NA	YES	9	24	NA	NA	NA	NA	NA	NA	NO	NA	NA	NA	FALSE	TSTAD	2.69	1:DECEASED	NA	0CD4B4A2-D3CE-4FC4-B899-BBCECB2B3D55	BD609B94-EF24-4062-A693-4B3FEABBA9CD	NA	TCGA-VQ-A8PJ.D68770D3-4BFB-4A5A-BE70-410B2EE43FC0.pdf	D68770D3-4BFB-4A5A-BE70-410B2EE43FC0	Stomach Cancer	Fundus/Body	NA	NO	NA	NO	NO	R2	YES	NA	NA	1	450	Primary	1	Male	NA	Stomach	Matched	NA	NA	NA	NA	NA	NA	NA	NA	NO	NA	NA	VQ	0	NO	Progressive Disease	NA	NA	NA	Sao Paulo	NA	WITH TUMOR	NA	NA	NA	A	NA	NA	NA	NA	NA	NA	NA	NA	NA	NA	NA	NA	NA	NA	NA	NA	NA	NA	NA	NA	NA	NA	NA	NA	NA	NA	NA	NA	NA	NA	NA	NA	NA	NA	NA	NA	NA	NA	NA	NA	NA	NA	NA	NA	NA	NA	NA	NA	NA	NA	NA	NA	NA	NA	NA	NA	NA	NA	NA	NA	NA	NA	NA	NA	NA	NA	NA	NA
stad_tcga	TCGA-VQ-A8PK	TCGA-VQ-A8PK-01	58	NA	M0	N3a	Stage IIIB	7th	T3	No	NA	Esophagogastric Cancer	Stomach Adenocarcinoma	Barretos	NA	NA	NA	NA	NA	964	0	NA	NA	NA	8.64	1:Recurred/Progressed	NA	NA	NA	NA	NO	3/30/14	0.8474	G2	NA	Stomach, Intestinal Adenocarcinoma, Not Otherwise Specified (NOS)	No	No	No	C16.0	8144/3	C16.0	YES	2011	NO	NA	NA	NA	YES	11	32	NA	NA	NA	76	NA	NA	YES	NA	NA	NA	FALSE	STAD	17.84	1:DECEASED	NA	56BCB686-5010-439F-819F-95DDA9885CA5	657E886A-00B1-4D8A-8D14-9F8C0807CCC9	NA	TCGA-VQ-A8PK.2619F062-6E2D-4412-95C3-B104C86EDBFC.pdf	2619F062-6E2D-4412-95C3-B104C86EDBFC	Stomach Cancer	Gastroesophageal Junction	NA	NO	WHITE	NO	NO	R0	YES	NA	NA	1	410	Primary	1	Male	NA	Stomach	Matched	NA	NA	NA	NA	NA	NA	NA	NA	NO	NA	NA	VQ	2.63333333333	NO	Progressive Disease	NA	NA	NA	Sao Paulo	NA	WITH TUMOR	NA	NA	NA	A	NA	NA	NA	NA	NA	NA	NA	NA	NA	NA	NA	NA	NA	NA	NA	NA	NA	NA	NA	NA	NA	NA	NA	NA	NA	NA	NA	NA	NA	NA	NA	NA	NA	NA	NA	NA	NA	NA	NA	NA	NA	NA	NA	NA	NA	NA	NA	NA	NA	NA	NA	NA	NA	NA	NA	NA	NA	NA	NA	NA	NA	NA	NA	NA	NA	NA	NA	NA
stad_tcga	TCGA-VQ-A8PM	TCGA-VQ-A8PM-01	56	NA	M0	N3	Stage IV	6th	T4	No	NA	Esophagogastric Cancer	Signet Ring Cell Carcinoma of the Stomach	Barretos	NA	NA	NA	NA	NA	1709	0	NA	NA	NA	NA	NA	NA	NA	NA	NA	NO	3/30/14	0.0566	G3	NA	Stomach Adenocarcinoma, Signet Ring Type	No	No	No	C16.0	8490/3	C16.0	YES	2009	NO	NA	NA	NA	YES	55	81	NA	NA	NA	44	NA	NA	NO	NA	NA	NA	FALSE	SSRCC	1.87	1:DECEASED	NA	BAB53C56-82F1-4D63-98F5-4608EA7B5F4E	47924478-6EEE-4958-A585-CA6EBAE55132	NA	TCGA-VQ-A8PM.C55568F6-1060-44CB-B105-00C136A56D79.pdf	C55568F6-1060-44CB-B105-00C136A56D79	Other, non-malignant disease	Cardia/Proximal	NA	NO	WHITE	NO	NO	R0	YES	NA	NA	1	220	Primary	1	Male	NA	Stomach	Matched	NA	NA	NA	NA	NA	NA	NA	NA	NO	NA	NA	VQ	1.5	NO	NA	NA	NA	NA	Sao Paulo	NA	WITH TUMOR	NA	NA	NA	A	NA	NA	NA	NA	NA	NA	NA	NA	NA	NA	NA	NA	NA	NA	NA	NA	NA	NA	NA	NA	NA	NA	NA	NA	NA	NA	NA	NA	NA	NA	NA	NA	NA	NA	NA	NA	NA	NA	NA	NA	NA	NA	NA	NA	NA	NA	NA	NA	NA	NA	NA	NA	NA	NA	NA	NA	NA	NA	NA	NA	NA	NA	NA	NA	NA	NA	NA	NA
stad_tcga	TCGA-VQ-A8PO	TCGA-VQ-A8PO-01	74	NA	M0	N0	Stage IIB	7th	T4a	No	NA	Esophagogastric Cancer	Signet Ring Cell Carcinoma of the Stomach	Barretos	NA	NA	NA	NA	NA	1821	0	NA	NA	NA	8.41	1:Recurred/Progressed	NA	NA	NA	NA	NO	3/30/14	0.0945	G3	NA	Stomach Adenocarcinoma, Signet Ring Type	No	No	No	C16.3	8490/3	C16.3	YES	2008	NO	NA	NA	NA	YES	0	26	NA	NA	NA	NA	NA	NA	YES	NA	NA	NA	FALSE	SSRCC	9.26	1:DECEASED	NA	4EC9DBB4-358D-4C59-8039-552C7006C2BF	D64989D3-82A4-4BF9-A79E-2D73CCD76C22	NA	TCGA-VQ-A8PO.1328EA37-86D1-45F2-8BD9-BB147A9E8254.pdf	1328EA37-86D1-45F2-8BD9-BB147A9E8254	Stomach Cancer	Antrum/Distal	NA	NO	WHITE	NO	NO	R0	YES	NA	NA	1	200	Primary	1	Male	NA	Stomach	Matched	NA	NA	NA	NA	NA	NA	NA	NA	NO	NA	NA	VQ	0	NO	Progressive Disease	NA	NA	NA	Sao Paulo	NA	NA	NA	NA	NA	A	NA	NA	NA	NA	NA	NA	NA	NA	NA	NA	NA	NA	NA	NA	NA	NA	NA	NA	NA	NA	NA	NA	NA	NA	NA	NA	NA	NA	NA	NA	NA	NA	NA	NA	NA	NA	NA	NA	NA	NA	NA	NA	NA	NA	NA	NA	NA	NA	NA	NA	NA	NA	NA	NA	NA	NA	NA	NA	NA	NA	NA	NA	NA	NA	NA	NA	NA	NA
stad_tcga	TCGA-VQ-A8PP	TCGA-VQ-A8PP-01	76	NA	M0	N1	Stage IV	6th	T4	No	NA	Esophagogastric Cancer	Tubular Stomach Adenocarcinoma	Barretos	NA	NA	NA	NA	NA	1846	0	NA	NA	NA	16.49	1:Recurred/Progressed	NA	NA	NA	NA	NO	3/30/14	0.1527	G2	NA	Stomach, Intestinal Adenocarcinoma, Tubular Type	No	No	No	C16.2	8211/3	C16.2	YES	2008	NO	NA	NA	NA	YES	3	19	NA	NA	NA	NA	NA	NA	YES	NA	NA	NA	FALSE	TSTAD	23.39	1:DECEASED	NA	E181474C-1585-4AED-BA90-BAE5324569D5	8623BB24-42EB-4B5B-BAF4-805E3ED93EF8	NA	TCGA-VQ-A8PP.18F47566-E1DC-4229-AF5A-60A1B79C48CF.pdf	18F47566-E1DC-4229-AF5A-60A1B79C48CF	Stomach Cancer	Fundus/Body	NA	NO	NA	NO	NO	R1	YES	NA	NA	1	290	Primary	1	Male	NA	Stomach	Matched	NA	NA	NA	NA	NA	NA	NA	NA	YES	NA	NA	VQ	0	NO	Progressive Disease	NA	NA	NA	Sao Paulo	NA	WITH TUMOR	NA	NA	NA	A	NA	NA	NA	NA	NA	NA	NA	NA	NA	NA	NA	NA	NA	NA	NA	NA	NA	NA	NA	NA	NA	NA	NA	NA	NA	NA	NA	NA	NA	NA	NA	NA	NA	NA	NA	NA	NA	NA	NA	NA	NA	NA	NA	NA	NA	NA	NA	NA	NA	NA	NA	NA	NA	NA	NA	NA	NA	NA	NA	NA	NA	NA	NA	NA	NA	NA	NA	NA
stad_tcga	TCGA-VQ-A8PQ	TCGA-VQ-A8PQ-01	50	NA	M1	N1	Stage IV	6th	T4	No	NA	Esophagogastric Cancer	Tubular Stomach Adenocarcinoma	Barretos	NA	NA	NA	NA	NA	1786	0	NA	NA	NA	2.99	1:Recurred/Progressed	NA	NA	NA	NA	NO	3/30/14	0.0001	G2	NA	Stomach, Intestinal Adenocarcinoma, Tubular Type	No	No	No	C16.0	8211/3	C16.0	YES	2008	NO	NA	NA	NA	YES	6	12	NA	NA	NA	18	NA	NA	YES	NA	NA	NA	FALSE	TSTAD	15.64	1:DECEASED	NA	7136D33F-6109-4D86-AD76-A02EF5C3808A	4E985A13-AF6E-4631-AC59-4B69C791F76D	NA	TCGA-VQ-A8PQ.0C2D93E8-2C88-4791-99E8-C050361755F1.pdf	0C2D93E8-2C88-4791-99E8-C050361755F1	Stomach Cancer	Cardia/Proximal	NA	NO	WHITE	NO	NO	R2	YES	NA	NA	1	140	Primary	1	Female	NA	Stomach	Matched	NA	NA	NA	NA	NA	NA	NA	NA	NO	NA	NA	VQ	0.6	NO	Progressive Disease	NA	NA	NA	Sao Paulo	NA	WITH TUMOR	NA	NA	NA	A	NA	NA	NA	NA	NA	NA	NA	NA	NA	NA	NA	NA	NA	NA	NA	NA	NA	NA	NA	NA	NA	NA	NA	NA	NA	NA	NA	NA	NA	NA	NA	NA	NA	NA	NA	NA	NA	NA	NA	NA	NA	NA	NA	NA	NA	NA	NA	NA	NA	NA	NA	NA	NA	NA	NA	NA	NA	NA	NA	NA	NA	NA	NA	NA	NA	NA	NA	NA
stad_tcga	TCGA-VQ-A8PS	TCGA-VQ-A8PS-01	76	NA	M0	N1	Stage IIIA	6th	T3	No	NA	Esophagogastric Cancer	Stomach Adenocarcinoma	Barretos	NA	NA	NA	NA	NA	1741	0	NA	NA	NA	4.3	1:Recurred/Progressed	NA	NA	NA	NA	NO	3/30/14	0.4103	G2	NA	Stomach, Intestinal Adenocarcinoma, Not Otherwise Specified (NOS)	No	No	No	C16.9	8144/3	C16.9	YES	2009	NO	NA	NA	NA	YES	1	11	NA	NA	NA	NA	NA	NA	YES	NA	NA	NA	FALSE	STAD	13.34	1:DECEASED	NA	1F505FFA-B551-44A5-8813-C44C2BFCB4D5	C8AA482B-950F-4E6D-984E-D920B3DB23C5	NA	TCGA-VQ-A8PS.286FB6E1-A5CC-4A9D-A69D-746F11EF5E5E.pdf	286FB6E1-A5CC-4A9D-A69D-746F11EF5E5E	Stomach Cancer	Other (please specify)	NA	NO	WHITE	NO	NO	R0	YES	NA	NA	1	120	Primary	1	Male	NA	Stomach	Matched	NA	NA	NA	NA	NA	NA	NA	NA	NO	NA	NA	VQ	0	NO	Progressive Disease	NA	NA	NA	Sao Paulo	NA	WITH TUMOR	NA	NA	NA	A	NA	NA	NA	NA	NA	NA	NA	NA	NA	NA	NA	NA	NA	NA	NA	NA	NA	NA	NA	NA	NA	NA	NA	NA	NA	NA	NA	NA	NA	NA	NA	NA	NA	NA	NA	NA	NA	NA	NA	NA	NA	NA	NA	NA	NA	NA	NA	NA	NA	NA	NA	NA	NA	NA	NA	NA	NA	NA	NA	NA	NA	NA	NA	NA	NA	NA	NA	NA
stad_tcga	TCGA-VQ-A8PT	TCGA-VQ-A8PT-01	65	NA	M0	N0	Stage IIIB	7th	T4b	No	NA	Esophagogastric Cancer	Stomach Adenocarcinoma	Barretos	NA	NA	NA	NA	NA	502	0	NA	NA	NA	29.57	0:DiseaseFree	NA	NA	NA	NA	NO	3/30/14	0.0510	G3	NA	Stomach, Intestinal Adenocarcinoma, Not Otherwise Specified (NOS)	No	No	No	C16.2	8144/3	C16.2	YES	2012	NO	NA	NA	NA	YES	0	38	NA	NA	NA	NA	NA	NA	NO	NA	NA	NA	FALSE	STAD	29.57	0:LIVING	NA	5C1AFB64-DA74-4D2C-8BE3-E6C21D2952A9	77817F9E-8998-49FD-9939-DF3EE2B9EAA1	NA	TCGA-VQ-A8PT.A2619FE5-016D-40D9-8464-1DA0CE8D2206.pdf	A2619FE5-016D-40D9-8464-1DA0CE8D2206	NA	Fundus/Body	NA	NO	WHITE	NO	NO	R0	YES	NA	NA	1	120	Primary	1	Male	NA	Stomach	Matched	NA	NA	NA	NA	NA	NA	NA	NA	YES	NA	NA	VQ	0	NO	Complete Remission/Response	NA	NA	NA	Sao Paulo	NA	TUMOR FREE	NA	NA	NA	A	NA	NA	NA	NA	NA	NA	NA	NA	NA	NA	NA	NA	NA	NA	NA	NA	NA	NA	NA	NA	NA	NA	NA	NA	NA	NA	NA	NA	NA	NA	NA	NA	NA	NA	NA	NA	NA	NA	NA	NA	NA	NA	NA	NA	NA	NA	NA	NA	NA	NA	NA	NA	NA	NA	NA	NA	NA	NA	NA	NA	NA	NA	NA	NA	NA	NA	NA	NA
stad_tcga	TCGA-VQ-A8PU	TCGA-VQ-A8PU-01	72	NA	M0	N1	Stage IIIA	7th	T4a	No	NA	Esophagogastric Cancer	Tubular Stomach Adenocarcinoma	Barretos	NA	NA	NA	NA	NA	490	0	NA	NA	NA	NA	NA	NA	NA	NA	NA	NO	9/9/14	0.4839	G3	NA	Stomach, Intestinal Adenocarcinoma, Tubular Type	No	Yes, History of Prior Malignancy	No	C16.2	8211/3	C16.2	YES	2012	NO	NA	NA	NA	YES	1	9	NA	NA	NA	NA	NA	NA	NO	NA	NA	NA	FALSE	TSTAD	27.33	1:DECEASED	NA	CB4394EC-1991-460D-B823-B74E005E3DA7	B9B93EFE-4233-4BF3-BFDD-5B579B305CFF	NA	TCGA-VQ-A8PU.B3E4F95C-B684-4B3B-857F-BE164A289051.pdf	B3E4F95C-B684-4B3B-857F-BE164A289051	NA	Fundus/Body	NA	NO	WHITE	YES	NO	R0	YES	NA	NA	1	400	Primary	1	Female	NA	Stomach	Matched	NA	NA	NA	NA	NA	NA	NA	NA	YES	NA	NA	VQ	0	NO	Complete Remission/Response	NA	NA	NA	Sao Paulo	NA	TUMOR FREE	NA	NA	NA	A	NA	NA	NA	NA	NA	NA	NA	NA	NA	NA	NA	NA	NA	NA	NA	NA	NA	NA	NA	NA	NA	NA	NA	NA	NA	NA	NA	NA	NA	NA	NA	NA	NA	NA	NA	NA	NA	NA	NA	NA	NA	NA	NA	NA	NA	NA	NA	NA	NA	NA	NA	NA	NA	NA	NA	NA	NA	NA	NA	NA	NA	NA	NA	NA	NA	NA	NA	NA
stad_tcga	TCGA-VQ-A8PX	TCGA-VQ-A8PX-01	51	NA	M0	N0	Stage IA	6th	T1	No	NA	Esophagogastric Cancer	Stomach Adenocarcinoma	Barretos	NA	NA	NA	NA	NA	1681	0	NA	NA	NA	64.52	0:DiseaseFree	NA	NA	NA	NA	NO	3/30/14	0.2365	G2	NA	Stomach, Intestinal Adenocarcinoma, Not Otherwise Specified (NOS)	No	No	No	C16.9	8144/3	C16.9	YES	2009	NO	NA	NA	NA	YES	0	24	NA	NA	NA	NA	NA	NA	NO	NA	NA	NA	FALSE	STAD	64.52	0:LIVING	NA	E6634A0A-9AB0-441E-A667-2F7F6C7368CC	61BCCB2E-808D-41D8-9D78-6E42660D62BF	NA	TCGA-VQ-A8PX.958101B1-4A0A-4760-9BC7-036CE3A2E321.pdf	958101B1-4A0A-4760-9BC7-036CE3A2E321	NA	Other (please specify)	NA	NO	NA	NO	NO	R0	YES	NA	NA	1	200	Primary	1	Male	NA	Stomach	Matched	NA	NA	NA	NA	NA	NA	NA	NA	NO	NA	NA	VQ	0	NO	Complete Remission/Response	NA	NA	NA	Sao Paulo	NA	TUMOR FREE	NA	NA	NA	A	NA	NA	NA	NA	NA	NA	NA	NA	NA	NA	NA	NA	NA	NA	NA	NA	NA	NA	NA	NA	NA	NA	NA	NA	NA	NA	NA	NA	NA	NA	NA	NA	NA	NA	NA	NA	NA	NA	NA	NA	NA	NA	NA	NA	NA	NA	NA	NA	NA	NA	NA	NA	NA	NA	NA	NA	NA	NA	NA	NA	NA	NA	NA	NA	NA	NA	NA	NA
stad_tcga	TCGA-VQ-A8PY	TCGA-VQ-A8PY-01	47	NA	M0	N2	Stage IIIB	6th	T3	No	NA	Esophagogastric Cancer	Tubular Stomach Adenocarcinoma	Barretos	NA	NA	NA	NA	NA	1763	0	NA	NA	NA	NA	NA	NA	NA	NA	NA	NO	3/30/14	0.3463	G2	NA	Stomach, Intestinal Adenocarcinoma, Tubular Type	No	No	No	C16.3	8211/3	C16.3	YES	2009	NO	NA	NA	NA	YES	12	43	NA	NA	NA	NA	NA	NA	NO	NA	NA	NA	FALSE	TSTAD	14.32	1:DECEASED	NA	AC359B60-1977-4AA9-99D3-8D17D7D66E11	D7F15710-B2E4-48C4-B302-213585F73B61	NA	TCGA-VQ-A8PY.AC98411B-C7BF-40A8-AE98-BF35A9C0D4D2.pdf	AC98411B-C7BF-40A8-AE98-BF35A9C0D4D2	Stomach Cancer	Antrum/Distal	NA	NO	WHITE	YES	NO	R0	YES	NA	NA	1	60	Primary	1	Female	NA	Stomach	Matched	NA	NA	NA	NA	NA	NA	NA	NA	YES	NA	NA	VQ	0	NO	Complete Remission/Response	NA	NA	NA	Sao Paulo	NA	TUMOR FREE	NA	NA	NA	A	NA	NA	NA	NA	NA	NA	NA	NA	NA	NA	NA	NA	NA	NA	NA	NA	NA	NA	NA	NA	NA	NA	NA	NA	NA	NA	NA	NA	NA	NA	NA	NA	NA	NA	NA	NA	NA	NA	NA	NA	NA	NA	NA	NA	NA	NA	NA	NA	NA	NA	NA	NA	NA	NA	NA	NA	NA	NA	NA	NA	NA	NA	NA	NA	NA	NA	NA	NA
stad_tcga	TCGA-VQ-A8PZ	TCGA-VQ-A8PZ-01	56	NA	M0	N0	Stage II	6th	T3	No	NA	Esophagogastric Cancer	Signet Ring Cell Carcinoma of the Stomach	Barretos	NA	NA	NA	NA	NA	1786	0	NA	NA	NA	73.36	0:DiseaseFree	NA	NA	NA	NA	NO	3/30/14	0.0227	G3	NA	Stomach Adenocarcinoma, Signet Ring Type	No	No	No	C16.3	8490/3	C16.3	YES	2008	NO	NA	NA	NA	YES	0	68	NA	NA	NA	NA	NA	NA	NO	NA	NA	NA	FALSE	SSRCC	73.36	0:LIVING	NA	91C94A0D-F088-40E6-A4B1-D2A72AD35077	FDC4FBC6-F704-4B17-A4BB-82018BAFEB3D	NA	TCGA-VQ-A8PZ.94F43EA9-C876-422F-A93B-B1F68FAC1BA8.pdf	94F43EA9-C876-422F-A93B-B1F68FAC1BA8	NA	Fundus/Body	NA	NO	WHITE	YES	NO	R0	YES	NA	NA	1	110	Primary	1	Female	NA	Stomach	Matched	NA	NA	NA	NA	NA	NA	NA	NA	YES	NA	NA	VQ	0	NO	Complete Remission/Response	NA	NA	NA	Sao Paulo	NA	TUMOR FREE	NA	NA	NA	A	NA	NA	NA	NA	NA	NA	NA	NA	NA	NA	NA	NA	NA	NA	NA	NA	NA	NA	NA	NA	NA	NA	NA	NA	NA	NA	NA	NA	NA	NA	NA	NA	NA	NA	NA	NA	NA	NA	NA	NA	NA	NA	NA	NA	NA	NA	NA	NA	NA	NA	NA	NA	NA	NA	NA	NA	NA	NA	NA	NA	NA	NA	NA	NA	NA	NA	NA	NA
stad_tcga	TCGA-VQ-A91A	TCGA-VQ-A91A-01	67	NA	M0	N3a	Stage IIIB	7th	T3	No	NA	Esophagogastric Cancer	Mucinous Stomach Adenocarcinoma	Barretos	NA	NA	NA	NA	NA	759	0	NA	NA	NA	4.24	1:Recurred/Progressed	NA	NA	NA	NA	YES	4/23/14	0.5025	G1	NA	Stomach, Intestinal Adenocarcinoma, Mucinous Type	No	No	No	C16.2	8480/3	C16.2	YES	2011	NO	NA	NA	NA	YES	11	29	NA	NA	NA	NA	NA	NA	YES	NA	1	NA	FALSE	MSTAD	39.42	0:LIVING	NA	3ED0D746-AB57-4097-94D5-5E89985B8F31	0F2CA9C7-C57F-404C-AAF4-AEDCFA9F6ED9	NA	TCGA-VQ-A91A.C3F4F5E9-3407-4ADF-AEED-EB25A79EF375.pdf	C3F4F5E9-3407-4ADF-AEED-EB25A79EF375	NA	Fundus/Body	NA	NO	WHITE	NA	NO	R0	YES	NA	NA	1	60	Primary	1	Male	NA	Stomach	Matched	NA	NA	NA	NA	NA	NA	NA	NA	NA	NA	NA	VQ	0	NO	Complete Remission/Response	NA	NA	NA	Sao Paulo	NA	TUMOR FREE	NA	NA	NA	A	NA	NA	NA	NA	NA	NA	NA	NA	NA	NA	NA	NA	NA	NA	NA	NA	NA	NA	NA	NA	NA	NA	NA	NA	NA	NA	NA	NA	NA	NA	NA	NA	NA	NA	NA	NA	NA	NA	NA	NA	NA	NA	NA	NA	NA	NA	NA	NA	NA	NA	NA	NA	NA	NA	NA	NA	NA	NA	NA	NA	NA	NA	NA	NA	NA	NA	NA	NA
stad_tcga	TCGA-VQ-A91D	TCGA-VQ-A91D-01	70	NA	M0	N2	Stage IIIC	7th	T4b	No	NA	Esophagogastric Cancer	Stomach Adenocarcinoma	Barretos	NA	NA	NA	NA	NA	1071	0	NA	NA	NA	11.53	1:Recurred/Progressed	NA	NA	NA	NA	NO	9/9/14	0.0679	G2	NA	Stomach, Intestinal Adenocarcinoma, Not Otherwise Specified (NOS)	No	No	No	C16.2	8144/3	C16.2	YES	2010	NO	NA	NA	NA	YES	5	33	NA	NA	NA	NA	NA	NA	YES	NA	NA	NA	FALSE	STAD	11.7	1:DECEASED	NA	33A9F48E-75E5-4EC5-8E4A-7C6D91A98656	1EF5F537-2312-4C6A-8175-F07961E5EF82	NA	TCGA-VQ-A91D.F5B634C5-2C5B-40D6-863A-036089FB5AD3.pdf	F5B634C5-2C5B-40D6-863A-036089FB5AD3	Stomach Cancer	Fundus/Body	NA	NO	WHITE	NO	NO	R0	NO	NA	NA	1	260	Primary	1	Male	NA	Stomach	Matched	NA	NA	NA	NA	NA	NA	NA	NA	YES	NA	NA	VQ	0	NO	Progressive Disease	NA	NA	NA	Sao Paulo	NA	WITH TUMOR	NA	NA	NA	A	NA	NA	NA	NA	NA	NA	NA	NA	NA	NA	NA	NA	NA	NA	NA	NA	NA	NA	NA	NA	NA	NA	NA	NA	NA	NA	NA	NA	NA	NA	NA	NA	NA	NA	NA	NA	NA	NA	NA	NA	NA	NA	NA	NA	NA	NA	NA	NA	NA	NA	NA	NA	NA	NA	NA	NA	NA	NA	NA	NA	NA	NA	NA	NA	NA	NA	NA	NA
stad_tcga	TCGA-VQ-A91E	TCGA-VQ-A91E-01	67	NA	M0	N0	Stage IIIB	7th	T4b	No	NA	Esophagogastric Cancer	Tubular Stomach Adenocarcinoma	Barretos	NA	NA	NA	NA	NA	136	0	NA	NA	NA	21.81	0:DiseaseFree	NA	NA	NA	NA	NO	4/23/14	0.0012	G3	NA	Stomach, Intestinal Adenocarcinoma, Tubular Type	No	No	No	C16.3	8144/3	C16.3	YES	2013	NO	NA	NA	NA	YES	0	29	NA	NA	NA	NA	NA	NA	NO	NA	NA	NA	FALSE	TSTAD	21.81	0:LIVING	NA	2E04B48C-0805-4965-8AFA-C5FCD32993C5	0ABC5604-2990-4566-AE12-3D7F4677DABE	NA	TCGA-VQ-A91E.ADDB7A5E-7DBF-4A68-93CF-806C0641113D.pdf	ADDB7A5E-7DBF-4A68-93CF-806C0641113D	NA	Antrum/Distal	NA	NO	WHITE	NO	NO	R0	YES	NA	NA	1	460	Primary	1	Female	NA	Stomach	Matched	NA	NA	NA	NA	NA	NA	NA	NA	YES	NA	NA	VQ	0	NO	Complete Remission/Response	NA	NA	NA	Sao Paulo	NA	TUMOR FREE	NA	NA	NA	A	NA	NA	NA	NA	NA	NA	NA	NA	NA	NA	NA	NA	NA	NA	NA	NA	NA	NA	NA	NA	NA	NA	NA	NA	NA	NA	NA	NA	NA	NA	NA	NA	NA	NA	NA	NA	NA	NA	NA	NA	NA	NA	NA	NA	NA	NA	NA	NA	NA	NA	NA	NA	NA	NA	NA	NA	NA	NA	NA	NA	NA	NA	NA	NA	NA	NA	NA	NA
stad_tcga	TCGA-VQ-A91K	TCGA-VQ-A91K-01	69	NA	M0	N1	Stage IIIA	6th	T3	No	NA	Esophagogastric Cancer	Stomach Adenocarcinoma	Barretos	NA	NA	NA	NA	NA	1678	0	NA	NA	NA	61.17	0:DiseaseFree	NA	NA	NA	NA	NO	4/23/14	0.0401	G2	NA	Stomach, Intestinal Adenocarcinoma, Not Otherwise Specified (NOS)	No	No	No	C16.3	8144/3	C16.3	YES	2009	NO	NA	NA	NA	YES	4	31	NA	NA	NA	NA	NA	NA	NO	NA	NA	NA	FALSE	STAD	61.17	0:LIVING	NA	2983F08C-3B32-4FB3-9D7E-5B34F9C2F741	C805B425-2907-4FDE-9643-9C0119279303	NA	TCGA-VQ-A91K.99B38537-E32F-4EFE-9E8B-E1A84D02FA4A.pdf	99B38537-E32F-4EFE-9E8B-E1A84D02FA4A	NA	Antrum/Distal	NA	NO	WHITE	YES	NO	R0	YES	NA	NA	1	130	Primary	1	Male	NA	Stomach	Matched	NA	NA	NA	NA	NA	NA	NA	NA	YES	NA	NA	VQ	0	NO	Complete Remission/Response	NA	NA	NA	Sao Paulo	NA	TUMOR FREE	NA	NA	NA	A	NA	NA	NA	NA	NA	NA	NA	NA	NA	NA	NA	NA	NA	NA	NA	NA	NA	NA	NA	NA	NA	NA	NA	NA	NA	NA	NA	NA	NA	NA	NA	NA	NA	NA	NA	NA	NA	NA	NA	NA	NA	NA	NA	NA	NA	NA	NA	NA	NA	NA	NA	NA	NA	NA	NA	NA	NA	NA	NA	NA	NA	NA	NA	NA	NA	NA	NA	NA
stad_tcga	TCGA-VQ-A91N	TCGA-VQ-A91N-01	59	NA	M0	N3	Stage IV	6th	T4	No	NA	Esophagogastric Cancer	Tubular Stomach Adenocarcinoma	Barretos	NA	NA	NA	NA	NA	1715	0	NA	NA	NA	14.39	1:Recurred/Progressed	NA	NA	NA	NA	NA	10/23/14	0.4945	G2	NA	Stomach, Intestinal Adenocarcinoma, Tubular Type	No	No	No	C16.3	8211/3	C16.3	YES	2009	NO	NA	NA	NA	YES	18	32	NA	NA	NA	NA	NA	NA	YES	NA	NA	NA	FALSE	TSTAD	18.73	1:DECEASED	NA	CBE05333-3185-4878-B6E6-977A0E1400E4	EAA27751-91BB-4A02-9042-95C6DB7824A6	NA	TCGA-VQ-A91N.EC5FFDFF-128F-43B7-91E0-1EF5185C202D.pdf	EC5FFDFF-128F-43B7-91E0-1EF5185C202D	Stomach Cancer	Antrum/Distal	NA	NO	NA	NO	NO	R0	YES	NA	NA	1	250	Primary	1	Female	NA	Stomach	Matched	NA	NA	NA	NA	NA	NA	NA	NA	YES	NA	NA	VQ	0	NO	Progressive Disease	NA	NA	NA	Sao Paulo	NA	WITH TUMOR	NA	NA	NA	A	NA	NA	NA	NA	NA	NA	NA	NA	NA	NA	NA	NA	NA	NA	NA	NA	NA	NA	NA	NA	NA	NA	NA	NA	NA	NA	NA	NA	NA	NA	NA	NA	NA	NA	NA	NA	NA	NA	NA	NA	NA	NA	NA	NA	NA	NA	NA	NA	NA	NA	NA	NA	NA	NA	NA	NA	NA	NA	NA	NA	NA	NA	NA	NA	NA	NA	NA	NA
stad_tcga	TCGA-VQ-A91Q	TCGA-VQ-A91Q-01	61	NA	M0	N3	Stage IV	6th	T3	No	NA	Esophagogastric Cancer	Tubular Stomach Adenocarcinoma	Barretos	NA	NA	NA	NA	NA	1509	0	NA	NA	NA	18.1	1:Recurred/Progressed	NA	NA	NA	NA	NO	4/22/14	0.4563	G3	NA	Stomach, Intestinal Adenocarcinoma, Tubular Type	No	No	No	C16.0	8211/3	C16.0	YES	2009	NO	NA	NA	NA	YES	25	28	NA	NA	NA	91	NA	NA	YES	NA	NA	NA	FALSE	TSTAD	20.8	1:DECEASED	NA	C60E89A7-A8BA-458E-8F10-785C3F562FD6	86F4F548-2A4A-41A7-B61D-29C9677D841B	NA	TCGA-VQ-A91Q.6EEBDC60-AE5B-4A17-A717-008CE8FA6E4D.pdf	6EEBDC60-AE5B-4A17-A717-008CE8FA6E4D	Stomach Cancer	Cardia/Proximal	NA	NO	NA	YES	NO	R0	YES	NA	NA	1	90	Primary	1	Male	NA	Stomach	Matched	NA	NA	NA	NA	NA	NA	NA	NA	YES	NA	NA	VQ	3.06666666667	NO	Complete Remission/Response	NA	NA	NA	Sao Paulo	NA	WITH TUMOR	NA	NA	NA	A	NA	NA	NA	NA	NA	NA	NA	NA	NA	NA	NA	NA	NA	NA	NA	NA	NA	NA	NA	NA	NA	NA	NA	NA	NA	NA	NA	NA	NA	NA	NA	NA	NA	NA	NA	NA	NA	NA	NA	NA	NA	NA	NA	NA	NA	NA	NA	NA	NA	NA	NA	NA	NA	NA	NA	NA	NA	NA	NA	NA	NA	NA	NA	NA	NA	NA	NA	NA
stad_tcga	TCGA-VQ-A91S	TCGA-VQ-A91S-01	63	NA	M0	N1	Stage IIIB	7th	T4b	No	NA	Esophagogastric Cancer	Tubular Stomach Adenocarcinoma	Barretos	NA	NA	NA	NA	NA	549	0	NA	NA	NA	32.85	0:DiseaseFree	NA	NA	NA	NA	NO	8/20/14	0.3003	GX	NA	Stomach, Intestinal Adenocarcinoma, Tubular Type	No	No	Yes	C16.2	8211/3	C16.2	YES	2012	NO	NA	NA	NA	YES	2	32	NA	NA	NA	NA	NA	NA	NO	NA	NA	NA	FALSE	TSTAD	32.85	0:LIVING	NA	D22DE643-5F93-42D0-9199-1F55405241D6	6C166803-0AC8-4D62-BA53-3EAB2F7DBCD1	NA	TCGA-VQ-A91S.C6267B22-C6F2-4644-AEAB-1F92EF113875.pdf	C6267B22-C6F2-4644-AEAB-1F92EF113875	NA	Fundus/Body	NA	NO	BLACK OR AFRICAN AMERICAN	YES	NO	R0	YES	NA	NA	1	360	Primary	1	Male	NA	Stomach	Matched	NA	NA	NA	NA	NA	NA	NA	NA	YES	NA	NA	VQ	0	NO	Complete Remission/Response	NA	NA	NA	Sao Paulo	NA	TUMOR FREE	NA	NA	NA	A	NA	NA	NA	NA	NA	NA	NA	NA	NA	NA	NA	NA	NA	NA	NA	NA	NA	NA	NA	NA	NA	NA	NA	NA	NA	NA	NA	NA	NA	NA	NA	NA	NA	NA	NA	NA	NA	NA	NA	NA	NA	NA	NA	NA	NA	NA	NA	NA	NA	NA	NA	NA	NA	NA	NA	NA	NA	NA	NA	NA	NA	NA	NA	NA	NA	NA	NA	NA
stad_tcga	TCGA-VQ-A91U	TCGA-VQ-A91U-01	78	NA	M0	N1	Stage IIIA	6th	T3	No	NA	Esophagogastric Cancer	Stomach Adenocarcinoma	Barretos	NA	NA	NA	NA	NA	910	0	NA	NA	NA	NA	NA	NA	NA	NA	NA	NO	4/22/14	0.4033	G2	NA	Stomach, Intestinal Adenocarcinoma, Not Otherwise Specified (NOS)	No	No	No	C16.0	8144/3	C16.0	YES	2011	NO	NA	NA	NA	YES	2	24	NA	NA	NA	119	NA	NA	NA	NA	NA	NA	FALSE	STAD	1.71	1:DECEASED	NA	37B64809-C4FD-412D-9A7F-FAD6BF036AAF	252505B3-3013-4FB2-B3FC-4CB2C3C70F9D	NA	TCGA-VQ-A91U.24F2F3AA-430A-462A-AB1D-D02368297EE0.pdf	24F2F3AA-430A-462A-AB1D-D02368297EE0	NA	Gastroesophageal Junction	NA	NO	ASIAN	NO	NO	R0	YES	NA	NA	1	490	Primary	1	Male	NA	Stomach	Matched	NA	NA	NA	NA	NA	NA	NA	NA	NO	NA	NA	VQ	4.0	NO	NA	NA	NA	NA	Sao Paulo	NA	NA	NA	NA	NA	A	NA	NA	NA	NA	NA	NA	NA	NA	NA	NA	NA	NA	NA	NA	NA	NA	NA	NA	NA	NA	NA	NA	NA	NA	NA	NA	NA	NA	NA	NA	NA	NA	NA	NA	NA	NA	NA	NA	NA	NA	NA	NA	NA	NA	NA	NA	NA	NA	NA	NA	NA	NA	NA	NA	NA	NA	NA	NA	NA	NA	NA	NA	NA	NA	NA	NA	NA	NA
stad_tcga	TCGA-VQ-A91V	TCGA-VQ-A91V-01	58	NA	M0	N2	Stage IIIA	7th	T3	Yes	NA	Esophagogastric Cancer	Tubular Stomach Adenocarcinoma	Barretos	NA	NA	NA	NA	NA	756	0	NA	NA	NA	38.9	1:Recurred/Progressed	NA	NA	NA	NA	NO	9/9/14	0.3676	G2	NA	Stomach, Intestinal Adenocarcinoma, Tubular Type	No	No	No	C16.0	8211/3	C16.0	YES	2011	NO	NA	NA	NA	YES	4	10	NA	NA	NA	203	NA	NA	YES	NA	NA	NA	FALSE	TSTAD	42.61	0:LIVING	NA	4A00CA75-D23A-4642-BEE8-DB4182517724	E6AA4EBD-7A97-4585-A489-26A79070AA65	NA	TCGA-VQ-A91V.EE0174D4-94B9-4291-9372-F895A7671C9A.pdf	EE0174D4-94B9-4291-9372-F895A7671C9A	NA	Gastroesophageal Junction	NA	NO	NA	YES	NO	R0	YES	NA	NA	1	110	Primary	1	Male	NA	Stomach	Matched	NA	NA	NA	NA	NA	NA	NA	NA	YES	NA	NA	VQ	7.13333333333	NO	Progressive Disease	NA	NA	NA	Sao Paulo	NA	WITH TUMOR	NA	NA	NA	A	NA	NA	NA	NA	NA	NA	NA	NA	NA	NA	NA	NA	NA	NA	NA	NA	NA	NA	NA	NA	NA	NA	NA	NA	NA	NA	NA	NA	NA	NA	NA	NA	NA	NA	NA	NA	NA	NA	NA	NA	NA	NA	NA	NA	NA	NA	NA	NA	NA	NA	NA	NA	NA	NA	NA	NA	NA	NA	NA	NA	NA	NA	NA	NA	NA	NA	NA	NA
stad_tcga	TCGA-VQ-A91W	TCGA-VQ-A91W-01	30	NA	M0	N1	Stage IIIA	6th	T3	No	NA	Esophagogastric Cancer	Stomach Adenocarcinoma	Barretos	NA	NA	NA	NA	NA	1494	0	NA	NA	NA	60.81	0:DiseaseFree	NA	NA	NA	NA	NO	4/23/14	0.1255	G2	NA	Stomach, Intestinal Adenocarcinoma, Not Otherwise Specified (NOS)	No	No	No	C16.2	8144/3	C16.2	YES	2009	NO	NA	NA	NA	YES	5	25	NA	NA	NA	NA	NA	NA	NA	NA	NA	NA	FALSE	STAD	60.81	0:LIVING	NA	7861DCA2-BADC-4575-A388-621D3614A8E4	F7E775CC-DCD0-45B0-8C07-4E8768E954B4	NA	TCGA-VQ-A91W.A617D05B-9954-4C15-A957-23D04A8C1764.pdf	A617D05B-9954-4C15-A957-23D04A8C1764	NA	Fundus/Body	NA	NO	WHITE	YES	NO	R0	YES	NA	NA	1	500	Primary	1	Male	NA	Stomach	Matched	NA	NA	NA	NA	NA	NA	NA	NA	YES	NA	NA	VQ	0	NO	Complete Remission/Response	NA	NA	NA	Sao Paulo	NA	NA	NA	NA	NA	A	NA	NA	NA	NA	NA	NA	NA	NA	NA	NA	NA	NA	NA	NA	NA	NA	NA	NA	NA	NA	NA	NA	NA	NA	NA	NA	NA	NA	NA	NA	NA	NA	NA	NA	NA	NA	NA	NA	NA	NA	NA	NA	NA	NA	NA	NA	NA	NA	NA	NA	NA	NA	NA	NA	NA	NA	NA	NA	NA	NA	NA	NA	NA	NA	NA	NA	NA	NA
stad_tcga	TCGA-VQ-A91X	TCGA-VQ-A91X-01	74	NA	M0	N2	Stage IIIB	6th	T3	No	NA	Esophagogastric Cancer	Stomach Adenocarcinoma	Barretos	NA	NA	NA	NA	NA	1295	0	NA	NA	NA	NA	NA	NA	NA	NA	NA	NO	4/23/14	0.5692	G3	NA	Stomach, Intestinal Adenocarcinoma, Not Otherwise Specified (NOS)	No	No	No	C16.3	8144/3	C16.3	YES	2010	NO	NA	NA	NA	YES	14	34	NA	NA	NA	NA	NA	NA	NO	NA	NA	NA	FALSE	STAD	9.49	1:DECEASED	NA	4B56B93E-934C-45FF-9D24-B4B6812A790B	288B0130-6744-495E-BD99-DA6F6B5F6953	NA	TCGA-VQ-A91X.A426706B-59EC-4897-9C55-924D80E3A910.pdf	A426706B-59EC-4897-9C55-924D80E3A910	Other, non-malignant disease	Antrum/Distal	NA	NO	WHITE	NO	NO	R0	YES	NA	NA	1	180	Primary	1	Male	NA	Stomach	Matched	NA	NA	NA	NA	NA	NA	NA	NA	NO	NA	NA	VQ	0	NO	Complete Remission/Response	NA	NA	NA	Sao Paulo	NA	TUMOR FREE	NA	NA	NA	A	NA	NA	NA	NA	NA	NA	NA	NA	NA	NA	NA	NA	NA	NA	NA	NA	NA	NA	NA	NA	NA	NA	NA	NA	NA	NA	NA	NA	NA	NA	NA	NA	NA	NA	NA	NA	NA	NA	NA	NA	NA	NA	NA	NA	NA	NA	NA	NA	NA	NA	NA	NA	NA	NA	NA	NA	NA	NA	NA	NA	NA	NA	NA	NA	NA	NA	NA	NA
stad_tcga	TCGA-VQ-A91Y	TCGA-VQ-A91Y-01	67	NA	M0	N3b	Stage IIIC	6th	T4a	No	NA	Esophagogastric Cancer	Tubular Stomach Adenocarcinoma	Barretos	NA	NA	NA	NA	NA	1035	0	NA	NA	NA	8.48	1:Recurred/Progressed	NA	NA	NA	NA	NO	4/22/14	0.2467	G3	NA	Stomach, Intestinal Adenocarcinoma, Tubular Type	No	No	No	C16.3	8211/3	C16.3	YES	2011	NO	NA	NA	NA	YES	50	60	NA	NA	NA	NA	NA	NA	YES	NA	NA	NA	FALSE	TSTAD	9.72	1:DECEASED	NA	807BEA1D-975A-4D01-98C5-2748D832235B	A9BC482E-8506-462F-98AC-78D9DEB2F63C	NA	TCGA-VQ-A91Y.AD6B1D21-62C9-4EC6-9801-A07C71C22667.pdf	AD6B1D21-62C9-4EC6-9801-A07C71C22667	Stomach Cancer	Antrum/Distal	NA	NO	WHITE	NO	NO	R2	YES	NA	NA	1	130	Primary	1	Male	NA	Stomach	Matched	NA	NA	NA	NA	NA	NA	NA	NA	YES	NA	NA	VQ	0	NO	Progressive Disease	NA	NA	NA	Sao Paulo	NA	WITH TUMOR	NA	NA	NA	A	NA	NA	NA	NA	NA	NA	NA	NA	NA	NA	NA	NA	NA	NA	NA	NA	NA	NA	NA	NA	NA	NA	NA	NA	NA	NA	NA	NA	NA	NA	NA	NA	NA	NA	NA	NA	NA	NA	NA	NA	NA	NA	NA	NA	NA	NA	NA	NA	NA	NA	NA	NA	NA	NA	NA	NA	NA	NA	NA	NA	NA	NA	NA	NA	NA	NA	NA	NA
stad_tcga	TCGA-VQ-A91Z	TCGA-VQ-A91Z-01	67	NA	M0	N1	Stage IIIA	6th	T3	No	NA	Esophagogastric Cancer	Tubular Stomach Adenocarcinoma	Barretos	NA	NA	NA	NA	NA	1259	0	NA	NA	NA	43.04	1:Recurred/Progressed	NA	NA	NA	NA	NO	4/22/14	0.7122	G2	NA	Stomach, Intestinal Adenocarcinoma, Tubular Type	No	No	No	C16.3	8211/3	C16.3	YES	2010	NO	NA	NA	NA	YES	2	19	NA	NA	NA	NA	NA	NA	YES	NA	NA	NA	FALSE	TSTAD	55.52	0:LIVING	NA	CAFBAE18-12A5-40FB-9DBE-C1D0598B9091	EC6ED61A-1D7E-4057-9AC2-DD1ED2ACCFB0	NA	TCGA-VQ-A91Z.07DCD268-1A4A-4B54-82C5-031A6E5E882D.pdf	07DCD268-1A4A-4B54-82C5-031A6E5E882D	NA	Antrum/Distal	NA	NO	WHITE	NO	NO	R0	YES	NA	NA	1	210	Primary	1	Female	NA	Stomach	Matched	NA	NA	NA	NA	NA	NA	NA	NA	NO	NA	NA	VQ	0	NO	Complete Remission/Response	NA	NA	NA	Sao Paulo	NA	WITH TUMOR	NA	NA	NA	A	NA	NA	NA	NA	NA	NA	NA	NA	NA	NA	NA	NA	NA	NA	NA	NA	NA	NA	NA	NA	NA	NA	NA	NA	NA	NA	NA	NA	NA	NA	NA	NA	NA	NA	NA	NA	NA	NA	NA	NA	NA	NA	NA	NA	NA	NA	NA	NA	NA	NA	NA	NA	NA	NA	NA	NA	NA	NA	NA	NA	NA	NA	NA	NA	NA	NA	NA	NA
stad_tcga	TCGA-VQ-A922	TCGA-VQ-A922-01	70	NA	M0	N1	Stage IV	6th	T4	No	NA	Esophagogastric Cancer	Tubular Stomach Adenocarcinoma	Barretos	NA	NA	NA	NA	NA	1273	0	NA	NA	NA	8.28	1:Recurred/Progressed	NA	NA	NA	NA	NO	4/22/14	0.5488	G2	NA	Stomach, Intestinal Adenocarcinoma, Tubular Type	No	No	No	C16.3	8211/3	C16.3	YES	2010	NO	NA	NA	NA	YES	1	16	NA	NA	NA	NA	NA	NA	YES	NA	NA	NA	FALSE	TSTAD	9.03	1:DECEASED	NA	8BD783A3-D6C9-4C87-A2A1-09F903B9C7CA	84F603D6-9F71-48FB-B2E3-190424407452	NA	TCGA-VQ-A922.1D7481BE-DEF6-4127-8AD3-2B94D86CFFDA.pdf	1D7481BE-DEF6-4127-8AD3-2B94D86CFFDA	Stomach Cancer	Antrum/Distal	NA	NO	NA	NO	NO	R0	YES	NA	NA	1	80	Primary	1	Male	NA	Stomach	Matched	NA	NA	NA	NA	NA	NA	NA	NA	YES	NA	NA	VQ	0	NO	Progressive Disease	NA	NA	NA	Sao Paulo	NA	NA	NA	NA	NA	A	NA	NA	NA	NA	NA	NA	NA	NA	NA	NA	NA	NA	NA	NA	NA	NA	NA	NA	NA	NA	NA	NA	NA	NA	NA	NA	NA	NA	NA	NA	NA	NA	NA	NA	NA	NA	NA	NA	NA	NA	NA	NA	NA	NA	NA	NA	NA	NA	NA	NA	NA	NA	NA	NA	NA	NA	NA	NA	NA	NA	NA	NA	NA	NA	NA	NA	NA	NA
stad_tcga	TCGA-VQ-A923	TCGA-VQ-A923-01	90	NA	M0	N1	Stage IIIA	6th	T3	No	NA	Esophagogastric Cancer	Tubular Stomach Adenocarcinoma	Barretos	NA	NA	NA	NA	NA	1799	0	NA	NA	NA	NA	NA	NA	NA	NA	NA	NO	9/9/14	0.2521	G3	NA	Stomach, Intestinal Adenocarcinoma, Tubular Type	No	No	No	C16.2	8211/3	C16.2	YES	2008	NO	NA	NA	NA	YES	4	12	NA	NA	NA	NA	NA	NA	NO	NA	NA	NA	FALSE	TSTAD	2	1:DECEASED	NA	4BAE9C20-74A4-4AD3-8CF3-76E41217F389	F3033C56-75F8-4085-B42F-B99B2CD8ECC7	NA	TCGA-VQ-A923.F6AAFC21-095D-43E1-B78E-C0E85E3956A0.pdf	F6AAFC21-095D-43E1-B78E-C0E85E3956A0	Other, non-malignant disease	Fundus/Body	NA	NO	WHITE	NO	NO	R0	YES	NA	NA	1	110	Primary	1	Male	NA	Stomach	Matched	NA	NA	NA	NA	NA	NA	NA	NA	NO	NA	NA	VQ	0	NO	Complete Remission/Response	NA	NA	NA	Sao Paulo	NA	TUMOR FREE	NA	NA	NA	A	NA	NA	NA	NA	NA	NA	NA	NA	NA	NA	NA	NA	NA	NA	NA	NA	NA	NA	NA	NA	NA	NA	NA	NA	NA	NA	NA	NA	NA	NA	NA	NA	NA	NA	NA	NA	NA	NA	NA	NA	NA	NA	NA	NA	NA	NA	NA	NA	NA	NA	NA	NA	NA	NA	NA	NA	NA	NA	NA	NA	NA	NA	NA	NA	NA	NA	NA	NA
stad_tcga	TCGA-VQ-A924	TCGA-VQ-A924-01	69	NA	M0	N0	Stage II	6th	T3	No	NA	Esophagogastric Cancer	Tubular Stomach Adenocarcinoma	Barretos	NA	NA	NA	NA	NA	1820	0	NA	NA	NA	NA	NA	NA	NA	NA	NA	NO	4/23/14	0.0117	G2	NA	Stomach, Intestinal Adenocarcinoma, Tubular Type	No	No	No	C16.3	8211/3	C16.3	YES	2008	NO	NA	NA	NA	YES	0	27	NA	NA	NA	NA	NA	NA	YES	NA	NA	NA	FALSE	TSTAD	55.39	1:DECEASED	NA	C656375B-6B63-4728-A126-DBD746A1F437	F93F944F-F817-4E06-AF7C-020A60B0435E	NA	TCGA-VQ-A924.CA6148BD-8C92-46A0-A96C-92AE32E254B9.pdf	CA6148BD-8C92-46A0-A96C-92AE32E254B9	Stomach Cancer	Antrum/Distal	NA	NO	NA	NO	NO	R0	YES	NA	NA	1	60	Primary	1	Male	NA	Stomach	Matched	NA	NA	NA	NA	NA	NA	NA	NA	NO	NA	NA	VQ	0	NO	Progressive Disease	NA	NA	NA	Sao Paulo	NA	WITH TUMOR	NA	NA	NA	A	NA	NA	NA	NA	NA	NA	NA	NA	NA	NA	NA	NA	NA	NA	NA	NA	NA	NA	NA	NA	NA	NA	NA	NA	NA	NA	NA	NA	NA	NA	NA	NA	NA	NA	NA	NA	NA	NA	NA	NA	NA	NA	NA	NA	NA	NA	NA	NA	NA	NA	NA	NA	NA	NA	NA	NA	NA	NA	NA	NA	NA	NA	NA	NA	NA	NA	NA	NA
stad_tcga	TCGA-VQ-A925	TCGA-VQ-A925-01	66	NA	M0	N2	Stage IIIA	7th	T3	No	NA	Esophagogastric Cancer	Tubular Stomach Adenocarcinoma	Barretos	NA	NA	NA	NA	NA	487	0	NA	NA	NA	NA	NA	NA	NA	NA	NA	NO	4/22/14	0.4479	G2	NA	Stomach, Intestinal Adenocarcinoma, Tubular Type	No	No	No	C16.3	8211/3	C16.3	YES	2012	NO	NA	NA	NA	YES	6	6	NA	NA	NA	NA	NA	NA	NO	NA	NA	NA	FALSE	TSTAD	4.53	1:DECEASED	NA	012921DA-962C-462C-9C36-D0F21B23C028	2BDD67D9-8166-403C-8CE9-D4265CA78E26	NA	TCGA-VQ-A925.79B6CF21-C486-4424-8386-786817DDD892.pdf	79B6CF21-C486-4424-8386-786817DDD892	Stomach Cancer	Antrum/Distal	NA	NO	WHITE	NO	NO	R2	YES	NA	NA	1	370	Primary	1	Male	NA	Stomach	Matched	NA	NA	NA	NA	NA	NA	NA	NA	NO	NA	NA	VQ	0	NO	Progressive Disease	NA	NA	NA	Sao Paulo	NA	WITH TUMOR	NA	NA	NA	A	NA	NA	NA	NA	NA	NA	NA	NA	NA	NA	NA	NA	NA	NA	NA	NA	NA	NA	NA	NA	NA	NA	NA	NA	NA	NA	NA	NA	NA	NA	NA	NA	NA	NA	NA	NA	NA	NA	NA	NA	NA	NA	NA	NA	NA	NA	NA	NA	NA	NA	NA	NA	NA	NA	NA	NA	NA	NA	NA	NA	NA	NA	NA	NA	NA	NA	NA	NA
stad_tcga	TCGA-VQ-A927	TCGA-VQ-A927-01	81	NA	M0	N3	Stage IIIB	7th	T3	No	NA	Esophagogastric Cancer	Diffuse Type Stomach Adenocarcinoma	Barretos	NA	NA	NA	NA	NA	159	0	NA	NA	NA	NA	NA	NA	NA	NA	NA	NO	4/23/14	0.0003	G1	NA	Stomach, Adenocarcinoma, Diffuse Type	No	No	No	C16.2	8145/3	C16.2	YES	2013	NO	NA	NA	NA	YES	27	27	NA	NA	NA	NA	NA	NA	NO	NA	NA	NA	FALSE	DSTAD	6.57	1:DECEASED	NA	76A4E24E-E645-47C5-836A-6A029E97A4C8	3D0945D3-DE0F-400D-A498-01DCAC2BC16B	NA	TCGA-VQ-A927.4502F035-E34D-4C29-9AC5-2D4463E8753A.pdf	4502F035-E34D-4C29-9AC5-2D4463E8753A	NA	Fundus/Body	NA	NO	WHITE	NO	NO	R1	YES	NA	NA	1	70	Primary	1	Male	NA	Stomach	Matched	NA	NA	NA	NA	NA	NA	NA	NA	NO	NA	NA	VQ	0	NO	Stable Disease	NA	NA	NA	Sao Paulo	NA	WITH TUMOR	NA	NA	NA	A	NA	NA	NA	NA	NA	NA	NA	NA	NA	NA	NA	NA	NA	NA	NA	NA	NA	NA	NA	NA	NA	NA	NA	NA	NA	NA	NA	NA	NA	NA	NA	NA	NA	NA	NA	NA	NA	NA	NA	NA	NA	NA	NA	NA	NA	NA	NA	NA	NA	NA	NA	NA	NA	NA	NA	NA	NA	NA	NA	NA	NA	NA	NA	NA	NA	NA	NA	NA
stad_tcga	TCGA-VQ-A928	TCGA-VQ-A928-01	49	NA	M0	N3	Stage IV	6th	T3	No	NA	Esophagogastric Cancer	Papillary Stomach Adenocarcinoma	Barretos	NA	NA	NA	NA	NA	1351	0	NA	NA	NA	4.86	1:Recurred/Progressed	NA	NA	NA	NA	NO	4/22/14	0.1040	G2	NA	Stomach, Intestinal Adenocarcinoma, Papillary Type	No	No	No	C16.2	8260/3	C16.2	YES	2010	NO	NA	NA	NA	YES	32	81	NA	NA	NA	NA	NA	NA	YES	NA	NA	NA	FALSE	PSTAD	5.72	1:DECEASED	NA	43B7A790-35A2-4786-B375-C3847D2AEC62	46146A87-8F74-4908-93F4-05186C863C13	NA	TCGA-VQ-A928.8D170BC0-6129-4632-BCCB-F8F5EBC97ABE.pdf	8D170BC0-6129-4632-BCCB-F8F5EBC97ABE	Stomach Cancer	Fundus/Body	NA	NO	WHITE	NO	NO	R0	YES	NA	NA	1	130	Primary	1	Male	NA	Stomach	Matched	NA	NA	NA	NA	NA	NA	NA	NA	YES	NA	NA	VQ	0	NO	Progressive Disease	NA	NA	NA	Sao Paulo	NA	WITH TUMOR	NA	NA	NA	A	NA	NA	NA	NA	NA	NA	NA	NA	NA	NA	NA	NA	NA	NA	NA	NA	NA	NA	NA	NA	NA	NA	NA	NA	NA	NA	NA	NA	NA	NA	NA	NA	NA	NA	NA	NA	NA	NA	NA	NA	NA	NA	NA	NA	NA	NA	NA	NA	NA	NA	NA	NA	NA	NA	NA	NA	NA	NA	NA	NA	NA	NA	NA	NA	NA	NA	NA	NA
stad_tcga	TCGA-VQ-A92D	TCGA-VQ-A92D-01	67	NA	M0	N0	Stage IB	6th	T2b	No	NA	Esophagogastric Cancer	Tubular Stomach Adenocarcinoma	Barretos	NA	NA	NA	NA	NA	1595	0	NA	NA	NA	66.75	0:DiseaseFree	NA	NA	NA	NA	NO	4/22/14	0.4077	G2	NA	Stomach, Intestinal Adenocarcinoma, Tubular Type	No	No	No	C16.0	8211/3	C16.0	YES	2009	NO	NA	NA	NA	YES	0	28	NA	NA	NA	109	NA	NA	NO	NA	NA	NA	FALSE	TSTAD	66.75	0:LIVING	NA	ABA9439A-EA8D-404F-9FAF-EB71A306684D	0440AD49-C2D8-4565-8521-0C9B71523A01	NA	TCGA-VQ-A92D.BF14A024-4E24-4C1E-A18D-387D0A55E02D.pdf	BF14A024-4E24-4C1E-A18D-387D0A55E02D	NA	Cardia/Proximal	NA	NO	WHITE	NO	NO	R0	YES	NA	NA	1	470	Primary	1	Male	NA	Stomach	Matched	NA	NA	NA	NA	NA	NA	NA	NA	NO	NA	NA	VQ	3.66666666667	NO	Complete Remission/Response	NA	NA	NA	Sao Paulo	NA	TUMOR FREE	NA	NA	NA	A	NA	NA	NA	NA	NA	NA	NA	NA	NA	NA	NA	NA	NA	NA	NA	NA	NA	NA	NA	NA	NA	NA	NA	NA	NA	NA	NA	NA	NA	NA	NA	NA	NA	NA	NA	NA	NA	NA	NA	NA	NA	NA	NA	NA	NA	NA	NA	NA	NA	NA	NA	NA	NA	NA	NA	NA	NA	NA	NA	NA	NA	NA	NA	NA	NA	NA	NA	NA
stad_tcga	TCGA-VQ-A94O	TCGA-VQ-A94O-01	74	NA	M0	N3	Stage IIIC	7th	T4a	No	NA	Esophagogastric Cancer	Stomach Adenocarcinoma	Barretos	NA	NA	NA	NA	NA	500	0	NA	NA	NA	6.08	1:Recurred/Progressed	NA	NA	NA	NA	NO	8/20/14	0.5354	G2	NA	Stomach, Intestinal Adenocarcinoma, Not Otherwise Specified (NOS)	No	No	No	C16.3	8144/3	C16.3	YES	2012	NO	NA	NA	NA	YES	18	67	NA	NA	NA	NA	NA	NA	YES	NA	NA	NA	FALSE	STAD	21.02	1:DECEASED	NA	E12D142E-7339-48FC-B17A-9E311B65327F	318C7E4B-196F-4CC5-8503-8D111F1713E0	NA	TCGA-VQ-A94O.CE099405-1E0E-4F94-9305-71E9A54373CE.pdf	CE099405-1E0E-4F94-9305-71E9A54373CE	Stomach Cancer	Antrum/Distal	NA	NO	BLACK OR AFRICAN AMERICAN	NO	NO	R0	YES	NA	NA	1	370	Primary	1	Male	NA	Stomach	Matched	NA	NA	NA	NA	NA	NA	NA	NA	YES	NA	NA	VQ	0	NO	Progressive Disease	NA	NA	NA	Sao Paulo	NA	WITH TUMOR	NA	NA	NA	A	NA	NA	NA	NA	NA	NA	NA	NA	NA	NA	NA	NA	NA	NA	NA	NA	NA	NA	NA	NA	NA	NA	NA	NA	NA	NA	NA	NA	NA	NA	NA	NA	NA	NA	NA	NA	NA	NA	NA	NA	NA	NA	NA	NA	NA	NA	NA	NA	NA	NA	NA	NA	NA	NA	NA	NA	NA	NA	NA	NA	NA	NA	NA	NA	NA	NA	NA	NA
stad_tcga	TCGA-VQ-A94P	TCGA-VQ-A94P-01	57	NA	MX	NX	NA	7th	T4	No	NA	Esophagogastric Cancer	Signet Ring Cell Carcinoma of the Stomach	Barretos	NA	NA	NA	NA	NA	1039	0	NA	NA	NA	NA	NA	NA	NA	NA	NA	NO	8/20/14	0.0000	GX	NA	Stomach Adenocarcinoma, Signet Ring Type	No	No	No	C16.2	8490/3	C16.2	YES	2011	NO	NA	NA	NA	NA	NA	NA	NA	NA	NA	NA	NA	NA	NO	NA	NA	NA	FALSE	SSRCC	2.66	1:DECEASED	NA	A205522F-2DF0-4829-B86F-FA43C76C39CC	4043700F-CEEA-41AD-A441-AFE1816BA600	NA	TCGA-VQ-A94P.DFC52337-449F-4788-AC08-4113D1C37C1E.pdf	DFC52337-449F-4788-AC08-4113D1C37C1E	Stomach Cancer	Fundus/Body	NA	NO	WHITE	NO	NO	R2	YES	NA	NA	1	430	Primary	1	Male	NA	Stomach	Matched	NA	NA	NA	NA	NA	NA	NA	NA	NO	NA	NA	VQ	0	NO	Progressive Disease	NA	NA	NA	Sao Paulo	NA	WITH TUMOR	NA	NA	NA	A	NA	NA	NA	NA	NA	NA	NA	NA	NA	NA	NA	NA	NA	NA	NA	NA	NA	NA	NA	NA	NA	NA	NA	NA	NA	NA	NA	NA	NA	NA	NA	NA	NA	NA	NA	NA	NA	NA	NA	NA	NA	NA	NA	NA	NA	NA	NA	NA	NA	NA	NA	NA	NA	NA	NA	NA	NA	NA	NA	NA	NA	NA	NA	NA	NA	NA	NA	NA
stad_tcga	TCGA-VQ-A94R	TCGA-VQ-A94R-01	63	NA	M0	N2	NA	7th	T4a	No	NA	Esophagogastric Cancer	Stomach Adenocarcinoma	Barretos	NA	NA	NA	NA	NA	1368	0	NA	NA	NA	33.44	1:Recurred/Progressed	NA	NA	NA	NA	NO	8/20/14	0.4654	G2	NA	Stomach, Intestinal Adenocarcinoma, Not Otherwise Specified (NOS)	No	No	No	C16.3	8144/3	C16.3	YES	2010	NO	NA	NA	NA	YES	6	32	NA	NA	NA	NA	NA	NA	YES	NA	NA	NA	FALSE	STAD	42.51	1:DECEASED	NA	95EDFABE-0B35-4CDD-AED4-E2234D806F35	5D4FC289-FF62-484A-A454-7B78B045F3E5	NA	TCGA-VQ-A94R.81C82A47-2DD7-4620-AD0E-E4105EC62322.pdf	81C82A47-2DD7-4620-AD0E-E4105EC62322	Stomach Cancer	Antrum/Distal	NA	NO	WHITE	YES	NO	R0	YES	NA	NA	1	130	Primary	1	Male	NA	Stomach	Matched	NA	NA	NA	NA	NA	NA	NA	NA	YES	NA	NA	VQ	0	NO	Progressive Disease	NA	NA	NA	Sao Paulo	NA	WITH TUMOR	NA	NA	NA	A	NA	NA	NA	NA	NA	NA	NA	NA	NA	NA	NA	NA	NA	NA	NA	NA	NA	NA	NA	NA	NA	NA	NA	NA	NA	NA	NA	NA	NA	NA	NA	NA	NA	NA	NA	NA	NA	NA	NA	NA	NA	NA	NA	NA	NA	NA	NA	NA	NA	NA	NA	NA	NA	NA	NA	NA	NA	NA	NA	NA	NA	NA	NA	NA	NA	NA	NA	NA
stad_tcga	TCGA-VQ-A94T	TCGA-VQ-A94T-01	73	NA	M0	N2	Stage IIIB	6th	T3	No	NA	Esophagogastric Cancer	Diffuse Type Stomach Adenocarcinoma	Barretos	NA	NA	NA	NA	NA	888	0	NA	NA	NA	9.72	1:Recurred/Progressed	NA	NA	NA	NA	NO	8/26/14	0.5612	G3	NA	Stomach, Adenocarcinoma, Diffuse Type	No	No	No	C16.0	8145/3	C16.0	YES	2011	NO	NA	NA	NA	YES	9	33	NA	NA	NA	61	NA	NA	YES	NA	NA	NA	FALSE	DSTAD	11.24	1:DECEASED	NA	E6DAA4FA-DCF7-4698-B13F-FDFA4EDA6943	40CF51C5-1B7E-469C-B5F9-086977ADFAE7	NA	TCGA-VQ-A94T.AC1D440D-E4EA-4B0B-A392-9AB80E7BDE42.pdf	AC1D440D-E4EA-4B0B-A392-9AB80E7BDE42	NA	Cardia/Proximal	NA	NO	NA	NO	NO	R0	YES	NA	NA	1	90	Primary	1	Male	NA	Stomach	Matched	NA	NA	NA	NA	NA	NA	NA	NA	NO	NA	NA	VQ	2.16666666667	NO	Progressive Disease	NA	NA	NA	Sao Paulo	NA	WITH TUMOR	NA	NA	NA	A	NA	NA	NA	NA	NA	NA	NA	NA	NA	NA	NA	NA	NA	NA	NA	NA	NA	NA	NA	NA	NA	NA	NA	NA	NA	NA	NA	NA	NA	NA	NA	NA	NA	NA	NA	NA	NA	NA	NA	NA	NA	NA	NA	NA	NA	NA	NA	NA	NA	NA	NA	NA	NA	NA	NA	NA	NA	NA	NA	NA	NA	NA	NA	NA	NA	NA	NA	NA
stad_tcga	TCGA-VQ-A94U	TCGA-VQ-A94U-01	70	NA	M0	N0	Stage IIB	7th	T4a	No	NA	Esophagogastric Cancer	Signet Ring Cell Carcinoma of the Stomach	Barretos	NA	NA	NA	NA	NA	458	0	NA	NA	NA	26.91	0:DiseaseFree	NA	NA	NA	NA	NO	8/20/14	0.5534	G3	NA	Stomach Adenocarcinoma, Signet Ring Type	No	Yes, History of Prior Malignancy	No	C16.3	8490/3	C16.3	YES	2012	NO	NA	NA	NA	YES	0	40	NA	NA	NA	NA	NA	NA	NO	NA	NA	NA	FALSE	SSRCC	26.91	0:LIVING	NA	A0402DE7-08AE-4528-9E77-289295AD8EF8	2F46B51C-B6D5-49F4-8B7E-C23FCDBC7E4E	NA	TCGA-VQ-A94U.B860F6BF-6162-4565-97A4-41A4E82FBE66.pdf	B860F6BF-6162-4565-97A4-41A4E82FBE66	NA	Antrum/Distal	NA	NO	WHITE	YES	NO	R0	YES	NA	NA	1	170	Primary	1	Male	NA	Stomach	Matched	NA	NA	NA	NA	NA	NA	NA	NA	YES	NA	NA	VQ	0	NO	Complete Remission/Response	NA	NA	NA	Sao Paulo	NA	TUMOR FREE	NA	NA	NA	A	NA	NA	NA	NA	NA	NA	NA	NA	NA	NA	NA	NA	NA	NA	NA	NA	NA	NA	NA	NA	NA	NA	NA	NA	NA	NA	NA	NA	NA	NA	NA	NA	NA	NA	NA	NA	NA	NA	NA	NA	NA	NA	NA	NA	NA	NA	NA	NA	NA	NA	NA	NA	NA	NA	NA	NA	NA	NA	NA	NA	NA	NA	NA	NA	NA	NA	NA	NA
stad_tcga	TCGA-VQ-AA64	TCGA-VQ-AA64-01	68	NA	M0	N2	Stage IIIB	7th	T3	No	NA	Esophagogastric Cancer	Stomach Adenocarcinoma	Barretos	NA	NA	NA	NA	NA	787	0	NA	NA	NA	NA	NA	NA	NA	NA	NA	YES	8/26/14	0.3983	G2	NA	Stomach, Intestinal Adenocarcinoma, Not Otherwise Specified (NOS)	No	No	No	C16.0	8144/3	C16.0	YES	2011	NO	NA	NA	NA	YES	6	34	NA	NA	NA	209	NA	NA	NA	NA	1	NA	TRUE	STAD	18.4	1:DECEASED	NA	FB143117-C3AD-4F4B-8F39-7586279E8EAA	390B76DC-0F3B-4443-8E29-C97BE5D56181	NA	TCGA-VQ-AA64.601D9B1D-C6CC-49E5-A0DC-0DFC293B2BD7.pdf	601D9B1D-C6CC-49E5-A0DC-0DFC293B2BD7	Stomach Cancer	Cardia/Proximal	NA	NO	WHITE	YES	NO	R0	YES	NA	NA	1	170	Primary	1	Male	NA	Stomach	Matched	NA	NA	NA	NA	NA	NA	NA	NA	YES	NA	NA	VQ	7.2	NO	NA	NA	NA	NA	Sao Paulo	NA	WITH TUMOR	NA	NA	NA	A	NA	NA	NA	NA	NA	NA	NA	NA	NA	NA	NA	NA	NA	NA	NA	NA	NA	NA	NA	NA	NA	NA	NA	NA	NA	NA	NA	NA	NA	NA	NA	NA	NA	NA	NA	NA	NA	NA	NA	NA	NA	NA	NA	NA	NA	NA	NA	NA	NA	NA	NA	NA	NA	NA	NA	NA	NA	NA	NA	NA	NA	NA	NA	NA	NA	NA	NA	NA
stad_tcga	TCGA-VQ-AA68	TCGA-VQ-AA68-01	52	NA	M0	N3	Stage IIIC	7th	T4a	No	NA	Esophagogastric Cancer	Tubular Stomach Adenocarcinoma	Barretos	NA	NA	NA	NA	NA	978	0	NA	NA	NA	43.63	0:DiseaseFree	NA	NA	NA	NA	NO	9/9/14	0.4773	G2	NA	Stomach, Intestinal Adenocarcinoma, Tubular Type	No	No	No	C16.0	8211/3	C16.0	YES	2011	NO	NA	NA	NA	YES	21	27	NA	NA	NA	138	NA	NA	NO	NA	NA	NA	TRUE	TSTAD	43.63	0:LIVING	NA	3FF9B46B-325F-4655-AB40-953154753DAE	CD500F45-0B52-43BC-B5C3-FFF7FFE56796	NA	TCGA-VQ-AA68.ADA7C2CA-8F8C-42EF-8904-A50E064424B2.pdf	ADA7C2CA-8F8C-42EF-8904-A50E064424B2	NA	Gastroesophageal Junction	NA	NO	WHITE	YES	NO	R0	YES	NA	NA	1	70	Primary	1	Female	NA	Stomach	Matched	NA	NA	NA	NA	NA	NA	NA	NA	YES	NA	NA	VQ	4.9	NO	Complete Remission/Response	NA	NA	NA	Sao Paulo	NA	TUMOR FREE	NA	NA	NA	A	NA	NA	NA	NA	NA	NA	NA	NA	NA	NA	NA	NA	NA	NA	NA	NA	NA	NA	NA	NA	NA	NA	NA	NA	NA	NA	NA	NA	NA	NA	NA	NA	NA	NA	NA	NA	NA	NA	NA	NA	NA	NA	NA	NA	NA	NA	NA	NA	NA	NA	NA	NA	NA	NA	NA	NA	NA	NA	NA	NA	NA	NA	NA	NA	NA	NA	NA	NA
stad_tcga	TCGA-VQ-AA69	TCGA-VQ-AA69-01	35	NA	M0	N2	Stage IIIA	7th	T3	No	NA	Esophagogastric Cancer	Stomach Adenocarcinoma	Barretos	NA	NA	NA	NA	NA	882	0	NA	NA	NA	28.38	0:DiseaseFree	NA	NA	NA	NA	NO	8/20/14	0.0005	G2	NA	Stomach, Intestinal Adenocarcinoma, Not Otherwise Specified (NOS)	No	No	No	C16.0	8140/3	C16.0	YES	2011	NO	NA	NA	NA	YES	6	37	NA	NA	NA	58	NA	NA	NO	NA	NA	NA	TRUE	STAD	28.38	0:LIVING	NA	46874009-4B32-43FF-A36A-236A3CA28FEF	2B15DDE3-9963-4165-B7F9-27BCAF28C7D8	NA	TCGA-VQ-AA69.3B8DBFF7-A3D6-42AF-B721-919D0B2E88E0.pdf	3B8DBFF7-A3D6-42AF-B721-919D0B2E88E0	NA	Gastroesophageal Junction	NA	NO	WHITE	YES	NO	R0	YES	NA	NA	1	160	Primary	1	Male	NA	Stomach	Matched	NA	NA	NA	NA	NA	NA	NA	NA	YES	NA	NA	VQ	1.93333333333	NO	Complete Remission/Response	NA	NA	NA	Sao Paulo	NA	TUMOR FREE	NA	NA	NA	A	NA	NA	NA	NA	NA	NA	NA	NA	NA	NA	NA	NA	NA	NA	NA	NA	NA	NA	NA	NA	NA	NA	NA	NA	NA	NA	NA	NA	NA	NA	NA	NA	NA	NA	NA	NA	NA	NA	NA	NA	NA	NA	NA	NA	NA	NA	NA	NA	NA	NA	NA	NA	NA	NA	NA	NA	NA	NA	NA	NA	NA	NA	NA	NA	NA	NA	NA	NA
stad_tcga	TCGA-VQ-AA6A	TCGA-VQ-AA6A-01	56	NA	M0	N3a	Stage IIIC	7th	T4	No	NA	Esophagogastric Cancer	Stomach Adenocarcinoma	Barretos	NA	NA	NA	NA	NA	706	0	NA	NA	NA	38.9	0:DiseaseFree	NA	NA	NA	NA	NO	8/26/14	0.5801	G2	NA	Stomach, Intestinal Adenocarcinoma, Not Otherwise Specified (NOS)	No	No	No	C16.0	8144/3	C16.0	YES	2012	NO	NA	NA	NA	YES	8	26	NA	NA	NA	82	NA	NA	NO	NA	NA	NA	TRUE	STAD	38.9	0:LIVING	NA	EB7E9AAD-95D3-4EFC-A706-E2C986D17055	179048E8-9066-412B-8861-AB7531FEF253	NA	TCGA-VQ-AA6A.E828D735-A91E-4C17-B8FF-05D9E36EE8F2.pdf	E828D735-A91E-4C17-B8FF-05D9E36EE8F2	NA	Gastroesophageal Junction	NA	NO	WHITE	YES	NO	R0	YES	NA	NA	1	140	Primary	1	Male	NA	Stomach	Matched	NA	NA	NA	NA	NA	NA	NA	NA	YES	NA	NA	VQ	2.83333333333	NO	Complete Remission/Response	NA	NA	NA	Sao Paulo	NA	TUMOR FREE	NA	NA	NA	A	NA	NA	NA	NA	NA	NA	NA	NA	NA	NA	NA	NA	NA	NA	NA	NA	NA	NA	NA	NA	NA	NA	NA	NA	NA	NA	NA	NA	NA	NA	NA	NA	NA	NA	NA	NA	NA	NA	NA	NA	NA	NA	NA	NA	NA	NA	NA	NA	NA	NA	NA	NA	NA	NA	NA	NA	NA	NA	NA	NA	NA	NA	NA	NA	NA	NA	NA	NA
stad_tcga	TCGA-VQ-AA6B	TCGA-VQ-AA6B-01	48	NA	M0	N2	Stage IIIB	7th	T3	Yes	NA	Esophagogastric Cancer	Stomach Adenocarcinoma	Barretos	NA	NA	NA	NA	NA	649	0	NA	NA	NA	32.92	0:DiseaseFree	NA	NA	NA	NA	YES	9/9/14	0.6122	G2	NA	Stomach, Intestinal Adenocarcinoma, Not Otherwise Specified (NOS)	No	No	Yes	C16.0	8144/3	C16.0	YES	2012	NO	NA	NA	NA	YES	5	39	NA	NA	NA	78	NA	NA	NO	NA	1	NA	TRUE	STAD	32.92	0:LIVING	NA	40CB6F49-3D68-45DC-9BFA-B4D724DE7DFE	01E4576D-7BC8-4EF0-952C-DDD080675249	NA	TCGA-VQ-AA6B.BAD31992-32F1-4061-97DB-10CFE1A8DBD9.pdf	BAD31992-32F1-4061-97DB-10CFE1A8DBD9	NA	Gastroesophageal Junction	NA	NO	WHITE	YES	NO	R0	YES	NA	NA	1	210	Primary	1	Male	NA	Stomach	Matched	NA	NA	NA	NA	NA	NA	NA	NA	YES	NA	NA	VQ	2.7	NO	Complete Remission/Response	NA	NA	NA	Sao Paulo	NA	TUMOR FREE	NA	NA	NA	A	NA	NA	NA	NA	NA	NA	NA	NA	NA	NA	NA	NA	NA	NA	NA	NA	NA	NA	NA	NA	NA	NA	NA	NA	NA	NA	NA	NA	NA	NA	NA	NA	NA	NA	NA	NA	NA	NA	NA	NA	NA	NA	NA	NA	NA	NA	NA	NA	NA	NA	NA	NA	NA	NA	NA	NA	NA	NA	NA	NA	NA	NA	NA	NA	NA	NA	NA	NA
stad_tcga	TCGA-VQ-AA6D	TCGA-VQ-AA6D-01	52	NA	M0	N1	Stage IIIA	7th	T4a	No	NA	Esophagogastric Cancer	Tubular Stomach Adenocarcinoma	Barretos	NA	NA	NA	NA	NA	294	0	NA	NA	NA	17.12	0:DiseaseFree	NA	NA	NA	NA	NO	9/9/14	0.2396	G2	NA	Stomach, Intestinal Adenocarcinoma, Tubular Type	No	No	Yes	C16.3	8211/3	C16.3	YES	2013	NO	NA	NA	NA	YES	2	36	NA	NA	NA	NA	NA	NA	NO	NA	NA	NA	TRUE	TSTAD	17.12	0:LIVING	NA	5779F7A7-05D7-4972-BD4F-AACB32420510	74066E14-5D57-47DE-8201-AC4FB70B9856	NA	TCGA-VQ-AA6D.C8364730-522B-4F16-9366-902A6F3625C9.pdf	C8364730-522B-4F16-9366-902A6F3625C9	NA	Antrum/Distal	NA	NO	NA	YES	NO	R0	YES	NA	NA	1	100	Primary	1	Female	NA	Stomach	Matched	NA	NA	NA	NA	NA	NA	NA	NA	YES	NA	NA	VQ	0	NO	Complete Remission/Response	NA	NA	NA	Sao Paulo	NA	TUMOR FREE	NA	NA	NA	A	NA	NA	NA	NA	NA	NA	NA	NA	NA	NA	NA	NA	NA	NA	NA	NA	NA	NA	NA	NA	NA	NA	NA	NA	NA	NA	NA	NA	NA	NA	NA	NA	NA	NA	NA	NA	NA	NA	NA	NA	NA	NA	NA	NA	NA	NA	NA	NA	NA	NA	NA	NA	NA	NA	NA	NA	NA	NA	NA	NA	NA	NA	NA	NA	NA	NA	NA	NA
stad_tcga	TCGA-VQ-AA6F	TCGA-VQ-AA6F-01	57	NA	M0	N1	Stage IIB	7th	T3	No	NA	Esophagogastric Cancer	Stomach Adenocarcinoma	Barretos	NA	NA	NA	NA	NA	1428	0	NA	NA	NA	17.94	1:Recurred/Progressed	NA	NA	NA	NA	NO	9/9/14	0.0940	G2	NA	Stomach, Intestinal Adenocarcinoma, Not Otherwise Specified (NOS)	No	No	No	C16.0	8140/3	C16.0	YES	2010	NO	NA	NA	NA	YES	1	14	NA	NA	NA	47	NA	NA	YES	NA	NA	NA	TRUE	STAD	54.07	0:LIVING	NA	DCCD3854-8865-4452-9F1C-97283509B553	DAD8C0B9-61B5-46A4-8657-C99B814CF259	NA	TCGA-VQ-AA6F.E312994F-4A15-4634-994E-57C1A26784BC.pdf	E312994F-4A15-4634-994E-57C1A26784BC	NA	Cardia/Proximal	NA	NO	WHITE	YES	NO	R0	YES	NA	NA	1	250	Primary	1	Male	NA	Stomach	Matched	NA	NA	NA	NA	NA	NA	NA	NA	YES	NA	NA	VQ	1.66666666667	NO	Progressive Disease	NA	NA	NA	Sao Paulo	NA	TUMOR FREE	NA	NA	NA	A	NA	NA	NA	NA	NA	NA	NA	NA	NA	NA	NA	NA	NA	NA	NA	NA	NA	NA	NA	NA	NA	NA	NA	NA	NA	NA	NA	NA	NA	NA	NA	NA	NA	NA	NA	NA	NA	NA	NA	NA	NA	NA	NA	NA	NA	NA	NA	NA	NA	NA	NA	NA	NA	NA	NA	NA	NA	NA	NA	NA	NA	NA	NA	NA	NA	NA	NA	NA
stad_tcga	TCGA-VQ-AA6G	TCGA-VQ-AA6G-01	68	NA	M0	N0	Stage IIA	7th	T3	No	NA	Esophagogastric Cancer	Stomach Adenocarcinoma	Barretos	NA	NA	NA	NA	NA	878	0	NA	NA	NA	15.41	1:Recurred/Progressed	NA	NA	NA	NA	NO	9/9/14	0.1390	G2	NA	Stomach, Intestinal Adenocarcinoma, Not Otherwise Specified (NOS)	No	No	No	C16.0	8144/3	C16.0	YES	2011	NO	NA	NA	NA	YES	0	19	NA	NA	NA	104	NA	NA	YES	NA	NA	NA	TRUE	STAD	26.02	1:DECEASED	NA	A3F03A0A-F251-4588-97BC-3403597A35AD	2092052A-29A0-43EA-9AE8-04ABB0C9A590	NA	TCGA-VQ-AA6G.03985625-8D3E-4D02-97B4-C349D272107C.pdf	03985625-8D3E-4D02-97B4-C349D272107C	Stomach Cancer	Cardia/Proximal	NA	NO	WHITE	NO	NO	R0	YES	NA	NA	1	110	Primary	1	Male	NA	Stomach	Matched	NA	NA	NA	NA	NA	NA	NA	NA	YES	NA	NA	VQ	3.66666666667	NO	Progressive Disease	NA	NA	NA	Sao Paulo	NA	WITH TUMOR	NA	NA	NA	A	NA	NA	NA	NA	NA	NA	NA	NA	NA	NA	NA	NA	NA	NA	NA	NA	NA	NA	NA	NA	NA	NA	NA	NA	NA	NA	NA	NA	NA	NA	NA	NA	NA	NA	NA	NA	NA	NA	NA	NA	NA	NA	NA	NA	NA	NA	NA	NA	NA	NA	NA	NA	NA	NA	NA	NA	NA	NA	NA	NA	NA	NA	NA	NA	NA	NA	NA	NA
stad_tcga	TCGA-VQ-AA6I	TCGA-VQ-AA6I-01	68	NA	M0	N3	Stage IIIB	7th	T3	No	NA	Esophagogastric Cancer	Stomach Adenocarcinoma	Barretos	NA	NA	NA	NA	NA	689	0	NA	NA	NA	15.6	1:Recurred/Progressed	NA	NA	NA	NA	NO	9/9/14	0.4952	G3	NA	Stomach, Intestinal Adenocarcinoma, Not Otherwise Specified (NOS)	No	No	No	C16.0	8140/3	C16.0	YES	2012	NO	NA	NA	NA	YES	9	16	NA	NA	NA	88	NA	NA	YES	NA	NA	NA	TRUE	STAD	16.13	1:DECEASED	NA	3CCBE7C7-C779-4A98-B495-FF020D3E9E55	BE85EA17-F3C8-4DAD-9F8A-4627153C3112	NA	TCGA-VQ-AA6I.7DE61CB4-1A8A-4FF9-A26C-5740D2758C96.pdf	7DE61CB4-1A8A-4FF9-A26C-5740D2758C96	Stomach Cancer	Gastroesophageal Junction	NA	NO	WHITE	NO	NO	R0	YES	NA	NA	1	140	Primary	1	Male	NA	Stomach	Matched	NA	NA	NA	NA	NA	NA	NA	NA	YES	NA	NA	VQ	3.03333333333	NO	Progressive Disease	NA	NA	NA	Sao Paulo	NA	WITH TUMOR	NA	NA	NA	A	NA	NA	NA	NA	NA	NA	NA	NA	NA	NA	NA	NA	NA	NA	NA	NA	NA	NA	NA	NA	NA	NA	NA	NA	NA	NA	NA	NA	NA	NA	NA	NA	NA	NA	NA	NA	NA	NA	NA	NA	NA	NA	NA	NA	NA	NA	NA	NA	NA	NA	NA	NA	NA	NA	NA	NA	NA	NA	NA	NA	NA	NA	NA	NA	NA	NA	NA	NA
stad_tcga	TCGA-VQ-AA6J	TCGA-VQ-AA6J-01	75	NA	M0	N2	Stage IIIB	7th	T4a	No	NA	Esophagogastric Cancer	Stomach Adenocarcinoma	Barretos	NA	NA	NA	NA	NA	501	0	NA	NA	NA	27.53	0:DiseaseFree	NA	NA	NA	NA	YES	9/10/14	0.0961	G3	NA	Stomach, Intestinal Adenocarcinoma, Not Otherwise Specified (NOS)	No	No	No	C16.0	8144/3	C16.0	YES	2012	NO	NA	NA	NA	YES	3	27	NA	NA	NA	105	NA	NA	NO	NA	2	NA	TRUE	STAD	27.53	0:LIVING	NA	A267DDB4-B2D9-4292-B120-6E13E70D01F8	E603C7E3-41BC-40EA-BB14-9A0361C44D20	NA	TCGA-VQ-AA6J.43D7E2EA-6FB7-4684-B647-B3503A746394.pdf	43D7E2EA-6FB7-4684-B647-B3503A746394	NA	Cardia/Proximal	NA	NO	BLACK OR AFRICAN AMERICAN	NO	NO	R0	YES	NA	NA	1	60	Primary	1	Male	NA	Stomach	Matched	NA	NA	NA	NA	NA	NA	NA	NA	NO	NA	NA	VQ	3.66666666667	NO	Complete Remission/Response	NA	NA	NA	Sao Paulo	NA	TUMOR FREE	NA	NA	NA	A	NA	NA	NA	NA	NA	NA	NA	NA	NA	NA	NA	NA	NA	NA	NA	NA	NA	NA	NA	NA	NA	NA	NA	NA	NA	NA	NA	NA	NA	NA	NA	NA	NA	NA	NA	NA	NA	NA	NA	NA	NA	NA	NA	NA	NA	NA	NA	NA	NA	NA	NA	NA	NA	NA	NA	NA	NA	NA	NA	NA	NA	NA	NA	NA	NA	NA	NA	NA
stad_tcga	TCGA-VQ-AA6K	TCGA-VQ-AA6K-01	59	NA	M0	N3a	Stage IIIC	6th	T4a	No	NA	Esophagogastric Cancer	Signet Ring Cell Carcinoma of the Stomach	Barretos	NA	NA	NA	NA	NA	584	0	NA	NA	NA	10.91	1:Recurred/Progressed	NA	NA	NA	NA	NO	8/26/14	0.4656	G3	NA	Stomach Adenocarcinoma, Signet Ring Type	No	No	No	C16.0	8490/3	C16.0	YES	2012	NO	NA	NA	NA	YES	10	21	NA	NA	NA	72	NA	NA	YES	NA	NA	NA	TRUE	SSRCC	12.42	1:DECEASED	NA	83A0F9EF-4BF0-4EFE-8713-F8B6AB4F5773	7FE52B27-28DD-4214-8605-09492FA340E0	NA	TCGA-VQ-AA6K.0F639715-8D41-4E63-B582-F24A42F23EBD.pdf	0F639715-8D41-4E63-B582-F24A42F23EBD	Stomach Cancer	Cardia/Proximal	NA	NO	WHITE	YES	NO	R1	YES	NA	NA	1	170	Primary	1	Male	NA	Stomach	Matched	NA	NA	NA	NA	NA	NA	NA	NA	YES	NA	NA	VQ	2.5	NO	Progressive Disease	NA	NA	NA	Sao Paulo	NA	WITH TUMOR	NA	NA	NA	A	NA	NA	NA	NA	NA	NA	NA	NA	NA	NA	NA	NA	NA	NA	NA	NA	NA	NA	NA	NA	NA	NA	NA	NA	NA	NA	NA	NA	NA	NA	NA	NA	NA	NA	NA	NA	NA	NA	NA	NA	NA	NA	NA	NA	NA	NA	NA	NA	NA	NA	NA	NA	NA	NA	NA	NA	NA	NA	NA	NA	NA	NA	NA	NA	NA	NA	NA	NA
stad_tcga	TCGA-ZA-A8F6	TCGA-ZA-A8F6-01	71	NA	MX	N0	Stage IB	7th	T2	No	NA	Esophagogastric Cancer	Stomach Adenocarcinoma	Savannah	NA	NA	NA	NA	NA	35	0	NA	NA	NA	17.25	0:DiseaseFree	NA	NA	NOT HISPANIC OR LATINO	NA	NO	2/19/14	0.1002	G2	NA	Stomach, Intestinal Adenocarcinoma, Not Otherwise Specified (NOS)	No	No	No	C16.3	8144/3	C16.3	YES	2013	NO	NA	NA	NA	YES	0	7	NA	NA	NA	39	NA	NA	NO	NA	NA	NA	FALSE	STAD	17.25	0:LIVING	NA	9130C730-B0BC-4D3A-9EE1-09BF43D9BD67	D2D1D676-F170-4321-9ACD-EA4EDDFFD365	NA	TCGA-ZA-A8F6.212608CC-A9ED-400A-A7C4-62E05B6B256F.pdf	212608CC-A9ED-400A-A7C4-62E05B6B256F	NA	Antrum/Distal	NA	YES	WHITE	NO	YES	R0	NO	NA	NA	1	410	Primary	1	Male	NA	Stomach	Matched	NA	NA	NA	NA	NA	NA	NA	NA	NO	NA	NA	ZA	1.36666666667	YES	NA	Proton Pump Inhibitors	NA	NA	georgia	NA	NA	NA	NA	NA	A	NA	NA	NA	NA	NA	NA	NA	NA	NA	NA	NA	NA	NA	NA	NA	NA	NA	NA	NA	NA	NA	NA	NA	NA	NA	NA	NA	NA	NA	NA	NA	NA	NA	NA	NA	NA	NA	NA	NA	NA	NA	NA	NA	NA	NA	NA	NA	NA	NA	NA	NA	NA	NA	NA	NA	NA	NA	NA	NA	NA	NA	NA	NA	NA	NA	NA	NA	NA
stad_tcga	TCGA-ZQ-A9CR	TCGA-ZQ-A9CR-01	79	NA	MX	N3	Stage IIIC	7th	T4a	No	NA	Esophagogastric Cancer	Tubular Stomach Adenocarcinoma	Dundee	NA	NA	NA	NA	NA	218	0	NA	NA	NA	NA	NA	NA	NA	NOT HISPANIC OR LATINO	NA	NA	4/30/14	0.1444	G3	NA	Stomach, Intestinal Adenocarcinoma, Tubular Type	No	No	No	C16.3	8211/3	C16.3	YES	2013	NO	NA	NA	NA	YES	9	13	NA	NA	NA	NA	NA	NA	NO	NA	NA	NA	TRUE	TSTAD	0.79	1:DECEASED	NA	F76122F7-343A-4345-9FB6-E46AD0B75CB0	1C856FAB-2FE8-4FC2-AD97-DF855BA16BCE	NA	TCGA-ZQ-A9CR.4C5A488B-9D28-4EC3-8E19-AE1D0C783909.pdf	4C5A488B-9D28-4EC3-8E19-AE1D0C783909	NA	Antrum/Distal	NA	NO	WHITE	NO	NO	R0	YES	NA	NA	1	10	Primary	1	Female	NA	Stomach	Matched	NA	NA	NA	NA	NA	NA	NA	NA	NO	NA	NA	ZQ	0	YES	NA	Proton Pump Inhibitors	NA	NA	Scotland	NA	NA	NA	NA	NA	A	NA	NA	NA	NA	NA	NA	NA	NA	NA	NA	NA	NA	NA	NA	NA	NA	NA	NA	NA	NA	NA	NA	NA	NA	NA	NA	NA	NA	NA	NA	NA	NA	NA	NA	NA	NA	NA	NA	NA	NA	NA	NA	NA	NA	NA	NA	NA	NA	NA	NA	NA	NA	NA	NA	NA	NA	NA	NA	NA	NA	NA	NA	NA	NA	NA	NA	NA	NA
stad_uhongkong	pfg001T	pfg001T	73	NA	NA	NA	NA	NA	NA	NA	NA	Esophagogastric Cancer	Stomach Adenocarcinoma	NA	NA	NA	NA	NA	NA	NA	NA	NA	NA	NA	4	NA	NA	Negative	NA	NA	NA	NA	NA	NA	NA	NA	NA	NA	Positive	NA	NA	NA	NA	NA	NA	NA	NA	NA	NA	NA	NA	NA	NA	MSS	57	0	NA	NA	NA	NA	2	NA	STAD	4	1:DECEASED	NA	NA	NA	mixed	NA	NA	NA	NA	NA	NA	NA	NA	NA	NA	NA	NA	NA	1	NA	NA	NA	Female	NA	NA	Matched	NA	NA	NA	NA	NA	NA	NA	NA	NA	NA	NA	NA	1.93333333333	NA	NA	NA	70	poor	NA	cardia	NA	palliative	T4	IV	NA	Died of disease	NA	NA	NA	NA	NA	NA	NA	NA	NA	NA	NA	NA	NA	NA	NA	NA	NA	NA	NA	NA	NA	NA	NA	NA	NA	NA	NA	NA	NA	NA	NA	NA	NA	NA	NA	NA	NA	NA	NA	NA	NA	NA	NA	NA	NA	NA	NA	NA	NA	NA	NA	NA	NA	NA	NA	NA	NA	NA	NA	NA	NA	NA	NA	NA	NA	NA	NA
stad_uhongkong	pfg002T	pfg002T	39	NA	NA	NA	NA	NA	NA	NA	NA	Esophagogastric Cancer	Stomach Adenocarcinoma	NA	NA	NA	NA	NA	NA	NA	NA	NA	NA	NA	3	NA	NA	Negative	NA	NA	NA	NA	NA	NA	NA	NA	NA	NA	Negative	NA	NA	NA	NA	NA	NA	NA	NA	NA	NA	NA	NA	NA	NA	MSS	21	1	NA	NA	NA	NA	0	NA	STAD	3	1:DECEASED	NA	NA	NA	intestinal	NA	NA	NA	NA	NA	NA	NA	NA	NA	NA	NA	NA	NA	1	NA	NA	NA	Male	NA	NA	Matched	NA	NA	NA	NA	NA	NA	NA	NA	NA	NA	NA	NA	0.7	NA	NA	NA	90	poor	NA	antrum	NA	palliative	T4	IV	NA	Died of disease	NA	NA	NA	NA	NA	NA	NA	NA	NA	NA	NA	NA	NA	NA	NA	NA	NA	NA	NA	NA	NA	NA	NA	NA	NA	NA	NA	NA	NA	NA	NA	NA	NA	NA	NA	NA	NA	NA	NA	NA	NA	NA	NA	NA	NA	NA	NA	NA	NA	NA	NA	NA	NA	NA	NA	NA	NA	NA	NA	NA	NA	NA	NA	NA	NA	NA	NA
stad_uhongkong	pfg003T	pfg003T	65	NA	NA	NA	NA	NA	NA	NA	NA	Esophagogastric Cancer	Stomach Adenocarcinoma	NA	NA	NA	NA	NA	NA	NA	NA	NA	NA	NA	146	0:DiseaseFree	NA	Negative	NA	NA	NA	NA	NA	NA	NA	NA	NA	NA	Positive	NA	NA	NA	NA	NA	NA	NA	NA	NA	NA	NA	NA	NA	NA	MSS	21	0	NA	NA	NA	NA	1	NA	STAD	146	0:LIVING	NA	NA	NA	mixed	NA	NA	NA	NA	NA	NA	NA	NA	NA	NA	NA	NA	NA	1	NA	NA	NA	Female	NA	NA	Matched	NA	NA	NA	NA	NA	NA	NA	NA	NA	NA	NA	NA	0.7	NA	NA	NA	70	poor	NA	body	NA	curative	T3	IIIA	NA	Alive or censored	NA	NA	NA	NA	NA	NA	NA	NA	NA	NA	NA	NA	NA	NA	NA	NA	NA	NA	NA	NA	NA	NA	NA	NA	NA	NA	NA	NA	NA	NA	NA	NA	NA	NA	NA	NA	NA	NA	NA	NA	NA	NA	NA	NA	NA	NA	NA	NA	NA	NA	NA	NA	NA	NA	NA	NA	NA	NA	NA	NA	NA	NA	NA	NA	NA	NA	NA
stad_pfizer_uhongkong	pfg005T	pfg005T	71	NA	NA	NA	NA	NA	NA	NA	NA	Esophagogastric Cancer	Stomach Adenocarcinoma	NA	NA	NA	NA	NA	NA	NA	NA	NA	NA	NA	NA	NA	NA	0	NA	NA	NA	NA	NA	NA	NA	NA	NA	NA	1	NA	NA	NA	NA	NA	NA	NA	NA	NA	NA	NA	NA	NA	NA	microsatellite stable or low-level microsatellite instability	27	0	0	NA	NA	NA	3	NA	STAD	NA	NA	NA	NA	NA	diffuse	NA	NA	NA	NA	NA	NA	NA	NA	NA	NA	NA	NA	NA	1	NA	NA	NA	Female	NA	NA	Matched	NA	NA	NA	NA	NA	NA	NA	NA	NA	NA	NA	NA	0.933333333333	NA	NA	NA	75	poor	NA	antrum	NA	NA	T2a	IV	NA	NA	NA	NA	NA	NA	NA	NA	NA	NA	NA	NA	NA	NA	NA	NA	NA	NA	NA	NA	NA	NA	NA	NA	NA	NA	NA	NA	NA	NA	NA	NA	NA	NA	NA	NA	NA	NA	NA	NA	NA	NA	NA	NA	NA	NA	NA	NA	NA	NA	NA	NA	NA	NA	NA	NA	NA	NA	NA	NA	NA	NA	NA	NA	NA	NA	NA	NA	NA
stad_uhongkong	pfg005T	pfg005T	71	NA	NA	NA	NA	NA	NA	NA	NA	Esophagogastric Cancer	Stomach Adenocarcinoma	NA	NA	NA	NA	NA	NA	NA	NA	NA	NA	NA	26	1:Recurred/Progressed	NA	Negative	NA	NA	NA	NA	NA	NA	NA	NA	NA	NA	Positive	NA	NA	NA	NA	NA	NA	NA	NA	NA	NA	NA	NA	NA	NA	MSS	4	0	NA	NA	NA	NA	3	NA	STAD	38	1:DECEASED	NA	NA	NA	diffuse (signet ring cell)	NA	NA	NA	NA	NA	NA	NA	NA	NA	NA	NA	NA	NA	1	NA	NA	NA	Female	NA	NA	Matched	NA	NA	NA	NA	NA	NA	NA	NA	NA	NA	NA	NA	0.133333333333	NA	NA	NA	75	poor	NA	antrum	NA	curative	T2a	IV	NA	Died of disease	NA	NA	NA	NA	NA	NA	NA	NA	NA	NA	NA	NA	NA	NA	NA	NA	NA	NA	NA	NA	NA	NA	NA	NA	NA	NA	NA	NA	NA	NA	NA	NA	NA	NA	NA	NA	NA	NA	NA	NA	NA	NA	NA	NA	NA	NA	NA	NA	NA	NA	NA	NA	NA	NA	NA	NA	NA	NA	NA	NA	NA	NA	NA	NA	NA	NA	NA
stad_uhongkong	pfg006T	pfg006T	83	NA	NA	NA	NA	NA	NA	NA	NA	Esophagogastric Cancer	Stomach Adenocarcinoma	NA	NA	NA	NA	NA	NA	NA	NA	NA	NA	NA	76	0:DiseaseFree	NA	Negative	NA	NA	NA	NA	NA	NA	NA	NA	NA	NA	Negative	NA	NA	NA	NA	NA	NA	NA	NA	NA	NA	NA	NA	NA	NA	MSS	52	0	NA	NA	NA	NA	0	NA	STAD	76	0:LIVING	NA	NA	NA	intestinal	NA	NA	NA	NA	NA	NA	NA	NA	NA	NA	NA	NA	NA	1	NA	NA	NA	Male	NA	NA	Matched	NA	NA	NA	NA	NA	NA	NA	NA	NA	NA	NA	NA	1.8	NA	NA	NA	95	moderate	NA	antrum	NA	curative	T3	II	NA	Alive or censored	NA	NA	NA	NA	NA	NA	NA	NA	NA	NA	NA	NA	NA	NA	NA	NA	NA	NA	NA	NA	NA	NA	NA	NA	NA	NA	NA	NA	NA	NA	NA	NA	NA	NA	NA	NA	NA	NA	NA	NA	NA	NA	NA	NA	NA	NA	NA	NA	NA	NA	NA	NA	NA	NA	NA	NA	NA	NA	NA	NA	NA	NA	NA	NA	NA	NA	NA
stad_uhongkong	pfg007T	pfg007T	87	NA	NA	NA	NA	NA	NA	NA	NA	Esophagogastric Cancer	Stomach Adenocarcinoma	NA	NA	NA	NA	NA	NA	NA	NA	NA	NA	NA	3	NA	NA	Negative	NA	NA	NA	NA	NA	NA	NA	NA	NA	NA	Positive	NA	NA	NA	NA	NA	NA	NA	NA	NA	NA	NA	NA	NA	NA	MSS	47	1	NA	NA	NA	NA	1	NA	STAD	3	1:DECEASED	NA	NA	NA	intestinal	NA	NA	NA	NA	NA	NA	NA	NA	NA	NA	NA	NA	NA	1	NA	NA	NA	Male	NA	NA	Matched	NA	NA	NA	NA	NA	NA	NA	NA	NA	NA	NA	NA	1.63333333333	NA	NA	NA	95	moderate	NA	cardia	NA	palliative	T4	IV	NA	Died of disease	NA	NA	NA	NA	NA	NA	NA	NA	NA	NA	NA	NA	NA	NA	NA	NA	NA	NA	NA	NA	NA	NA	NA	NA	NA	NA	NA	NA	NA	NA	NA	NA	NA	NA	NA	NA	NA	NA	NA	NA	NA	NA	NA	NA	NA	NA	NA	NA	NA	NA	NA	NA	NA	NA	NA	NA	NA	NA	NA	NA	NA	NA	NA	NA	NA	NA	NA
stad_pfizer_uhongkong	pfg008T	pfg008T	68	NA	NA	NA	NA	NA	NA	NA	NA	Esophagogastric Cancer	Stomach Adenocarcinoma	NA	NA	NA	NA	NA	NA	NA	NA	NA	NA	NA	NA	NA	NA	0	NA	NA	NA	NA	NA	NA	NA	NA	NA	NA	1	NA	NA	NA	NA	NA	NA	NA	NA	NA	NA	NA	NA	NA	NA	high-level microsatellite instabiliy	1538	0	0	NA	NA	NA	1	NA	STAD	NA	NA	NA	NA	NA	intestinal	NA	NA	NA	NA	NA	NA	NA	NA	NA	NA	NA	NA	NA	1	NA	NA	NA	Female	NA	NA	Matched	NA	NA	NA	NA	NA	NA	NA	NA	NA	NA	NA	NA	52.0666666667	NA	NA	NA	80	moderate	NA	antrum	NA	NA	T2b	II	NA	NA	NA	NA	NA	NA	NA	NA	NA	NA	NA	NA	NA	NA	NA	NA	NA	NA	NA	NA	NA	NA	NA	NA	NA	NA	NA	NA	NA	NA	NA	NA	NA	NA	NA	NA	NA	NA	NA	NA	NA	NA	NA	NA	NA	NA	NA	NA	NA	NA	NA	NA	NA	NA	NA	NA	NA	NA	NA	NA	NA	NA	NA	NA	NA	NA	NA	NA	NA
stad_uhongkong	pfg008T	pfg008T	68	NA	NA	NA	NA	NA	NA	NA	NA	Esophagogastric Cancer	Stomach Adenocarcinoma	NA	NA	NA	NA	NA	NA	NA	NA	NA	NA	NA	84	1:Recurred/Progressed	NA	Negative	NA	NA	NA	NA	NA	NA	NA	NA	NA	NA	Positive	NA	NA	NA	NA	NA	NA	NA	NA	NA	NA	NA	NA	NA	NA	MSI	1044	0	NA	NA	NA	NA	1	NA	STAD	87	1:DECEASED	NA	NA	NA	intestinal	NA	NA	NA	NA	NA	NA	NA	NA	NA	NA	NA	NA	NA	1	NA	NA	NA	Female	NA	NA	Matched	NA	NA	NA	NA	NA	NA	NA	NA	NA	NA	NA	NA	35.0666666667	NA	NA	NA	80	moderate	NA	antrum	NA	curative	T2b	II	NA	Died of disease	NA	NA	NA	NA	NA	NA	NA	NA	NA	NA	NA	NA	NA	NA	NA	NA	NA	NA	NA	NA	NA	NA	NA	NA	NA	NA	NA	NA	NA	NA	NA	NA	NA	NA	NA	NA	NA	NA	NA	NA	NA	NA	NA	NA	NA	NA	NA	NA	NA	NA	NA	NA	NA	NA	NA	NA	NA	NA	NA	NA	NA	NA	NA	NA	NA	NA	NA
stad_uhongkong	pfg009T	pfg009T	67	NA	NA	NA	NA	NA	NA	NA	NA	Esophagogastric Cancer	Stomach Adenocarcinoma	NA	NA	NA	NA	NA	NA	NA	NA	NA	NA	NA	31	1:Recurred/Progressed	NA	Positive	NA	NA	NA	NA	NA	NA	NA	NA	NA	NA	Positive	NA	NA	NA	NA	NA	NA	NA	NA	NA	NA	NA	NA	NA	NA	MSS	98	0	NA	NA	NA	NA	1	NA	STAD	31	1:DECEASED	NA	NA	NA	intestinal	NA	NA	NA	NA	NA	NA	NA	NA	NA	NA	NA	NA	NA	1	NA	NA	NA	Male	NA	NA	Matched	NA	NA	NA	NA	NA	NA	NA	NA	NA	NA	NA	NA	3.3	NA	NA	NA	90	poor	NA	body	NA	curative	T2b	II	NA	Died of disease	NA	NA	NA	NA	NA	NA	NA	NA	NA	NA	NA	NA	NA	NA	NA	NA	NA	NA	NA	NA	NA	NA	NA	NA	NA	NA	NA	NA	NA	NA	NA	NA	NA	NA	NA	NA	NA	NA	NA	NA	NA	NA	NA	NA	NA	NA	NA	NA	NA	NA	NA	NA	NA	NA	NA	NA	NA	NA	NA	NA	NA	NA	NA	NA	NA	NA	NA
stad_uhongkong	pfg010T	pfg010T	79	NA	NA	NA	NA	NA	NA	NA	NA	Esophagogastric Cancer	Stomach Adenocarcinoma	NA	NA	NA	NA	NA	NA	NA	NA	NA	NA	NA	48	1:Recurred/Progressed	NA	Negative	NA	NA	NA	NA	NA	NA	NA	NA	NA	NA	Positive	NA	NA	NA	NA	NA	NA	NA	NA	NA	NA	NA	NA	NA	NA	MSS	45	0	NA	NA	NA	NA	0	NA	STAD	72	1:DECEASED	NA	NA	NA	intestinal	NA	NA	NA	NA	NA	NA	NA	NA	NA	NA	NA	NA	NA	1	NA	NA	NA	Male	NA	NA	Matched	NA	NA	NA	NA	NA	NA	NA	NA	NA	NA	NA	NA	1.53333333333	NA	NA	NA	95	well	NA	antrum	NA	curative	T2b	IB	NA	Died of disease	NA	NA	NA	NA	NA	NA	NA	NA	NA	NA	NA	NA	NA	NA	NA	NA	NA	NA	NA	NA	NA	NA	NA	NA	NA	NA	NA	NA	NA	NA	NA	NA	NA	NA	NA	NA	NA	NA	NA	NA	NA	NA	NA	NA	NA	NA	NA	NA	NA	NA	NA	NA	NA	NA	NA	NA	NA	NA	NA	NA	NA	NA	NA	NA	NA	NA	NA
stad_uhongkong	pfg011T	pfg011T	60	NA	NA	NA	NA	NA	NA	NA	NA	Esophagogastric Cancer	Stomach Adenocarcinoma	NA	NA	NA	NA	NA	NA	NA	NA	NA	NA	NA	96	0:DiseaseFree	NA	Negative	NA	NA	NA	NA	NA	NA	NA	NA	NA	NA	Negative	NA	NA	NA	NA	NA	NA	NA	NA	NA	NA	NA	NA	NA	NA	MSS	87	0	NA	NA	NA	NA	1	NA	STAD	96	0:LIVING	NA	NA	NA	intestinal	NA	NA	NA	NA	NA	NA	NA	NA	NA	NA	NA	NA	NA	1	NA	NA	NA	Male	NA	NA	Matched	NA	NA	NA	NA	NA	NA	NA	NA	NA	NA	NA	NA	2.9	NA	NA	NA	90	poor	NA	cardia	NA	curative	T2b	II	NA	Alive or censored	NA	NA	NA	NA	NA	NA	NA	NA	NA	NA	NA	NA	NA	NA	NA	NA	NA	NA	NA	NA	NA	NA	NA	NA	NA	NA	NA	NA	NA	NA	NA	NA	NA	NA	NA	NA	NA	NA	NA	NA	NA	NA	NA	NA	NA	NA	NA	NA	NA	NA	NA	NA	NA	NA	NA	NA	NA	NA	NA	NA	NA	NA	NA	NA	NA	NA	NA
stad_uhongkong	pfg014T	pfg014T	74	NA	NA	NA	NA	NA	NA	NA	NA	Esophagogastric Cancer	Stomach Adenocarcinoma	NA	NA	NA	NA	NA	NA	NA	NA	NA	NA	NA	3	NA	NA	Negative	NA	NA	NA	NA	NA	NA	NA	NA	NA	NA	Positive	NA	NA	NA	NA	NA	NA	NA	NA	NA	NA	NA	NA	NA	NA	MSS	118	0	NA	NA	NA	NA	3	NA	STAD	5	1:DECEASED	NA	NA	NA	intestinal	NA	NA	NA	NA	NA	NA	NA	NA	NA	NA	NA	NA	NA	1	NA	NA	NA	Male	NA	NA	Matched	NA	NA	NA	NA	NA	NA	NA	NA	NA	NA	NA	NA	3.93333333333	NA	NA	NA	85	poor	NA	cardia	NA	palliative	T3	IV	NA	Died of disease	NA	NA	NA	NA	NA	NA	NA	NA	NA	NA	NA	NA	NA	NA	NA	NA	NA	NA	NA	NA	NA	NA	NA	NA	NA	NA	NA	NA	NA	NA	NA	NA	NA	NA	NA	NA	NA	NA	NA	NA	NA	NA	NA	NA	NA	NA	NA	NA	NA	NA	NA	NA	NA	NA	NA	NA	NA	NA	NA	NA	NA	NA	NA	NA	NA	NA	NA
stad_uhongkong	pfg015T	pfg015T	77	NA	NA	NA	NA	NA	NA	NA	NA	Esophagogastric Cancer	Stomach Adenocarcinoma	NA	NA	NA	NA	NA	NA	NA	NA	NA	NA	NA	2	NA	NA	Negative	NA	NA	NA	NA	NA	NA	NA	NA	NA	NA	Negative	NA	NA	NA	NA	NA	NA	NA	NA	NA	NA	NA	NA	NA	NA	MSS	70	1	NA	NA	NA	NA	1	NA	STAD	2	1:DECEASED	NA	NA	NA	diffuse (signet ring cell)	NA	NA	NA	NA	NA	NA	NA	NA	NA	NA	NA	NA	NA	1	NA	NA	NA	Female	NA	NA	Matched	NA	NA	NA	NA	NA	NA	NA	NA	NA	NA	NA	NA	2.43333333333	NA	NA	NA	80	poor	NA	antrum	NA	palliative	T3	IV	NA	Died of disease	NA	NA	NA	NA	NA	NA	NA	NA	NA	NA	NA	NA	NA	NA	NA	NA	NA	NA	NA	NA	NA	NA	NA	NA	NA	NA	NA	NA	NA	NA	NA	NA	NA	NA	NA	NA	NA	NA	NA	NA	NA	NA	NA	NA	NA	NA	NA	NA	NA	NA	NA	NA	NA	NA	NA	NA	NA	NA	NA	NA	NA	NA	NA	NA	NA	NA	NA
stad_uhongkong	pfg016T	pfg016T	55	NA	NA	NA	NA	NA	NA	NA	NA	Esophagogastric Cancer	Stomach Adenocarcinoma	NA	NA	NA	NA	NA	NA	NA	NA	NA	NA	NA	178	0:DiseaseFree	NA	Negative	NA	NA	NA	NA	NA	NA	NA	NA	NA	NA	Negative	NA	NA	NA	NA	NA	NA	NA	NA	NA	NA	NA	NA	NA	NA	MSI	918	0	NA	NA	NA	NA	1	NA	STAD	178	0:LIVING	NA	NA	NA	intestinal	NA	NA	NA	NA	NA	NA	NA	NA	NA	NA	NA	NA	NA	1	NA	NA	NA	Male	NA	NA	Matched	NA	NA	NA	NA	NA	NA	NA	NA	NA	NA	NA	NA	30.9333333333	NA	NA	NA	90	moderate	NA	antrum	NA	curative	T4	IV	NA	Alive or censored	NA	NA	NA	NA	NA	NA	NA	NA	NA	NA	NA	NA	NA	NA	NA	NA	NA	NA	NA	NA	NA	NA	NA	NA	NA	NA	NA	NA	NA	NA	NA	NA	NA	NA	NA	NA	NA	NA	NA	NA	NA	NA	NA	NA	NA	NA	NA	NA	NA	NA	NA	NA	NA	NA	NA	NA	NA	NA	NA	NA	NA	NA	NA	NA	NA	NA	NA
stad_uhongkong	pfg017T	pfg017T	63	NA	NA	NA	NA	NA	NA	NA	NA	Esophagogastric Cancer	Stomach Adenocarcinoma	NA	NA	NA	NA	NA	NA	NA	NA	NA	NA	NA	184	0:DiseaseFree	NA	Negative	NA	NA	NA	NA	NA	NA	NA	NA	NA	NA	Negative	NA	NA	NA	NA	NA	NA	NA	NA	NA	NA	NA	NA	NA	NA	MSI	258	0	NA	NA	NA	NA	1	NA	STAD	184	0:LIVING	NA	NA	NA	intestinal	NA	NA	NA	NA	NA	NA	NA	NA	NA	NA	NA	NA	NA	1	NA	NA	NA	Male	NA	NA	Matched	NA	NA	NA	NA	NA	NA	NA	NA	NA	NA	NA	NA	8.6	NA	NA	NA	80	moderate	NA	antrum	NA	curative	T2b	II	NA	Alive or censored	NA	NA	NA	NA	NA	NA	NA	NA	NA	NA	NA	NA	NA	NA	NA	NA	NA	NA	NA	NA	NA	NA	NA	NA	NA	NA	NA	NA	NA	NA	NA	NA	NA	NA	NA	NA	NA	NA	NA	NA	NA	NA	NA	NA	NA	NA	NA	NA	NA	NA	NA	NA	NA	NA	NA	NA	NA	NA	NA	NA	NA	NA	NA	NA	NA	NA	NA
stad_uhongkong	pfg018T	pfg018T	37	NA	NA	NA	NA	NA	NA	NA	NA	Esophagogastric Cancer	Stomach Adenocarcinoma	NA	NA	NA	NA	NA	NA	NA	NA	NA	NA	NA	1	NA	NA	Positive	NA	NA	NA	NA	NA	NA	NA	NA	NA	NA	Positive	NA	NA	NA	NA	NA	NA	NA	NA	NA	NA	NA	NA	NA	NA	MSS	52	0	NA	NA	NA	NA	2	NA	STAD	1	0:LIVING	NA	NA	NA	intestinal	NA	NA	NA	NA	NA	NA	NA	NA	NA	NA	NA	NA	NA	1	NA	NA	NA	Male	NA	NA	Matched	NA	NA	NA	NA	NA	NA	NA	NA	NA	NA	NA	NA	1.76666666667	NA	NA	NA	80	moderate	NA	body	NA	palliative	T3	IIIB	NA	Alive or censored	NA	NA	NA	NA	NA	NA	NA	NA	NA	NA	NA	NA	NA	NA	NA	NA	NA	NA	NA	NA	NA	NA	NA	NA	NA	NA	NA	NA	NA	NA	NA	NA	NA	NA	NA	NA	NA	NA	NA	NA	NA	NA	NA	NA	NA	NA	NA	NA	NA	NA	NA	NA	NA	NA	NA	NA	NA	NA	NA	NA	NA	NA	NA	NA	NA	NA	NA
stad_uhongkong	pfg019T	pfg019T	57	NA	NA	NA	NA	NA	NA	NA	NA	Esophagogastric Cancer	Stomach Adenocarcinoma	NA	NA	NA	NA	NA	NA	NA	NA	NA	NA	NA	69	1:Recurred/Progressed	NA	Negative	NA	NA	NA	NA	NA	NA	NA	NA	NA	NA	Positive	NA	NA	NA	NA	NA	NA	NA	NA	NA	NA	NA	NA	NA	NA	MSI	568	0	NA	NA	NA	NA	0	NA	STAD	72	1:DECEASED	NA	NA	NA	intestinal	NA	NA	NA	NA	NA	NA	NA	NA	NA	NA	NA	NA	NA	1	NA	NA	NA	Male	NA	NA	Matched	NA	NA	NA	NA	NA	NA	NA	NA	NA	NA	NA	NA	19.0	NA	NA	NA	90	moderate	NA	body	NA	curative	T2b	IB	NA	Died of disease	NA	NA	NA	NA	NA	NA	NA	NA	NA	NA	NA	NA	NA	NA	NA	NA	NA	NA	NA	NA	NA	NA	NA	NA	NA	NA	NA	NA	NA	NA	NA	NA	NA	NA	NA	NA	NA	NA	NA	NA	NA	NA	NA	NA	NA	NA	NA	NA	NA	NA	NA	NA	NA	NA	NA	NA	NA	NA	NA	NA	NA	NA	NA	NA	NA	NA	NA
stad_uhongkong	pfg020T	pfg020T	60	NA	NA	NA	NA	NA	NA	NA	NA	Esophagogastric Cancer	Stomach Adenocarcinoma	NA	NA	NA	NA	NA	NA	NA	NA	NA	NA	NA	21	NA	NA	Negative	NA	NA	NA	NA	NA	NA	NA	NA	NA	NA	Negative	NA	NA	NA	NA	NA	NA	NA	NA	NA	NA	NA	NA	NA	NA	MSS	69	0	NA	NA	NA	NA	3	NA	STAD	28	1:DECEASED	NA	NA	NA	intestinal	NA	NA	NA	NA	NA	NA	NA	NA	NA	NA	NA	NA	NA	1	NA	NA	NA	Male	NA	NA	Matched	NA	NA	NA	NA	NA	NA	NA	NA	NA	NA	NA	NA	2.33333333333	NA	NA	NA	90	poor	NA	cardia	NA	palliative	T4	IV	NA	Died of disease	NA	NA	NA	NA	NA	NA	NA	NA	NA	NA	NA	NA	NA	NA	NA	NA	NA	NA	NA	NA	NA	NA	NA	NA	NA	NA	NA	NA	NA	NA	NA	NA	NA	NA	NA	NA	NA	NA	NA	NA	NA	NA	NA	NA	NA	NA	NA	NA	NA	NA	NA	NA	NA	NA	NA	NA	NA	NA	NA	NA	NA	NA	NA	NA	NA	NA	NA
stad_uhongkong	pfg021T	pfg021T	83	NA	NA	NA	NA	NA	NA	NA	NA	Esophagogastric Cancer	Stomach Adenocarcinoma	NA	NA	NA	NA	NA	NA	NA	NA	NA	NA	NA	25	1:Recurred/Progressed	NA	Negative	NA	NA	NA	NA	NA	NA	NA	NA	NA	NA	Positive	NA	NA	NA	NA	NA	NA	NA	NA	NA	NA	NA	NA	NA	NA	MSS	32	0	NA	NA	NA	NA	1	NA	STAD	29	1:DECEASED	NA	NA	NA	intestinal	NA	NA	NA	NA	NA	NA	NA	NA	NA	NA	NA	NA	NA	1	NA	NA	NA	Male	NA	NA	Matched	NA	NA	NA	NA	NA	NA	NA	NA	NA	NA	NA	NA	1.06666666667	NA	NA	NA	80	moderate	NA	body	NA	curative	T3	IIIA	NA	Died of disease	NA	NA	NA	NA	NA	NA	NA	NA	NA	NA	NA	NA	NA	NA	NA	NA	NA	NA	NA	NA	NA	NA	NA	NA	NA	NA	NA	NA	NA	NA	NA	NA	NA	NA	NA	NA	NA	NA	NA	NA	NA	NA	NA	NA	NA	NA	NA	NA	NA	NA	NA	NA	NA	NA	NA	NA	NA	NA	NA	NA	NA	NA	NA	NA	NA	NA	NA
stad_uhongkong	pfg022T	pfg022T	61	NA	NA	NA	NA	NA	NA	NA	NA	Esophagogastric Cancer	Stomach Adenocarcinoma	NA	NA	NA	NA	NA	NA	NA	NA	NA	NA	NA	11	NA	NA	Positive	NA	NA	NA	NA	NA	NA	NA	NA	NA	NA	Negative	NA	NA	NA	NA	NA	NA	NA	NA	NA	NA	NA	NA	NA	NA	MSS	42	0	NA	NA	NA	NA	2	NA	STAD	11	1:DECEASED	NA	NA	NA	intestinal	NA	NA	NA	NA	NA	NA	NA	NA	NA	NA	NA	NA	NA	1	NA	NA	NA	Male	NA	NA	Matched	NA	NA	NA	NA	NA	NA	NA	NA	NA	NA	NA	NA	1.53333333333	NA	NA	NA	90	poor	NA	body	NA	palliative	T3	IIIB	NA	Died of disease	NA	NA	NA	NA	NA	NA	NA	NA	NA	NA	NA	NA	NA	NA	NA	NA	NA	NA	NA	NA	NA	NA	NA	NA	NA	NA	NA	NA	NA	NA	NA	NA	NA	NA	NA	NA	NA	NA	NA	NA	NA	NA	NA	NA	NA	NA	NA	NA	NA	NA	NA	NA	NA	NA	NA	NA	NA	NA	NA	NA	NA	NA	NA	NA	NA	NA	NA
stad_pfizer_uhongkong	pfg022T	pfg022T	61	NA	NA	NA	NA	NA	NA	NA	NA	Esophagogastric Cancer	Stomach Adenocarcinoma	NA	NA	NA	NA	NA	NA	NA	NA	NA	NA	NA	NA	NA	NA	1	NA	NA	NA	NA	NA	NA	NA	NA	NA	NA	0	NA	NA	NA	NA	NA	NA	NA	NA	NA	NA	NA	NA	NA	NA	microsatellite stable or low-level microsatellite instability	54	0	0	NA	NA	NA	2	NA	STAD	NA	NA	NA	NA	NA	intestinal	NA	NA	NA	NA	NA	NA	NA	NA	NA	NA	NA	NA	NA	1	NA	NA	NA	Male	NA	NA	Matched	NA	NA	NA	NA	NA	NA	NA	NA	NA	NA	NA	NA	1.8	NA	NA	NA	90	poor	NA	body	NA	NA	T3	IIIB	NA	NA	NA	NA	NA	NA	NA	NA	NA	NA	NA	NA	NA	NA	NA	NA	NA	NA	NA	NA	NA	NA	NA	NA	NA	NA	NA	NA	NA	NA	NA	NA	NA	NA	NA	NA	NA	NA	NA	NA	NA	NA	NA	NA	NA	NA	NA	NA	NA	NA	NA	NA	NA	NA	NA	NA	NA	NA	NA	NA	NA	NA	NA	NA	NA	NA	NA	NA	NA
stad_pfizer_uhongkong	pfg023T	pfg023T	65	NA	NA	NA	NA	NA	NA	NA	NA	Esophagogastric Cancer	Stomach Adenocarcinoma	NA	NA	NA	NA	NA	NA	NA	NA	NA	NA	NA	NA	NA	NA	0	NA	NA	NA	NA	NA	NA	NA	NA	NA	NA	0	NA	NA	NA	NA	NA	NA	NA	NA	NA	NA	NA	NA	NA	NA	microsatellite stable or low-level microsatellite instability	28	0	0	NA	NA	NA	2	NA	STAD	NA	NA	NA	NA	NA	mixed	NA	NA	NA	NA	NA	NA	NA	NA	NA	NA	NA	NA	NA	1	NA	NA	NA	Female	NA	NA	Matched	NA	NA	NA	NA	NA	NA	NA	NA	NA	NA	NA	NA	0.966666666667	NA	NA	NA	95	poor	NA	body	NA	NA	T3	IIIB	NA	NA	NA	NA	NA	NA	NA	NA	NA	NA	NA	NA	NA	NA	NA	NA	NA	NA	NA	NA	NA	NA	NA	NA	NA	NA	NA	NA	NA	NA	NA	NA	NA	NA	NA	NA	NA	NA	NA	NA	NA	NA	NA	NA	NA	NA	NA	NA	NA	NA	NA	NA	NA	NA	NA	NA	NA	NA	NA	NA	NA	NA	NA	NA	NA	NA	NA	NA	NA
stad_uhongkong	pfg024T	pfg024T	77	NA	NA	NA	NA	NA	NA	NA	NA	Esophagogastric Cancer	Stomach Adenocarcinoma	NA	NA	NA	NA	NA	NA	NA	NA	NA	NA	NA	17	NA	NA	Negative	NA	NA	NA	NA	NA	NA	NA	NA	NA	NA	Negative	NA	NA	NA	NA	NA	NA	NA	NA	NA	NA	NA	NA	NA	NA	MSS	81	1	NA	NA	NA	NA	1	NA	STAD	17	1:DECEASED	NA	NA	NA	intestinal	NA	NA	NA	NA	NA	NA	NA	NA	NA	NA	NA	NA	NA	1	NA	NA	NA	Female	NA	NA	Matched	NA	NA	NA	NA	NA	NA	NA	NA	NA	NA	NA	NA	2.73333333333	NA	NA	NA	85	moderate	NA	cardia	NA	palliative	T2a	IV	NA	Died of disease	NA	NA	NA	NA	NA	NA	NA	NA	NA	NA	NA	NA	NA	NA	NA	NA	NA	NA	NA	NA	NA	NA	NA	NA	NA	NA	NA	NA	NA	NA	NA	NA	NA	NA	NA	NA	NA	NA	NA	NA	NA	NA	NA	NA	NA	NA	NA	NA	NA	NA	NA	NA	NA	NA	NA	NA	NA	NA	NA	NA	NA	NA	NA	NA	NA	NA	NA
stad_uhongkong	pfg025T	pfg025T	64	NA	NA	NA	NA	NA	NA	NA	NA	Esophagogastric Cancer	Stomach Adenocarcinoma	NA	NA	NA	NA	NA	NA	NA	NA	NA	NA	NA	9	NA	NA	Negative	NA	NA	NA	NA	NA	NA	NA	NA	NA	NA	Negative	NA	NA	NA	NA	NA	NA	NA	NA	NA	NA	NA	NA	NA	NA	MSS	75	0	NA	NA	NA	NA	1	NA	STAD	16	1:DECEASED	NA	NA	NA	intestinal	NA	NA	NA	NA	NA	NA	NA	NA	NA	NA	NA	NA	NA	1	NA	NA	NA	Male	NA	NA	Matched	NA	NA	NA	NA	NA	NA	NA	NA	NA	NA	NA	NA	2.53333333333	NA	NA	NA	95	poor	NA	antrum	NA	palliative	T3	IIIA	NA	Died of disease	NA	NA	NA	NA	NA	NA	NA	NA	NA	NA	NA	NA	NA	NA	NA	NA	NA	NA	NA	NA	NA	NA	NA	NA	NA	NA	NA	NA	NA	NA	NA	NA	NA	NA	NA	NA	NA	NA	NA	NA	NA	NA	NA	NA	NA	NA	NA	NA	NA	NA	NA	NA	NA	NA	NA	NA	NA	NA	NA	NA	NA	NA	NA	NA	NA	NA	NA
stad_uhongkong	pfg029T	pfg029T	64	NA	NA	NA	NA	NA	NA	NA	NA	Esophagogastric Cancer	Stomach Adenocarcinoma	NA	NA	NA	NA	NA	NA	NA	NA	NA	NA	NA	129	0:DiseaseFree	NA	Negative	NA	NA	NA	NA	NA	NA	NA	NA	NA	NA	Positive	NA	NA	NA	NA	NA	NA	NA	NA	NA	NA	NA	NA	NA	NA	MSS	209	0	NA	NA	NA	NA	1	NA	STAD	129	0:LIVING	NA	NA	NA	intestinal	NA	NA	NA	NA	NA	NA	NA	NA	NA	NA	NA	NA	NA	1	NA	NA	NA	Male	NA	NA	Matched	NA	NA	NA	NA	NA	NA	NA	NA	NA	NA	NA	NA	7.0	NA	NA	NA	80	moderate	NA	antrum	NA	curative	T2b	II	NA	Alive or censored	NA	NA	NA	NA	NA	NA	NA	NA	NA	NA	NA	NA	NA	NA	NA	NA	NA	NA	NA	NA	NA	NA	NA	NA	NA	NA	NA	NA	NA	NA	NA	NA	NA	NA	NA	NA	NA	NA	NA	NA	NA	NA	NA	NA	NA	NA	NA	NA	NA	NA	NA	NA	NA	NA	NA	NA	NA	NA	NA	NA	NA	NA	NA	NA	NA	NA	NA
stad_pfizer_uhongkong	pfg030T	pfg030T	74	NA	NA	NA	NA	NA	NA	NA	NA	Esophagogastric Cancer	Stomach Adenocarcinoma	NA	NA	NA	NA	NA	NA	NA	NA	NA	NA	NA	NA	NA	NA	0	NA	NA	NA	NA	NA	NA	NA	NA	NA	NA	0	NA	NA	NA	NA	NA	NA	NA	NA	NA	NA	NA	NA	NA	NA	microsatellite stable or low-level microsatellite instability	78	0	0	NA	NA	NA	2	NA	STAD	NA	NA	NA	NA	NA	intestinal	NA	NA	NA	NA	NA	NA	NA	NA	NA	NA	NA	NA	NA	1	NA	NA	NA	Female	NA	NA	Matched	NA	NA	NA	NA	NA	NA	NA	NA	NA	NA	NA	NA	2.63333333333	NA	NA	NA	80	moderate	NA	antrum	NA	NA	T2b	IIIA	NA	NA	NA	NA	NA	NA	NA	NA	NA	NA	NA	NA	NA	NA	NA	NA	NA	NA	NA	NA	NA	NA	NA	NA	NA	NA	NA	NA	NA	NA	NA	NA	NA	NA	NA	NA	NA	NA	NA	NA	NA	NA	NA	NA	NA	NA	NA	NA	NA	NA	NA	NA	NA	NA	NA	NA	NA	NA	NA	NA	NA	NA	NA	NA	NA	NA	NA	NA	NA
stad_pfizer_uhongkong	pfg031T	pfg031T	53	NA	NA	NA	NA	NA	NA	NA	NA	Esophagogastric Cancer	Stomach Adenocarcinoma	NA	NA	NA	NA	NA	NA	NA	NA	NA	NA	NA	NA	NA	NA	0	NA	NA	NA	NA	NA	NA	NA	NA	NA	NA	0	NA	NA	NA	NA	NA	NA	NA	NA	NA	NA	NA	NA	NA	NA	microsatellite stable or low-level microsatellite instability	21	0	0	NA	NA	NA	3	NA	STAD	NA	NA	NA	NA	NA	mixed	NA	NA	NA	NA	NA	NA	NA	NA	NA	NA	NA	NA	NA	1	NA	NA	NA	Female	NA	NA	Matched	NA	NA	NA	NA	NA	NA	NA	NA	NA	NA	NA	NA	0.7	NA	NA	NA	70	poor	NA	body	NA	NA	T4	IV	NA	NA	NA	NA	NA	NA	NA	NA	NA	NA	NA	NA	NA	NA	NA	NA	NA	NA	NA	NA	NA	NA	NA	NA	NA	NA	NA	NA	NA	NA	NA	NA	NA	NA	NA	NA	NA	NA	NA	NA	NA	NA	NA	NA	NA	NA	NA	NA	NA	NA	NA	NA	NA	NA	NA	NA	NA	NA	NA	NA	NA	NA	NA	NA	NA	NA	NA	NA	NA
stad_pfizer_uhongkong	pfg032T	pfg032T	84	NA	NA	NA	NA	NA	NA	NA	NA	Esophagogastric Cancer	Stomach Adenocarcinoma	NA	NA	NA	NA	NA	NA	NA	NA	NA	NA	NA	NA	NA	NA	0	NA	NA	NA	NA	NA	NA	NA	NA	NA	NA	1	NA	NA	NA	NA	NA	NA	NA	NA	NA	NA	NA	NA	NA	NA	microsatellite stable or low-level microsatellite instability	36	0	0	NA	NA	NA	3	NA	STAD	NA	NA	NA	NA	NA	intestinal	NA	NA	NA	NA	NA	NA	NA	NA	NA	NA	NA	NA	NA	1	NA	NA	NA	Male	NA	NA	Matched	NA	NA	NA	NA	NA	NA	NA	NA	NA	NA	NA	NA	1.23333333333	NA	NA	NA	90	poor	NA	antrum	NA	NA	T3	IV	NA	NA	NA	NA	NA	NA	NA	NA	NA	NA	NA	NA	NA	NA	NA	NA	NA	NA	NA	NA	NA	NA	NA	NA	NA	NA	NA	NA	NA	NA	NA	NA	NA	NA	NA	NA	NA	NA	NA	NA	NA	NA	NA	NA	NA	NA	NA	NA	NA	NA	NA	NA	NA	NA	NA	NA	NA	NA	NA	NA	NA	NA	NA	NA	NA	NA	NA	NA	NA
stad_pfizer_uhongkong	pfg034T	pfg034T	63	NA	NA	NA	NA	NA	NA	NA	NA	Esophagogastric Cancer	Stomach Adenocarcinoma	NA	NA	NA	NA	NA	NA	NA	NA	NA	NA	NA	NA	NA	NA	0	NA	NA	NA	NA	NA	NA	NA	NA	NA	NA	0	NA	NA	NA	NA	NA	NA	NA	NA	NA	NA	NA	NA	NA	NA	microsatellite stable or low-level microsatellite instability	164	0	0	NA	NA	NA	3	NA	STAD	NA	NA	NA	NA	NA	mixed	NA	NA	NA	NA	NA	NA	NA	NA	NA	NA	NA	NA	NA	1	NA	NA	NA	Male	NA	NA	Matched	NA	NA	NA	NA	NA	NA	NA	NA	NA	NA	NA	NA	5.66666666667	NA	NA	NA	85	poor	NA	antrum	NA	NA	T2a	IV	NA	NA	NA	NA	NA	NA	NA	NA	NA	NA	NA	NA	NA	NA	NA	NA	NA	NA	NA	NA	NA	NA	NA	NA	NA	NA	NA	NA	NA	NA	NA	NA	NA	NA	NA	NA	NA	NA	NA	NA	NA	NA	NA	NA	NA	NA	NA	NA	NA	NA	NA	NA	NA	NA	NA	NA	NA	NA	NA	NA	NA	NA	NA	NA	NA	NA	NA	NA	NA
stad_pfizer_uhongkong	pfg035T	pfg035T	74	NA	NA	NA	NA	NA	NA	NA	NA	Esophagogastric Cancer	Stomach Adenocarcinoma	NA	NA	NA	NA	NA	NA	NA	NA	NA	NA	NA	NA	NA	NA	0	NA	NA	NA	NA	NA	NA	NA	NA	NA	NA	1	NA	NA	NA	NA	NA	NA	NA	NA	NA	NA	NA	NA	NA	NA	microsatellite stable or low-level microsatellite instability	52	0	0	NA	NA	NA	1	NA	STAD	NA	NA	NA	NA	NA	intestinal	NA	NA	NA	NA	NA	NA	NA	NA	NA	NA	NA	NA	NA	1	NA	NA	NA	Male	NA	NA	Matched	NA	NA	NA	NA	NA	NA	NA	NA	NA	NA	NA	NA	1.76666666667	NA	NA	NA	70	moderate	NA	cardia	NA	NA	T4	IV	NA	NA	NA	NA	NA	NA	NA	NA	NA	NA	NA	NA	NA	NA	NA	NA	NA	NA	NA	NA	NA	NA	NA	NA	NA	NA	NA	NA	NA	NA	NA	NA	NA	NA	NA	NA	NA	NA	NA	NA	NA	NA	NA	NA	NA	NA	NA	NA	NA	NA	NA	NA	NA	NA	NA	NA	NA	NA	NA	NA	NA	NA	NA	NA	NA	NA	NA	NA	NA
stad_pfizer_uhongkong	pfg036T	pfg036T	81	NA	NA	NA	NA	NA	NA	NA	NA	Esophagogastric Cancer	Stomach Adenocarcinoma	NA	NA	NA	NA	NA	NA	NA	NA	NA	NA	NA	NA	NA	NA	1	NA	NA	NA	NA	NA	NA	NA	NA	NA	NA	1	NA	NA	NA	NA	NA	NA	NA	NA	NA	NA	NA	NA	NA	NA	microsatellite stable or low-level microsatellite instability	43	0	0	NA	NA	NA	2	NA	STAD	NA	NA	NA	NA	NA	intestinal	NA	NA	NA	NA	NA	NA	NA	NA	NA	NA	NA	NA	NA	1	NA	NA	NA	Male	NA	NA	Matched	NA	NA	NA	NA	NA	NA	NA	NA	NA	NA	NA	NA	1.46666666667	NA	NA	NA	85	poor	NA	body	NA	NA	T3	IIIB	NA	NA	NA	NA	NA	NA	NA	NA	NA	NA	NA	NA	NA	NA	NA	NA	NA	NA	NA	NA	NA	NA	NA	NA	NA	NA	NA	NA	NA	NA	NA	NA	NA	NA	NA	NA	NA	NA	NA	NA	NA	NA	NA	NA	NA	NA	NA	NA	NA	NA	NA	NA	NA	NA	NA	NA	NA	NA	NA	NA	NA	NA	NA	NA	NA	NA	NA	NA	NA
stad_pfizer_uhongkong	pfg038T	pfg038T	67	NA	NA	NA	NA	NA	NA	NA	NA	Esophagogastric Cancer	Stomach Adenocarcinoma	NA	NA	NA	NA	NA	NA	NA	NA	NA	NA	NA	NA	NA	NA	0	NA	NA	NA	NA	NA	NA	NA	NA	NA	NA	0	NA	NA	NA	NA	NA	NA	NA	NA	NA	NA	NA	NA	NA	NA	microsatellite stable or low-level microsatellite instability	89	0	0	NA	NA	NA	2	NA	STAD	NA	NA	NA	NA	NA	intestinal	NA	NA	NA	NA	NA	NA	NA	NA	NA	NA	NA	NA	NA	1	NA	NA	NA	Male	NA	NA	Matched	NA	NA	NA	NA	NA	NA	NA	NA	NA	NA	NA	NA	3.0	NA	NA	NA	90	moderate	NA	antrum	NA	NA	T4	IV	NA	NA	NA	NA	NA	NA	NA	NA	NA	NA	NA	NA	NA	NA	NA	NA	NA	NA	NA	NA	NA	NA	NA	NA	NA	NA	NA	NA	NA	NA	NA	NA	NA	NA	NA	NA	NA	NA	NA	NA	NA	NA	NA	NA	NA	NA	NA	NA	NA	NA	NA	NA	NA	NA	NA	NA	NA	NA	NA	NA	NA	NA	NA	NA	NA	NA	NA	NA	NA
stad_pfizer_uhongkong	pfg039T	pfg039T	49	NA	NA	NA	NA	NA	NA	NA	NA	Esophagogastric Cancer	Stomach Adenocarcinoma	NA	NA	NA	NA	NA	NA	NA	NA	NA	NA	NA	NA	NA	NA	0	NA	NA	NA	NA	NA	NA	NA	NA	NA	NA	1	NA	NA	NA	NA	NA	NA	NA	NA	NA	NA	NA	NA	NA	NA	microsatellite stable or low-level microsatellite instability	47	0	0	NA	NA	NA	3	NA	STAD	NA	NA	NA	NA	NA	intestinal	NA	NA	NA	NA	NA	NA	NA	NA	NA	NA	NA	NA	NA	1	NA	NA	NA	Male	NA	NA	Matched	NA	NA	NA	NA	NA	NA	NA	NA	NA	NA	NA	NA	1.6	NA	NA	NA	70	poor	NA	cardia	NA	NA	T2b	IV	NA	NA	NA	NA	NA	NA	NA	NA	NA	NA	NA	NA	NA	NA	NA	NA	NA	NA	NA	NA	NA	NA	NA	NA	NA	NA	NA	NA	NA	NA	NA	NA	NA	NA	NA	NA	NA	NA	NA	NA	NA	NA	NA	NA	NA	NA	NA	NA	NA	NA	NA	NA	NA	NA	NA	NA	NA	NA	NA	NA	NA	NA	NA	NA	NA	NA	NA	NA	NA
stad_pfizer_uhongkong	pfg043T	pfg043T	76	NA	NA	NA	NA	NA	NA	NA	NA	Esophagogastric Cancer	Stomach Adenocarcinoma	NA	NA	NA	NA	NA	NA	NA	NA	NA	NA	NA	NA	NA	NA	1	NA	NA	NA	NA	NA	NA	NA	NA	NA	NA	0	NA	NA	NA	NA	NA	NA	NA	NA	NA	NA	NA	NA	NA	NA	microsatellite stable or low-level microsatellite instability	1095	0	0	NA	NA	NA	1	NA	STAD	NA	NA	NA	NA	NA	intestinal	NA	NA	NA	NA	NA	NA	NA	NA	NA	NA	NA	NA	NA	1	NA	NA	NA	Male	NA	NA	Matched	NA	NA	NA	NA	NA	NA	NA	NA	NA	NA	NA	NA	36.9	NA	NA	NA	80	poor	NA	cardia	NA	NA	T3	IIIA	NA	NA	NA	NA	NA	NA	NA	NA	NA	NA	NA	NA	NA	NA	NA	NA	NA	NA	NA	NA	NA	NA	NA	NA	NA	NA	NA	NA	NA	NA	NA	NA	NA	NA	NA	NA	NA	NA	NA	NA	NA	NA	NA	NA	NA	NA	NA	NA	NA	NA	NA	NA	NA	NA	NA	NA	NA	NA	NA	NA	NA	NA	NA	NA	NA	NA	NA	NA	NA
stad_pfizer_uhongkong	pfg050T	pfg050T	61	NA	NA	NA	NA	NA	NA	NA	NA	Esophagogastric Cancer	Stomach Adenocarcinoma	NA	NA	NA	NA	NA	NA	NA	NA	NA	NA	NA	NA	NA	NA	0	NA	NA	NA	NA	NA	NA	NA	NA	NA	NA	0	NA	NA	NA	NA	NA	NA	NA	NA	NA	NA	NA	NA	NA	NA	microsatellite stable or low-level microsatellite instability	15	0	0	NA	NA	NA	2	NA	STAD	NA	NA	NA	NA	NA	diffuse	NA	NA	NA	NA	NA	NA	NA	NA	NA	NA	NA	NA	NA	1	NA	NA	NA	Male	NA	NA	Matched	NA	NA	NA	NA	NA	NA	NA	NA	NA	NA	NA	NA	0.5	NA	NA	NA	80	poor	NA	antrum	NA	NA	T3	IIIB	NA	NA	NA	NA	NA	NA	NA	NA	NA	NA	NA	NA	NA	NA	NA	NA	NA	NA	NA	NA	NA	NA	NA	NA	NA	NA	NA	NA	NA	NA	NA	NA	NA	NA	NA	NA	NA	NA	NA	NA	NA	NA	NA	NA	NA	NA	NA	NA	NA	NA	NA	NA	NA	NA	NA	NA	NA	NA	NA	NA	NA	NA	NA	NA	NA	NA	NA	NA	NA
stad_pfizer_uhongkong	pfg052T	pfg052T	70	NA	NA	NA	NA	NA	NA	NA	NA	Esophagogastric Cancer	Stomach Adenocarcinoma	NA	NA	NA	NA	NA	NA	NA	NA	NA	NA	NA	NA	NA	NA	0	NA	NA	NA	NA	NA	NA	NA	NA	NA	NA	1	NA	NA	NA	NA	NA	NA	NA	NA	NA	NA	NA	NA	NA	NA	microsatellite stable or low-level microsatellite instability	44	0	0	NA	NA	NA	1	NA	STAD	NA	NA	NA	NA	NA	intestinal	NA	NA	NA	NA	NA	NA	NA	NA	NA	NA	NA	NA	NA	1	NA	NA	NA	Male	NA	NA	Matched	NA	NA	NA	NA	NA	NA	NA	NA	NA	NA	NA	NA	1.5	NA	NA	NA	80	moderate	NA	body	NA	NA	T3	IIIA	NA	NA	NA	NA	NA	NA	NA	NA	NA	NA	NA	NA	NA	NA	NA	NA	NA	NA	NA	NA	NA	NA	NA	NA	NA	NA	NA	NA	NA	NA	NA	NA	NA	NA	NA	NA	NA	NA	NA	NA	NA	NA	NA	NA	NA	NA	NA	NA	NA	NA	NA	NA	NA	NA	NA	NA	NA	NA	NA	NA	NA	NA	NA	NA	NA	NA	NA	NA	NA
stad_pfizer_uhongkong	pfg053T	pfg053T	80	NA	NA	NA	NA	NA	NA	NA	NA	Esophagogastric Cancer	Stomach Adenocarcinoma	NA	NA	NA	NA	NA	NA	NA	NA	NA	NA	NA	NA	NA	NA	0	NA	NA	NA	NA	NA	NA	NA	NA	NA	NA	0	NA	NA	NA	NA	NA	NA	NA	NA	NA	NA	NA	NA	NA	NA	microsatellite stable or low-level microsatellite instability	343	0	0	NA	NA	NA	0	NA	STAD	NA	NA	NA	NA	NA	intestinal	NA	NA	NA	NA	NA	NA	NA	NA	NA	NA	NA	NA	NA	1	NA	NA	NA	Male	NA	NA	Matched	NA	NA	NA	NA	NA	NA	NA	NA	NA	NA	NA	NA	11.7333333333	NA	NA	NA	90	poor	NA	cardia	NA	NA	T2b	IB	NA	NA	NA	NA	NA	NA	NA	NA	NA	NA	NA	NA	NA	NA	NA	NA	NA	NA	NA	NA	NA	NA	NA	NA	NA	NA	NA	NA	NA	NA	NA	NA	NA	NA	NA	NA	NA	NA	NA	NA	NA	NA	NA	NA	NA	NA	NA	NA	NA	NA	NA	NA	NA	NA	NA	NA	NA	NA	NA	NA	NA	NA	NA	NA	NA	NA	NA	NA	NA
stad_pfizer_uhongkong	pfg054T	pfg054T	72	NA	NA	NA	NA	NA	NA	NA	NA	Esophagogastric Cancer	Stomach Adenocarcinoma	NA	NA	NA	NA	NA	NA	NA	NA	NA	NA	NA	NA	NA	NA	0	NA	NA	NA	NA	NA	NA	NA	NA	NA	NA	1	NA	NA	NA	NA	NA	NA	NA	NA	NA	NA	NA	NA	NA	NA	microsatellite stable or low-level microsatellite instability	152	0	0	NA	NA	NA	2	NA	STAD	NA	NA	NA	NA	NA	intestinal	NA	NA	NA	NA	NA	NA	NA	NA	NA	NA	NA	NA	NA	1	NA	NA	NA	Male	NA	NA	Matched	NA	NA	NA	NA	NA	NA	NA	NA	NA	NA	NA	NA	5.2	NA	NA	NA	90	moderate	NA	antrum	NA	NA	T4	IV	NA	NA	NA	NA	NA	NA	NA	NA	NA	NA	NA	NA	NA	NA	NA	NA	NA	NA	NA	NA	NA	NA	NA	NA	NA	NA	NA	NA	NA	NA	NA	NA	NA	NA	NA	NA	NA	NA	NA	NA	NA	NA	NA	NA	NA	NA	NA	NA	NA	NA	NA	NA	NA	NA	NA	NA	NA	NA	NA	NA	NA	NA	NA	NA	NA	NA	NA	NA	NA
stad_pfizer_uhongkong	pfg057T	pfg057T	41	NA	NA	NA	NA	NA	NA	NA	NA	Esophagogastric Cancer	Stomach Adenocarcinoma	NA	NA	NA	NA	NA	NA	NA	NA	NA	NA	NA	NA	NA	NA	0	NA	NA	NA	NA	NA	NA	NA	NA	NA	NA	0	NA	NA	NA	NA	NA	NA	NA	NA	NA	NA	NA	NA	NA	NA	high-level microsatellite instabiliy	428	1	0	NA	NA	NA	2	NA	STAD	NA	NA	NA	NA	NA	intestinal	NA	NA	NA	NA	NA	NA	NA	NA	NA	NA	NA	NA	NA	1	NA	NA	NA	Female	NA	NA	Matched	NA	NA	NA	NA	NA	NA	NA	NA	NA	NA	NA	NA	14.3333333333	NA	NA	NA	90	poor	NA	cardia	NA	NA	T2b	IV	NA	NA	NA	NA	NA	NA	NA	NA	NA	NA	NA	NA	NA	NA	NA	NA	NA	NA	NA	NA	NA	NA	NA	NA	NA	NA	NA	NA	NA	NA	NA	NA	NA	NA	NA	NA	NA	NA	NA	NA	NA	NA	NA	NA	NA	NA	NA	NA	NA	NA	NA	NA	NA	NA	NA	NA	NA	NA	NA	NA	NA	NA	NA	NA	NA	NA	NA	NA	NA
stad_pfizer_uhongkong	pfg058T	pfg058T	59	NA	NA	NA	NA	NA	NA	NA	NA	Esophagogastric Cancer	Stomach Adenocarcinoma	NA	NA	NA	NA	NA	NA	NA	NA	NA	NA	NA	NA	NA	NA	0	NA	NA	NA	NA	NA	NA	NA	NA	NA	NA	1	NA	NA	NA	NA	NA	NA	NA	NA	NA	NA	NA	NA	NA	NA	microsatellite stable or low-level microsatellite instability	65	0	0	NA	NA	NA	2	NA	STAD	NA	NA	NA	NA	NA	intestinal	NA	NA	NA	NA	NA	NA	NA	NA	NA	NA	NA	NA	NA	1	NA	NA	NA	Male	NA	NA	Matched	NA	NA	NA	NA	NA	NA	NA	NA	NA	NA	NA	NA	2.26666666667	NA	NA	NA	80	moderate	NA	antrum	NA	NA	T3	IIIB	NA	NA	NA	NA	NA	NA	NA	NA	NA	NA	NA	NA	NA	NA	NA	NA	NA	NA	NA	NA	NA	NA	NA	NA	NA	NA	NA	NA	NA	NA	NA	NA	NA	NA	NA	NA	NA	NA	NA	NA	NA	NA	NA	NA	NA	NA	NA	NA	NA	NA	NA	NA	NA	NA	NA	NA	NA	NA	NA	NA	NA	NA	NA	NA	NA	NA	NA	NA	NA
stad_pfizer_uhongkong	pfg059T	pfg059T	67	NA	NA	NA	NA	NA	NA	NA	NA	Esophagogastric Cancer	Stomach Adenocarcinoma	NA	NA	NA	NA	NA	NA	NA	NA	NA	NA	NA	NA	NA	NA	0	NA	NA	NA	NA	NA	NA	NA	NA	NA	NA	0	NA	NA	NA	NA	NA	NA	NA	NA	NA	NA	NA	NA	NA	NA	microsatellite stable or low-level microsatellite instability	171	0	0	NA	NA	NA	2	NA	STAD	NA	NA	NA	NA	NA	diffuse	NA	NA	NA	NA	NA	NA	NA	NA	NA	NA	NA	NA	NA	1	NA	NA	NA	Male	NA	NA	Matched	NA	NA	NA	NA	NA	NA	NA	NA	NA	NA	NA	NA	5.73333333333	NA	NA	NA	70	poor	NA	antrum	NA	NA	T4	IV	NA	NA	NA	NA	NA	NA	NA	NA	NA	NA	NA	NA	NA	NA	NA	NA	NA	NA	NA	NA	NA	NA	NA	NA	NA	NA	NA	NA	NA	NA	NA	NA	NA	NA	NA	NA	NA	NA	NA	NA	NA	NA	NA	NA	NA	NA	NA	NA	NA	NA	NA	NA	NA	NA	NA	NA	NA	NA	NA	NA	NA	NA	NA	NA	NA	NA	NA	NA	NA
stad_pfizer_uhongkong	pfg060T	pfg060T	83	NA	NA	NA	NA	NA	NA	NA	NA	Esophagogastric Cancer	Stomach Adenocarcinoma	NA	NA	NA	NA	NA	NA	NA	NA	NA	NA	NA	NA	NA	NA	0	NA	NA	NA	NA	NA	NA	NA	NA	NA	NA	1	NA	NA	NA	NA	NA	NA	NA	NA	NA	NA	NA	NA	NA	NA	microsatellite stable or low-level microsatellite instability	115	0	0	NA	NA	NA	2	NA	STAD	NA	NA	NA	NA	NA	intestinal	NA	NA	NA	NA	NA	NA	NA	NA	NA	NA	NA	NA	NA	1	NA	NA	NA	Female	NA	NA	Matched	NA	NA	NA	NA	NA	NA	NA	NA	NA	NA	NA	NA	3.9	NA	NA	NA	90	moderate	NA	cardia	NA	NA	T2b	IIIA	NA	NA	NA	NA	NA	NA	NA	NA	NA	NA	NA	NA	NA	NA	NA	NA	NA	NA	NA	NA	NA	NA	NA	NA	NA	NA	NA	NA	NA	NA	NA	NA	NA	NA	NA	NA	NA	NA	NA	NA	NA	NA	NA	NA	NA	NA	NA	NA	NA	NA	NA	NA	NA	NA	NA	NA	NA	NA	NA	NA	NA	NA	NA	NA	NA	NA	NA	NA	NA
stad_pfizer_uhongkong	pfg062T	pfg062T	75	NA	NA	NA	NA	NA	NA	NA	NA	Esophagogastric Cancer	Stomach Adenocarcinoma	NA	NA	NA	NA	NA	NA	NA	NA	NA	NA	NA	NA	NA	NA	1	NA	NA	NA	NA	NA	NA	NA	NA	NA	NA	1	NA	NA	NA	NA	NA	NA	NA	NA	NA	NA	NA	NA	NA	NA	microsatellite stable or low-level microsatellite instability	169	0	0	NA	NA	NA	2	NA	STAD	NA	NA	NA	NA	NA	intestinal	NA	NA	NA	NA	NA	NA	NA	NA	NA	NA	NA	NA	NA	1	NA	NA	NA	Female	NA	NA	Matched	NA	NA	NA	NA	NA	NA	NA	NA	NA	NA	NA	NA	5.73333333333	NA	NA	NA	90	poor	NA	body	NA	NA	T4	IV	NA	NA	NA	NA	NA	NA	NA	NA	NA	NA	NA	NA	NA	NA	NA	NA	NA	NA	NA	NA	NA	NA	NA	NA	NA	NA	NA	NA	NA	NA	NA	NA	NA	NA	NA	NA	NA	NA	NA	NA	NA	NA	NA	NA	NA	NA	NA	NA	NA	NA	NA	NA	NA	NA	NA	NA	NA	NA	NA	NA	NA	NA	NA	NA	NA	NA	NA	NA	NA
stad_pfizer_uhongkong	pfg064T	pfg064T	84	NA	NA	NA	NA	NA	NA	NA	NA	Esophagogastric Cancer	Stomach Adenocarcinoma	NA	NA	NA	NA	NA	NA	NA	NA	NA	NA	NA	NA	NA	NA	0	NA	NA	NA	NA	NA	NA	NA	NA	NA	NA	0	NA	NA	NA	NA	NA	NA	NA	NA	NA	NA	NA	NA	NA	NA	microsatellite stable or low-level microsatellite instability	76	0	0	NA	NA	NA	3	NA	STAD	NA	NA	NA	NA	NA	diffuse	NA	NA	NA	NA	NA	NA	NA	NA	NA	NA	NA	NA	NA	1	NA	NA	NA	Female	NA	NA	Matched	NA	NA	NA	NA	NA	NA	NA	NA	NA	NA	NA	NA	2.53333333333	NA	NA	NA	70	poor	NA	body	NA	NA	T3	IV	NA	NA	NA	NA	NA	NA	NA	NA	NA	NA	NA	NA	NA	NA	NA	NA	NA	NA	NA	NA	NA	NA	NA	NA	NA	NA	NA	NA	NA	NA	NA	NA	NA	NA	NA	NA	NA	NA	NA	NA	NA	NA	NA	NA	NA	NA	NA	NA	NA	NA	NA	NA	NA	NA	NA	NA	NA	NA	NA	NA	NA	NA	NA	NA	NA	NA	NA	NA	NA
stad_pfizer_uhongkong	pfg065T	pfg065T	84	NA	NA	NA	NA	NA	NA	NA	NA	Esophagogastric Cancer	Stomach Adenocarcinoma	NA	NA	NA	NA	NA	NA	NA	NA	NA	NA	NA	NA	NA	NA	0	NA	NA	NA	NA	NA	NA	NA	NA	NA	NA	1	NA	NA	NA	NA	NA	NA	NA	NA	NA	NA	NA	NA	NA	NA	microsatellite stable or low-level microsatellite instability	140	0	0	NA	NA	NA	1	NA	STAD	NA	NA	NA	NA	NA	intestinal	NA	NA	NA	NA	NA	NA	NA	NA	NA	NA	NA	NA	NA	1	NA	NA	NA	Male	NA	NA	Matched	NA	NA	NA	NA	NA	NA	NA	NA	NA	NA	NA	NA	4.8	NA	NA	NA	60	moderate	NA	cardia	NA	NA	T3	IIIA	NA	NA	NA	NA	NA	NA	NA	NA	NA	NA	NA	NA	NA	NA	NA	NA	NA	NA	NA	NA	NA	NA	NA	NA	NA	NA	NA	NA	NA	NA	NA	NA	NA	NA	NA	NA	NA	NA	NA	NA	NA	NA	NA	NA	NA	NA	NA	NA	NA	NA	NA	NA	NA	NA	NA	NA	NA	NA	NA	NA	NA	NA	NA	NA	NA	NA	NA	NA	NA
stad_pfizer_uhongkong	pfg068T	pfg068T	74	NA	NA	NA	NA	NA	NA	NA	NA	Esophagogastric Cancer	Stomach Adenocarcinoma	NA	NA	NA	NA	NA	NA	NA	NA	NA	NA	NA	NA	NA	NA	0	NA	NA	NA	NA	NA	NA	NA	NA	NA	NA	0	NA	NA	NA	NA	NA	NA	NA	NA	NA	NA	NA	NA	NA	NA	high-level microsatellite instabiliy	1320	0	1	NA	NA	NA	2	NA	STAD	NA	NA	NA	NA	NA	intestinal	NA	NA	NA	NA	NA	NA	NA	NA	NA	NA	NA	NA	NA	1	NA	NA	NA	Female	NA	NA	Matched	NA	NA	NA	NA	NA	NA	NA	NA	NA	NA	NA	NA	44.4666666667	NA	NA	NA	95	poor	NA	antrum	NA	NA	T2b	IIIA	NA	NA	NA	NA	NA	NA	NA	NA	NA	NA	NA	NA	NA	NA	NA	NA	NA	NA	NA	NA	NA	NA	NA	NA	NA	NA	NA	NA	NA	NA	NA	NA	NA	NA	NA	NA	NA	NA	NA	NA	NA	NA	NA	NA	NA	NA	NA	NA	NA	NA	NA	NA	NA	NA	NA	NA	NA	NA	NA	NA	NA	NA	NA	NA	NA	NA	NA	NA	NA
stad_pfizer_uhongkong	pfg069T	pfg069T	72	NA	NA	NA	NA	NA	NA	NA	NA	Esophagogastric Cancer	Stomach Adenocarcinoma	NA	NA	NA	NA	NA	NA	NA	NA	NA	NA	NA	NA	NA	NA	0	NA	NA	NA	NA	NA	NA	NA	NA	NA	NA	0	NA	NA	NA	NA	NA	NA	NA	NA	NA	NA	NA	NA	NA	NA	microsatellite stable or low-level microsatellite instability	111	0	0	NA	NA	NA	1	NA	STAD	NA	NA	NA	NA	NA	intestinal	NA	NA	NA	NA	NA	NA	NA	NA	NA	NA	NA	NA	NA	1	NA	NA	NA	Female	NA	NA	Matched	NA	NA	NA	NA	NA	NA	NA	NA	NA	NA	NA	NA	3.83333333333	NA	NA	NA	80	poor	NA	cardia	NA	NA	T3	IIIA	NA	NA	NA	NA	NA	NA	NA	NA	NA	NA	NA	NA	NA	NA	NA	NA	NA	NA	NA	NA	NA	NA	NA	NA	NA	NA	NA	NA	NA	NA	NA	NA	NA	NA	NA	NA	NA	NA	NA	NA	NA	NA	NA	NA	NA	NA	NA	NA	NA	NA	NA	NA	NA	NA	NA	NA	NA	NA	NA	NA	NA	NA	NA	NA	NA	NA	NA	NA	NA
stad_pfizer_uhongkong	pfg072T	pfg072T	78	NA	NA	NA	NA	NA	NA	NA	NA	Esophagogastric Cancer	Stomach Adenocarcinoma	NA	NA	NA	NA	NA	NA	NA	NA	NA	NA	NA	NA	NA	NA	0	NA	NA	NA	NA	NA	NA	NA	NA	NA	NA	1	NA	NA	NA	NA	NA	NA	NA	NA	NA	NA	NA	NA	NA	NA	microsatellite stable or low-level microsatellite instability	88	1	0	NA	NA	NA	2	NA	STAD	NA	NA	NA	NA	NA	intestinal	NA	NA	NA	NA	NA	NA	NA	NA	NA	NA	NA	NA	NA	1	NA	NA	NA	Male	NA	NA	Matched	NA	NA	NA	NA	NA	NA	NA	NA	NA	NA	NA	NA	2.9	NA	NA	NA	90	moderate	NA	antrum	NA	NA	T3	IV	NA	NA	NA	NA	NA	NA	NA	NA	NA	NA	NA	NA	NA	NA	NA	NA	NA	NA	NA	NA	NA	NA	NA	NA	NA	NA	NA	NA	NA	NA	NA	NA	NA	NA	NA	NA	NA	NA	NA	NA	NA	NA	NA	NA	NA	NA	NA	NA	NA	NA	NA	NA	NA	NA	NA	NA	NA	NA	NA	NA	NA	NA	NA	NA	NA	NA	NA	NA	NA
stad_pfizer_uhongkong	pfg073T	pfg073T	63	NA	NA	NA	NA	NA	NA	NA	NA	Esophagogastric Cancer	Stomach Adenocarcinoma	NA	NA	NA	NA	NA	NA	NA	NA	NA	NA	NA	NA	NA	NA	0	NA	NA	NA	NA	NA	NA	NA	NA	NA	NA	0	NA	NA	NA	NA	NA	NA	NA	NA	NA	NA	NA	NA	NA	NA	microsatellite stable or low-level microsatellite instability	71	0	0	NA	NA	NA	2	NA	STAD	NA	NA	NA	NA	NA	diffuse	NA	NA	NA	NA	NA	NA	NA	NA	NA	NA	NA	NA	NA	1	NA	NA	NA	Female	NA	NA	Matched	NA	NA	NA	NA	NA	NA	NA	NA	NA	NA	NA	NA	2.5	NA	NA	NA	60	poor	NA	antrum	NA	NA	T2b	IIIA	NA	NA	NA	NA	NA	NA	NA	NA	NA	NA	NA	NA	NA	NA	NA	NA	NA	NA	NA	NA	NA	NA	NA	NA	NA	NA	NA	NA	NA	NA	NA	NA	NA	NA	NA	NA	NA	NA	NA	NA	NA	NA	NA	NA	NA	NA	NA	NA	NA	NA	NA	NA	NA	NA	NA	NA	NA	NA	NA	NA	NA	NA	NA	NA	NA	NA	NA	NA	NA
stad_pfizer_uhongkong	pfg076T	pfg076T	88	NA	NA	NA	NA	NA	NA	NA	NA	Esophagogastric Cancer	Stomach Adenocarcinoma	NA	NA	NA	NA	NA	NA	NA	NA	NA	NA	NA	NA	NA	NA	0	NA	NA	NA	NA	NA	NA	NA	NA	NA	NA	1	NA	NA	NA	NA	NA	NA	NA	NA	NA	NA	NA	NA	NA	NA	microsatellite stable or low-level microsatellite instability	162	0	0	NA	NA	NA	0	NA	STAD	NA	NA	NA	NA	NA	intestinal	NA	NA	NA	NA	NA	NA	NA	NA	NA	NA	NA	NA	NA	1	NA	NA	NA	Female	NA	NA	Matched	NA	NA	NA	NA	NA	NA	NA	NA	NA	NA	NA	NA	5.43333333333	NA	NA	NA	80	moderate	NA	antrum	NA	NA	T3	II	NA	NA	NA	NA	NA	NA	NA	NA	NA	NA	NA	NA	NA	NA	NA	NA	NA	NA	NA	NA	NA	NA	NA	NA	NA	NA	NA	NA	NA	NA	NA	NA	NA	NA	NA	NA	NA	NA	NA	NA	NA	NA	NA	NA	NA	NA	NA	NA	NA	NA	NA	NA	NA	NA	NA	NA	NA	NA	NA	NA	NA	NA	NA	NA	NA	NA	NA	NA	NA
stad_pfizer_uhongkong	pfg081T	pfg081T	72	NA	NA	NA	NA	NA	NA	NA	NA	Esophagogastric Cancer	Stomach Adenocarcinoma	NA	NA	NA	NA	NA	NA	NA	NA	NA	NA	NA	NA	NA	NA	0	NA	NA	NA	NA	NA	NA	NA	NA	NA	NA	1	NA	NA	NA	NA	NA	NA	NA	NA	NA	NA	NA	NA	NA	NA	microsatellite stable or low-level microsatellite instability	93	0	0	NA	NA	NA	3	NA	STAD	NA	NA	NA	NA	NA	intestinal	NA	NA	NA	NA	NA	NA	NA	NA	NA	NA	NA	NA	NA	1	NA	NA	NA	Male	NA	NA	Matched	NA	NA	NA	NA	NA	NA	NA	NA	NA	NA	NA	NA	3.1	NA	NA	NA	95	poor	NA	antrum	NA	NA	T4	IV	NA	NA	NA	NA	NA	NA	NA	NA	NA	NA	NA	NA	NA	NA	NA	NA	NA	NA	NA	NA	NA	NA	NA	NA	NA	NA	NA	NA	NA	NA	NA	NA	NA	NA	NA	NA	NA	NA	NA	NA	NA	NA	NA	NA	NA	NA	NA	NA	NA	NA	NA	NA	NA	NA	NA	NA	NA	NA	NA	NA	NA	NA	NA	NA	NA	NA	NA	NA	NA
stad_pfizer_uhongkong	pfg082T	pfg082T	72	NA	NA	NA	NA	NA	NA	NA	NA	Esophagogastric Cancer	Stomach Adenocarcinoma	NA	NA	NA	NA	NA	NA	NA	NA	NA	NA	NA	NA	NA	NA	0	NA	NA	NA	NA	NA	NA	NA	NA	NA	NA	0	NA	NA	NA	NA	NA	NA	NA	NA	NA	NA	NA	NA	NA	NA	microsatellite stable or low-level microsatellite instability	50	1	1	NA	NA	NA	2	NA	STAD	NA	NA	NA	NA	NA	intestinal	NA	NA	NA	NA	NA	NA	NA	NA	NA	NA	NA	NA	NA	1	NA	NA	NA	Male	NA	NA	Matched	NA	NA	NA	NA	NA	NA	NA	NA	NA	NA	NA	NA	1.7	NA	NA	NA	90	poor	NA	cardia	NA	NA	T3	IV	NA	NA	NA	NA	NA	NA	NA	NA	NA	NA	NA	NA	NA	NA	NA	NA	NA	NA	NA	NA	NA	NA	NA	NA	NA	NA	NA	NA	NA	NA	NA	NA	NA	NA	NA	NA	NA	NA	NA	NA	NA	NA	NA	NA	NA	NA	NA	NA	NA	NA	NA	NA	NA	NA	NA	NA	NA	NA	NA	NA	NA	NA	NA	NA	NA	NA	NA	NA	NA
stad_pfizer_uhongkong	pfg088T	pfg088T	56	NA	NA	NA	NA	NA	NA	NA	NA	Esophagogastric Cancer	Stomach Adenocarcinoma	NA	NA	NA	NA	NA	NA	NA	NA	NA	NA	NA	NA	NA	NA	1	NA	NA	NA	NA	NA	NA	NA	NA	NA	NA	1	NA	NA	NA	NA	NA	NA	NA	NA	NA	NA	NA	NA	NA	NA	microsatellite stable or low-level microsatellite instability	113	0	0	NA	NA	NA	2	NA	STAD	NA	NA	NA	NA	NA	intestinal	NA	NA	NA	NA	NA	NA	NA	NA	NA	NA	NA	NA	NA	1	NA	NA	NA	Male	NA	NA	Matched	NA	NA	NA	NA	NA	NA	NA	NA	NA	NA	NA	NA	3.76666666667	NA	NA	NA	85	poor	NA	cardia	NA	NA	T4	IV	NA	NA	NA	NA	NA	NA	NA	NA	NA	NA	NA	NA	NA	NA	NA	NA	NA	NA	NA	NA	NA	NA	NA	NA	NA	NA	NA	NA	NA	NA	NA	NA	NA	NA	NA	NA	NA	NA	NA	NA	NA	NA	NA	NA	NA	NA	NA	NA	NA	NA	NA	NA	NA	NA	NA	NA	NA	NA	NA	NA	NA	NA	NA	NA	NA	NA	NA	NA	NA
stad_pfizer_uhongkong	pfg089T	pfg089T	66	NA	NA	NA	NA	NA	NA	NA	NA	Esophagogastric Cancer	Stomach Adenocarcinoma	NA	NA	NA	NA	NA	NA	NA	NA	NA	NA	NA	NA	NA	NA	0	NA	NA	NA	NA	NA	NA	NA	NA	NA	NA	1	NA	NA	NA	NA	NA	NA	NA	NA	NA	NA	NA	NA	NA	NA	microsatellite stable or low-level microsatellite instability	75	1	0	NA	NA	NA	2	NA	STAD	NA	NA	NA	NA	NA	mixed	NA	NA	NA	NA	NA	NA	NA	NA	NA	NA	NA	NA	NA	1	NA	NA	NA	Male	NA	NA	Matched	NA	NA	NA	NA	NA	NA	NA	NA	NA	NA	NA	NA	2.56666666667	NA	NA	NA	60	poor	NA	body	NA	NA	T3	IV	NA	NA	NA	NA	NA	NA	NA	NA	NA	NA	NA	NA	NA	NA	NA	NA	NA	NA	NA	NA	NA	NA	NA	NA	NA	NA	NA	NA	NA	NA	NA	NA	NA	NA	NA	NA	NA	NA	NA	NA	NA	NA	NA	NA	NA	NA	NA	NA	NA	NA	NA	NA	NA	NA	NA	NA	NA	NA	NA	NA	NA	NA	NA	NA	NA	NA	NA	NA	NA
stad_pfizer_uhongkong	pfg092T	pfg092T	72	NA	NA	NA	NA	NA	NA	NA	NA	Esophagogastric Cancer	Stomach Adenocarcinoma	NA	NA	NA	NA	NA	NA	NA	NA	NA	NA	NA	NA	NA	NA	0	NA	NA	NA	NA	NA	NA	NA	NA	NA	NA	0	NA	NA	NA	NA	NA	NA	NA	NA	NA	NA	NA	NA	NA	NA	microsatellite stable or low-level microsatellite instability	132	0	0	NA	NA	NA	0	NA	STAD	NA	NA	NA	NA	NA	intestinal	NA	NA	NA	NA	NA	NA	NA	NA	NA	NA	NA	NA	NA	1	NA	NA	NA	Male	NA	NA	Matched	NA	NA	NA	NA	NA	NA	NA	NA	NA	NA	NA	NA	4.46666666667	NA	NA	NA	95	moderate	NA	cardia	NA	NA	T1	IA	NA	NA	NA	NA	NA	NA	NA	NA	NA	NA	NA	NA	NA	NA	NA	NA	NA	NA	NA	NA	NA	NA	NA	NA	NA	NA	NA	NA	NA	NA	NA	NA	NA	NA	NA	NA	NA	NA	NA	NA	NA	NA	NA	NA	NA	NA	NA	NA	NA	NA	NA	NA	NA	NA	NA	NA	NA	NA	NA	NA	NA	NA	NA	NA	NA	NA	NA	NA	NA
stad_pfizer_uhongkong	pfg094T	pfg094T	52	NA	NA	NA	NA	NA	NA	NA	NA	Esophagogastric Cancer	Stomach Adenocarcinoma	NA	NA	NA	NA	NA	NA	NA	NA	NA	NA	NA	NA	NA	NA	0	NA	NA	NA	NA	NA	NA	NA	NA	NA	NA	0	NA	NA	NA	NA	NA	NA	NA	NA	NA	NA	NA	NA	NA	NA	microsatellite stable or low-level microsatellite instability	42	0	0	NA	NA	NA	2	NA	STAD	NA	NA	NA	NA	NA	diffuse	NA	NA	NA	NA	NA	NA	NA	NA	NA	NA	NA	NA	NA	1	NA	NA	NA	Female	NA	NA	Matched	NA	NA	NA	NA	NA	NA	NA	NA	NA	NA	NA	NA	1.4	NA	NA	NA	65	poor	NA	diffuse/site unknown	NA	NA	T3	IIIB	NA	NA	NA	NA	NA	NA	NA	NA	NA	NA	NA	NA	NA	NA	NA	NA	NA	NA	NA	NA	NA	NA	NA	NA	NA	NA	NA	NA	NA	NA	NA	NA	NA	NA	NA	NA	NA	NA	NA	NA	NA	NA	NA	NA	NA	NA	NA	NA	NA	NA	NA	NA	NA	NA	NA	NA	NA	NA	NA	NA	NA	NA	NA	NA	NA	NA	NA	NA	NA
stad_pfizer_uhongkong	pfg097T	pfg097T	74	NA	NA	NA	NA	NA	NA	NA	NA	Esophagogastric Cancer	Stomach Adenocarcinoma	NA	NA	NA	NA	NA	NA	NA	NA	NA	NA	NA	NA	NA	NA	0	NA	NA	NA	NA	NA	NA	NA	NA	NA	NA	0	NA	NA	NA	NA	NA	NA	NA	NA	NA	NA	NA	NA	NA	NA	microsatellite stable or low-level microsatellite instability	55	0	0	NA	NA	NA	3	NA	STAD	NA	NA	NA	NA	NA	diffuse	NA	NA	NA	NA	NA	NA	NA	NA	NA	NA	NA	NA	NA	1	NA	NA	NA	Female	NA	NA	Matched	NA	NA	NA	NA	NA	NA	NA	NA	NA	NA	NA	NA	1.83333333333	NA	NA	NA	50	poor	NA	body	NA	NA	T4	IV	NA	NA	NA	NA	NA	NA	NA	NA	NA	NA	NA	NA	NA	NA	NA	NA	NA	NA	NA	NA	NA	NA	NA	NA	NA	NA	NA	NA	NA	NA	NA	NA	NA	NA	NA	NA	NA	NA	NA	NA	NA	NA	NA	NA	NA	NA	NA	NA	NA	NA	NA	NA	NA	NA	NA	NA	NA	NA	NA	NA	NA	NA	NA	NA	NA	NA	NA	NA	NA
stad_pfizer_uhongkong	pfg099T	pfg099T	62	NA	NA	NA	NA	NA	NA	NA	NA	Esophagogastric Cancer	Stomach Adenocarcinoma	NA	NA	NA	NA	NA	NA	NA	NA	NA	NA	NA	NA	NA	NA	0	NA	NA	NA	NA	NA	NA	NA	NA	NA	NA	1	NA	NA	NA	NA	NA	NA	NA	NA	NA	NA	NA	NA	NA	NA	microsatellite stable or low-level microsatellite instability	116	1	0	NA	NA	NA	3	NA	STAD	NA	NA	NA	NA	NA	intestinal	NA	NA	NA	NA	NA	NA	NA	NA	NA	NA	NA	NA	NA	1	NA	NA	NA	Male	NA	NA	Matched	NA	NA	NA	NA	NA	NA	NA	NA	NA	NA	NA	NA	3.93333333333	NA	NA	NA	98	poor	NA	antrum	NA	NA	T3	IV	NA	NA	NA	NA	NA	NA	NA	NA	NA	NA	NA	NA	NA	NA	NA	NA	NA	NA	NA	NA	NA	NA	NA	NA	NA	NA	NA	NA	NA	NA	NA	NA	NA	NA	NA	NA	NA	NA	NA	NA	NA	NA	NA	NA	NA	NA	NA	NA	NA	NA	NA	NA	NA	NA	NA	NA	NA	NA	NA	NA	NA	NA	NA	NA	NA	NA	NA	NA	NA
stad_pfizer_uhongkong	pfg100T	pfg100T	82	NA	NA	NA	NA	NA	NA	NA	NA	Esophagogastric Cancer	Stomach Adenocarcinoma	NA	NA	NA	NA	NA	NA	NA	NA	NA	NA	NA	NA	NA	NA	0	NA	NA	NA	NA	NA	NA	NA	NA	NA	NA	0	NA	NA	NA	NA	NA	NA	NA	NA	NA	NA	NA	NA	NA	NA	microsatellite stable or low-level microsatellite instability	56	1	0	NA	NA	NA	1	NA	STAD	NA	NA	NA	NA	NA	intestinal	NA	NA	NA	NA	NA	NA	NA	NA	NA	NA	NA	NA	NA	1	NA	NA	NA	Male	NA	NA	Matched	NA	NA	NA	NA	NA	NA	NA	NA	NA	NA	NA	NA	1.86666666667	NA	NA	NA	80	poor	NA	cardia	NA	NA	T3	IV	NA	NA	NA	NA	NA	NA	NA	NA	NA	NA	NA	NA	NA	NA	NA	NA	NA	NA	NA	NA	NA	NA	NA	NA	NA	NA	NA	NA	NA	NA	NA	NA	NA	NA	NA	NA	NA	NA	NA	NA	NA	NA	NA	NA	NA	NA	NA	NA	NA	NA	NA	NA	NA	NA	NA	NA	NA	NA	NA	NA	NA	NA	NA	NA	NA	NA	NA	NA	NA
stad_pfizer_uhongkong	pfg102T	pfg102T	76	NA	NA	NA	NA	NA	NA	NA	NA	Esophagogastric Cancer	Stomach Adenocarcinoma	NA	NA	NA	NA	NA	NA	NA	NA	NA	NA	NA	NA	NA	NA	0	NA	NA	NA	NA	NA	NA	NA	NA	NA	NA	0	NA	NA	NA	NA	NA	NA	NA	NA	NA	NA	NA	NA	NA	NA	microsatellite stable or low-level microsatellite instability	35	1	0	NA	NA	NA	2	NA	STAD	NA	NA	NA	NA	NA	intestinal	NA	NA	NA	NA	NA	NA	NA	NA	NA	NA	NA	NA	NA	1	NA	NA	NA	Male	NA	NA	Matched	NA	NA	NA	NA	NA	NA	NA	NA	NA	NA	NA	NA	1.2	NA	NA	NA	70	moderate	NA	antrum	NA	NA	T4	IV	NA	NA	NA	NA	NA	NA	NA	NA	NA	NA	NA	NA	NA	NA	NA	NA	NA	NA	NA	NA	NA	NA	NA	NA	NA	NA	NA	NA	NA	NA	NA	NA	NA	NA	NA	NA	NA	NA	NA	NA	NA	NA	NA	NA	NA	NA	NA	NA	NA	NA	NA	NA	NA	NA	NA	NA	NA	NA	NA	NA	NA	NA	NA	NA	NA	NA	NA	NA	NA
stad_pfizer_uhongkong	pfg103T	pfg103T	45	NA	NA	NA	NA	NA	NA	NA	NA	Esophagogastric Cancer	Stomach Adenocarcinoma	NA	NA	NA	NA	NA	NA	NA	NA	NA	NA	NA	NA	NA	NA	0	NA	NA	NA	NA	NA	NA	NA	NA	NA	NA	1	NA	NA	NA	NA	NA	NA	NA	NA	NA	NA	NA	NA	NA	NA	high-level microsatellite instabiliy	229	0	0	NA	NA	NA	2	NA	STAD	NA	NA	NA	NA	NA	intestinal	NA	NA	NA	NA	NA	NA	NA	NA	NA	NA	NA	NA	NA	1	NA	NA	NA	Female	NA	NA	Matched	NA	NA	NA	NA	NA	NA	NA	NA	NA	NA	NA	NA	7.9	NA	NA	NA	80	poor	NA	body	NA	NA	T4	IV	NA	NA	NA	NA	NA	NA	NA	NA	NA	NA	NA	NA	NA	NA	NA	NA	NA	NA	NA	NA	NA	NA	NA	NA	NA	NA	NA	NA	NA	NA	NA	NA	NA	NA	NA	NA	NA	NA	NA	NA	NA	NA	NA	NA	NA	NA	NA	NA	NA	NA	NA	NA	NA	NA	NA	NA	NA	NA	NA	NA	NA	NA	NA	NA	NA	NA	NA	NA	NA
stad_pfizer_uhongkong	pfg104T	pfg104T	47	NA	NA	NA	NA	NA	NA	NA	NA	Esophagogastric Cancer	Stomach Adenocarcinoma	NA	NA	NA	NA	NA	NA	NA	NA	NA	NA	NA	NA	NA	NA	1	NA	NA	NA	NA	NA	NA	NA	NA	NA	NA	0	NA	NA	NA	NA	NA	NA	NA	NA	NA	NA	NA	NA	NA	NA	microsatellite stable or low-level microsatellite instability	53	0	1	NA	NA	NA	1	NA	STAD	NA	NA	NA	NA	NA	intestinal	NA	NA	NA	NA	NA	NA	NA	NA	NA	NA	NA	NA	NA	1	NA	NA	NA	Male	NA	NA	Matched	NA	NA	NA	NA	NA	NA	NA	NA	NA	NA	NA	NA	1.76666666667	NA	NA	NA	90	poor	NA	cardia	NA	NA	T4	IV	NA	NA	NA	NA	NA	NA	NA	NA	NA	NA	NA	NA	NA	NA	NA	NA	NA	NA	NA	NA	NA	NA	NA	NA	NA	NA	NA	NA	NA	NA	NA	NA	NA	NA	NA	NA	NA	NA	NA	NA	NA	NA	NA	NA	NA	NA	NA	NA	NA	NA	NA	NA	NA	NA	NA	NA	NA	NA	NA	NA	NA	NA	NA	NA	NA	NA	NA	NA	NA
stad_pfizer_uhongkong	pfg105T	pfg105T	73	NA	NA	NA	NA	NA	NA	NA	NA	Esophagogastric Cancer	Stomach Adenocarcinoma	NA	NA	NA	NA	NA	NA	NA	NA	NA	NA	NA	NA	NA	NA	0	NA	NA	NA	NA	NA	NA	NA	NA	NA	NA	1	NA	NA	NA	NA	NA	NA	NA	NA	NA	NA	NA	NA	NA	NA	microsatellite stable or low-level microsatellite instability	74	0	0	NA	NA	NA	0	NA	STAD	NA	NA	NA	NA	NA	intestinal	NA	NA	NA	NA	NA	NA	NA	NA	NA	NA	NA	NA	NA	1	NA	NA	NA	Male	NA	NA	Matched	NA	NA	NA	NA	NA	NA	NA	NA	NA	NA	NA	NA	2.46666666667	NA	NA	NA	90	moderate	NA	cardia	NA	NA	T2b	IB	NA	NA	NA	NA	NA	NA	NA	NA	NA	NA	NA	NA	NA	NA	NA	NA	NA	NA	NA	NA	NA	NA	NA	NA	NA	NA	NA	NA	NA	NA	NA	NA	NA	NA	NA	NA	NA	NA	NA	NA	NA	NA	NA	NA	NA	NA	NA	NA	NA	NA	NA	NA	NA	NA	NA	NA	NA	NA	NA	NA	NA	NA	NA	NA	NA	NA	NA	NA	NA
stad_pfizer_uhongkong	pfg106T	pfg106T	59	NA	NA	NA	NA	NA	NA	NA	NA	Esophagogastric Cancer	Stomach Adenocarcinoma	NA	NA	NA	NA	NA	NA	NA	NA	NA	NA	NA	NA	NA	NA	0	NA	NA	NA	NA	NA	NA	NA	NA	NA	NA	0	NA	NA	NA	NA	NA	NA	NA	NA	NA	NA	NA	NA	NA	NA	microsatellite stable or low-level microsatellite instability	79	0	0	NA	NA	NA	3	NA	STAD	NA	NA	NA	NA	NA	intestinal	NA	NA	NA	NA	NA	NA	NA	NA	NA	NA	NA	NA	NA	1	NA	NA	NA	Female	NA	NA	Matched	NA	NA	NA	NA	NA	NA	NA	NA	NA	NA	NA	NA	2.66666666667	NA	NA	NA	90	poor	NA	body	NA	NA	T4	IV	NA	NA	NA	NA	NA	NA	NA	NA	NA	NA	NA	NA	NA	NA	NA	NA	NA	NA	NA	NA	NA	NA	NA	NA	NA	NA	NA	NA	NA	NA	NA	NA	NA	NA	NA	NA	NA	NA	NA	NA	NA	NA	NA	NA	NA	NA	NA	NA	NA	NA	NA	NA	NA	NA	NA	NA	NA	NA	NA	NA	NA	NA	NA	NA	NA	NA	NA	NA	NA
stad_pfizer_uhongkong	pfg107T	pfg107T	67	NA	NA	NA	NA	NA	NA	NA	NA	Esophagogastric Cancer	Stomach Adenocarcinoma	NA	NA	NA	NA	NA	NA	NA	NA	NA	NA	NA	NA	NA	NA	0	NA	NA	NA	NA	NA	NA	NA	NA	NA	NA	1	NA	NA	NA	NA	NA	NA	NA	NA	NA	NA	NA	NA	NA	NA	microsatellite stable or low-level microsatellite instability	102	1	0	NA	NA	NA	1	NA	STAD	NA	NA	NA	NA	NA	intestinal	NA	NA	NA	NA	NA	NA	NA	NA	NA	NA	NA	NA	NA	1	NA	NA	NA	Female	NA	NA	Matched	NA	NA	NA	NA	NA	NA	NA	NA	NA	NA	NA	NA	3.43333333333	NA	NA	NA	90	moderate	NA	cardia	NA	NA	T1	IV	NA	NA	NA	NA	NA	NA	NA	NA	NA	NA	NA	NA	NA	NA	NA	NA	NA	NA	NA	NA	NA	NA	NA	NA	NA	NA	NA	NA	NA	NA	NA	NA	NA	NA	NA	NA	NA	NA	NA	NA	NA	NA	NA	NA	NA	NA	NA	NA	NA	NA	NA	NA	NA	NA	NA	NA	NA	NA	NA	NA	NA	NA	NA	NA	NA	NA	NA	NA	NA
stad_pfizer_uhongkong	pfg108T	pfg108T	64	NA	NA	NA	NA	NA	NA	NA	NA	Esophagogastric Cancer	Stomach Adenocarcinoma	NA	NA	NA	NA	NA	NA	NA	NA	NA	NA	NA	NA	NA	NA	0	NA	NA	NA	NA	NA	NA	NA	NA	NA	NA	0	NA	NA	NA	NA	NA	NA	NA	NA	NA	NA	NA	NA	NA	NA	microsatellite stable or low-level microsatellite instability	112	0	0	NA	NA	NA	2	NA	STAD	NA	NA	NA	NA	NA	intestinal	NA	NA	NA	NA	NA	NA	NA	NA	NA	NA	NA	NA	NA	1	NA	NA	NA	Male	NA	NA	Matched	NA	NA	NA	NA	NA	NA	NA	NA	NA	NA	NA	NA	3.83333333333	NA	NA	NA	90	moderate	NA	cardia	NA	NA	T3	IIIB	NA	NA	NA	NA	NA	NA	NA	NA	NA	NA	NA	NA	NA	NA	NA	NA	NA	NA	NA	NA	NA	NA	NA	NA	NA	NA	NA	NA	NA	NA	NA	NA	NA	NA	NA	NA	NA	NA	NA	NA	NA	NA	NA	NA	NA	NA	NA	NA	NA	NA	NA	NA	NA	NA	NA	NA	NA	NA	NA	NA	NA	NA	NA	NA	NA	NA	NA	NA	NA
stad_pfizer_uhongkong	pfg115T	pfg115T	75	NA	NA	NA	NA	NA	NA	NA	NA	Esophagogastric Cancer	Stomach Adenocarcinoma	NA	NA	NA	NA	NA	NA	NA	NA	NA	NA	NA	NA	NA	NA	0	NA	NA	NA	NA	NA	NA	NA	NA	NA	NA	0	NA	NA	NA	NA	NA	NA	NA	NA	NA	NA	NA	NA	NA	NA	microsatellite stable or low-level microsatellite instability	103	0	0	NA	NA	NA	3	NA	STAD	NA	NA	NA	NA	NA	mixed	NA	NA	NA	NA	NA	NA	NA	NA	NA	NA	NA	NA	NA	1	NA	NA	NA	Female	NA	NA	Matched	NA	NA	NA	NA	NA	NA	NA	NA	NA	NA	NA	NA	3.46666666667	NA	NA	NA	95	poor	NA	cardia	NA	NA	T4	IV	NA	NA	NA	NA	NA	NA	NA	NA	NA	NA	NA	NA	NA	NA	NA	NA	NA	NA	NA	NA	NA	NA	NA	NA	NA	NA	NA	NA	NA	NA	NA	NA	NA	NA	NA	NA	NA	NA	NA	NA	NA	NA	NA	NA	NA	NA	NA	NA	NA	NA	NA	NA	NA	NA	NA	NA	NA	NA	NA	NA	NA	NA	NA	NA	NA	NA	NA	NA	NA
stad_pfizer_uhongkong	pfg116T	pfg116T	78	NA	NA	NA	NA	NA	NA	NA	NA	Esophagogastric Cancer	Stomach Adenocarcinoma	NA	NA	NA	NA	NA	NA	NA	NA	NA	NA	NA	NA	NA	NA	0	NA	NA	NA	NA	NA	NA	NA	NA	NA	NA	0	NA	NA	NA	NA	NA	NA	NA	NA	NA	NA	NA	NA	NA	NA	microsatellite stable or low-level microsatellite instability	149	1	0	NA	NA	NA	2	NA	STAD	NA	NA	NA	NA	NA	mixed	NA	NA	NA	NA	NA	NA	NA	NA	NA	NA	NA	NA	NA	1	NA	NA	NA	Male	NA	NA	Matched	NA	NA	NA	NA	NA	NA	NA	NA	NA	NA	NA	NA	5.0	NA	NA	NA	80	poor	NA	antrum	NA	NA	T4	IV	NA	NA	NA	NA	NA	NA	NA	NA	NA	NA	NA	NA	NA	NA	NA	NA	NA	NA	NA	NA	NA	NA	NA	NA	NA	NA	NA	NA	NA	NA	NA	NA	NA	NA	NA	NA	NA	NA	NA	NA	NA	NA	NA	NA	NA	NA	NA	NA	NA	NA	NA	NA	NA	NA	NA	NA	NA	NA	NA	NA	NA	NA	NA	NA	NA	NA	NA	NA	NA
stad_pfizer_uhongkong	pfg118T	pfg118T	84	NA	NA	NA	NA	NA	NA	NA	NA	Esophagogastric Cancer	Stomach Adenocarcinoma	NA	NA	NA	NA	NA	NA	NA	NA	NA	NA	NA	NA	NA	NA	0	NA	NA	NA	NA	NA	NA	NA	NA	NA	NA	1	NA	NA	NA	NA	NA	NA	NA	NA	NA	NA	NA	NA	NA	NA	microsatellite stable or low-level microsatellite instability	51	0	0	NA	NA	NA	1	NA	STAD	NA	NA	NA	NA	NA	mixed	NA	NA	NA	NA	NA	NA	NA	NA	NA	NA	NA	NA	NA	1	NA	NA	NA	Female	NA	NA	Matched	NA	NA	NA	NA	NA	NA	NA	NA	NA	NA	NA	NA	1.7	NA	NA	NA	80	moderate	NA	antrum	NA	NA	T2a	II	NA	NA	NA	NA	NA	NA	NA	NA	NA	NA	NA	NA	NA	NA	NA	NA	NA	NA	NA	NA	NA	NA	NA	NA	NA	NA	NA	NA	NA	NA	NA	NA	NA	NA	NA	NA	NA	NA	NA	NA	NA	NA	NA	NA	NA	NA	NA	NA	NA	NA	NA	NA	NA	NA	NA	NA	NA	NA	NA	NA	NA	NA	NA	NA	NA	NA	NA	NA	NA
stad_pfizer_uhongkong	pfg119T	pfg119T	84	NA	NA	NA	NA	NA	NA	NA	NA	Esophagogastric Cancer	Stomach Adenocarcinoma	NA	NA	NA	NA	NA	NA	NA	NA	NA	NA	NA	NA	NA	NA	0	NA	NA	NA	NA	NA	NA	NA	NA	NA	NA	1	NA	NA	NA	NA	NA	NA	NA	NA	NA	NA	NA	NA	NA	NA	microsatellite stable or low-level microsatellite instability	76	0	0	NA	NA	NA	2	NA	STAD	NA	NA	NA	NA	NA	mixed	NA	NA	NA	NA	NA	NA	NA	NA	NA	NA	NA	NA	NA	1	NA	NA	NA	Male	NA	NA	Matched	NA	NA	NA	NA	NA	NA	NA	NA	NA	NA	NA	NA	2.5	NA	NA	NA	70	moderate	NA	antrum	NA	NA	T4	IV	NA	NA	NA	NA	NA	NA	NA	NA	NA	NA	NA	NA	NA	NA	NA	NA	NA	NA	NA	NA	NA	NA	NA	NA	NA	NA	NA	NA	NA	NA	NA	NA	NA	NA	NA	NA	NA	NA	NA	NA	NA	NA	NA	NA	NA	NA	NA	NA	NA	NA	NA	NA	NA	NA	NA	NA	NA	NA	NA	NA	NA	NA	NA	NA	NA	NA	NA	NA	NA
stad_pfizer_uhongkong	pfg120T	pfg120T	76	NA	NA	NA	NA	NA	NA	NA	NA	Esophagogastric Cancer	Stomach Adenocarcinoma	NA	NA	NA	NA	NA	NA	NA	NA	NA	NA	NA	NA	NA	NA	0	NA	NA	NA	NA	NA	NA	NA	NA	NA	NA	0	NA	NA	NA	NA	NA	NA	NA	NA	NA	NA	NA	NA	NA	NA	microsatellite stable or low-level microsatellite instability	139	0	0	NA	NA	NA	2	NA	STAD	NA	NA	NA	NA	NA	intestinal	NA	NA	NA	NA	NA	NA	NA	NA	NA	NA	NA	NA	NA	1	NA	NA	NA	Female	NA	NA	Matched	NA	NA	NA	NA	NA	NA	NA	NA	NA	NA	NA	NA	4.66666666667	NA	NA	NA	100	moderate	NA	antrum	NA	NA	T2a	IIIA	NA	NA	NA	NA	NA	NA	NA	NA	NA	NA	NA	NA	NA	NA	NA	NA	NA	NA	NA	NA	NA	NA	NA	NA	NA	NA	NA	NA	NA	NA	NA	NA	NA	NA	NA	NA	NA	NA	NA	NA	NA	NA	NA	NA	NA	NA	NA	NA	NA	NA	NA	NA	NA	NA	NA	NA	NA	NA	NA	NA	NA	NA	NA	NA	NA	NA	NA	NA	NA
stad_pfizer_uhongkong	pfg121T	pfg121T	80	NA	NA	NA	NA	NA	NA	NA	NA	Esophagogastric Cancer	Stomach Adenocarcinoma	NA	NA	NA	NA	NA	NA	NA	NA	NA	NA	NA	NA	NA	NA	0	NA	NA	NA	NA	NA	NA	NA	NA	NA	NA	0	NA	NA	NA	NA	NA	NA	NA	NA	NA	NA	NA	NA	NA	NA	microsatellite stable or low-level microsatellite instability	81	0	0	NA	NA	NA	2	NA	STAD	NA	NA	NA	NA	NA	intestinal	NA	NA	NA	NA	NA	NA	NA	NA	NA	NA	NA	NA	NA	1	NA	NA	NA	Male	NA	NA	Matched	NA	NA	NA	NA	NA	NA	NA	NA	NA	NA	NA	NA	2.83333333333	NA	NA	NA	70	poor	NA	antrum	NA	NA	T3	IIIB	NA	NA	NA	NA	NA	NA	NA	NA	NA	NA	NA	NA	NA	NA	NA	NA	NA	NA	NA	NA	NA	NA	NA	NA	NA	NA	NA	NA	NA	NA	NA	NA	NA	NA	NA	NA	NA	NA	NA	NA	NA	NA	NA	NA	NA	NA	NA	NA	NA	NA	NA	NA	NA	NA	NA	NA	NA	NA	NA	NA	NA	NA	NA	NA	NA	NA	NA	NA	NA
stad_pfizer_uhongkong	pfg122T	pfg122T	83	NA	NA	NA	NA	NA	NA	NA	NA	Esophagogastric Cancer	Stomach Adenocarcinoma	NA	NA	NA	NA	NA	NA	NA	NA	NA	NA	NA	NA	NA	NA	0	NA	NA	NA	NA	NA	NA	NA	NA	NA	NA	0	NA	NA	NA	NA	NA	NA	NA	NA	NA	NA	NA	NA	NA	NA	high-level microsatellite instabiliy	1085	0	0	NA	NA	NA	2	NA	STAD	NA	NA	NA	NA	NA	intestinal	NA	NA	NA	NA	NA	NA	NA	NA	NA	NA	NA	NA	NA	1	NA	NA	NA	Female	NA	NA	Matched	NA	NA	NA	NA	NA	NA	NA	NA	NA	NA	NA	NA	37.0	NA	NA	NA	95	poor	NA	antrum	NA	NA	T4	IV	NA	NA	NA	NA	NA	NA	NA	NA	NA	NA	NA	NA	NA	NA	NA	NA	NA	NA	NA	NA	NA	NA	NA	NA	NA	NA	NA	NA	NA	NA	NA	NA	NA	NA	NA	NA	NA	NA	NA	NA	NA	NA	NA	NA	NA	NA	NA	NA	NA	NA	NA	NA	NA	NA	NA	NA	NA	NA	NA	NA	NA	NA	NA	NA	NA	NA	NA	NA	NA
stad_pfizer_uhongkong	pfg123T	pfg123T	70	NA	NA	NA	NA	NA	NA	NA	NA	Esophagogastric Cancer	Stomach Adenocarcinoma	NA	NA	NA	NA	NA	NA	NA	NA	NA	NA	NA	NA	NA	NA	0	NA	NA	NA	NA	NA	NA	NA	NA	NA	NA	0	NA	NA	NA	NA	NA	NA	NA	NA	NA	NA	NA	NA	NA	NA	microsatellite stable or low-level microsatellite instability	90	0	0	NA	NA	NA	3	NA	STAD	NA	NA	NA	NA	NA	mixed	NA	NA	NA	NA	NA	NA	NA	NA	NA	NA	NA	NA	NA	1	NA	NA	NA	Female	NA	NA	Matched	NA	NA	NA	NA	NA	NA	NA	NA	NA	NA	NA	NA	3.06666666667	NA	NA	NA	95	poor	NA	body	NA	NA	T4	IV	NA	NA	NA	NA	NA	NA	NA	NA	NA	NA	NA	NA	NA	NA	NA	NA	NA	NA	NA	NA	NA	NA	NA	NA	NA	NA	NA	NA	NA	NA	NA	NA	NA	NA	NA	NA	NA	NA	NA	NA	NA	NA	NA	NA	NA	NA	NA	NA	NA	NA	NA	NA	NA	NA	NA	NA	NA	NA	NA	NA	NA	NA	NA	NA	NA	NA	NA	NA	NA
stad_pfizer_uhongkong	pfg124T	pfg124T	82	NA	NA	NA	NA	NA	NA	NA	NA	Esophagogastric Cancer	Stomach Adenocarcinoma	NA	NA	NA	NA	NA	NA	NA	NA	NA	NA	NA	NA	NA	NA	0	NA	NA	NA	NA	NA	NA	NA	NA	NA	NA	1	NA	NA	NA	NA	NA	NA	NA	NA	NA	NA	NA	NA	NA	NA	microsatellite stable or low-level microsatellite instability	78	0	0	NA	NA	NA	1	NA	STAD	NA	NA	NA	NA	NA	intestinal	NA	NA	NA	NA	NA	NA	NA	NA	NA	NA	NA	NA	NA	1	NA	NA	NA	Male	NA	NA	Matched	NA	NA	NA	NA	NA	NA	NA	NA	NA	NA	NA	NA	2.7	NA	NA	NA	95	poor	NA	antrum	NA	NA	T3	IIIA	NA	NA	NA	NA	NA	NA	NA	NA	NA	NA	NA	NA	NA	NA	NA	NA	NA	NA	NA	NA	NA	NA	NA	NA	NA	NA	NA	NA	NA	NA	NA	NA	NA	NA	NA	NA	NA	NA	NA	NA	NA	NA	NA	NA	NA	NA	NA	NA	NA	NA	NA	NA	NA	NA	NA	NA	NA	NA	NA	NA	NA	NA	NA	NA	NA	NA	NA	NA	NA
stad_pfizer_uhongkong	pfg125T	pfg125T	55	NA	NA	NA	NA	NA	NA	NA	NA	Esophagogastric Cancer	Stomach Adenocarcinoma	NA	NA	NA	NA	NA	NA	NA	NA	NA	NA	NA	NA	NA	NA	0	NA	NA	NA	NA	NA	NA	NA	NA	NA	NA	0	NA	NA	NA	NA	NA	NA	NA	NA	NA	NA	NA	NA	NA	NA	microsatellite stable or low-level microsatellite instability	91	0	0	NA	NA	NA	2	NA	STAD	NA	NA	NA	NA	NA	intestinal	NA	NA	NA	NA	NA	NA	NA	NA	NA	NA	NA	NA	NA	1	NA	NA	NA	Male	NA	NA	Matched	NA	NA	NA	NA	NA	NA	NA	NA	NA	NA	NA	NA	3.13333333333	NA	NA	NA	100	poor	NA	cardia	NA	NA	T2b	IIIA	NA	NA	NA	NA	NA	NA	NA	NA	NA	NA	NA	NA	NA	NA	NA	NA	NA	NA	NA	NA	NA	NA	NA	NA	NA	NA	NA	NA	NA	NA	NA	NA	NA	NA	NA	NA	NA	NA	NA	NA	NA	NA	NA	NA	NA	NA	NA	NA	NA	NA	NA	NA	NA	NA	NA	NA	NA	NA	NA	NA	NA	NA	NA	NA	NA	NA	NA	NA	NA
stad_pfizer_uhongkong	pfg127T	pfg127T	77	NA	NA	NA	NA	NA	NA	NA	NA	Esophagogastric Cancer	Stomach Adenocarcinoma	NA	NA	NA	NA	NA	NA	NA	NA	NA	NA	NA	NA	NA	NA	0	NA	NA	NA	NA	NA	NA	NA	NA	NA	NA	1	NA	NA	NA	NA	NA	NA	NA	NA	NA	NA	NA	NA	NA	NA	high-level microsatellite instabiliy	856	0	0	NA	NA	NA	1	NA	STAD	NA	NA	NA	NA	NA	intestinal	NA	NA	NA	NA	NA	NA	NA	NA	NA	NA	NA	NA	NA	1	NA	NA	NA	Male	NA	NA	Matched	NA	NA	NA	NA	NA	NA	NA	NA	NA	NA	NA	NA	28.7333333333	NA	NA	NA	95	moderate	NA	antrum	NA	NA	T3	IIIA	NA	NA	NA	NA	NA	NA	NA	NA	NA	NA	NA	NA	NA	NA	NA	NA	NA	NA	NA	NA	NA	NA	NA	NA	NA	NA	NA	NA	NA	NA	NA	NA	NA	NA	NA	NA	NA	NA	NA	NA	NA	NA	NA	NA	NA	NA	NA	NA	NA	NA	NA	NA	NA	NA	NA	NA	NA	NA	NA	NA	NA	NA	NA	NA	NA	NA	NA	NA	NA
stad_pfizer_uhongkong	pfg129T	pfg129T	68	NA	NA	NA	NA	NA	NA	NA	NA	Esophagogastric Cancer	Stomach Adenocarcinoma	NA	NA	NA	NA	NA	NA	NA	NA	NA	NA	NA	NA	NA	NA	0	NA	NA	NA	NA	NA	NA	NA	NA	NA	NA	0	NA	NA	NA	NA	NA	NA	NA	NA	NA	NA	NA	NA	NA	NA	high-level microsatellite instabiliy	382	0	0	NA	NA	NA	3	NA	STAD	NA	NA	NA	NA	NA	intestinal	NA	NA	NA	NA	NA	NA	NA	NA	NA	NA	NA	NA	NA	1	NA	NA	NA	Male	NA	NA	Matched	NA	NA	NA	NA	NA	NA	NA	NA	NA	NA	NA	NA	12.8333333333	NA	NA	NA	70	poor	NA	cardia	NA	NA	T3	IV	NA	NA	NA	NA	NA	NA	NA	NA	NA	NA	NA	NA	NA	NA	NA	NA	NA	NA	NA	NA	NA	NA	NA	NA	NA	NA	NA	NA	NA	NA	NA	NA	NA	NA	NA	NA	NA	NA	NA	NA	NA	NA	NA	NA	NA	NA	NA	NA	NA	NA	NA	NA	NA	NA	NA	NA	NA	NA	NA	NA	NA	NA	NA	NA	NA	NA	NA	NA	NA
stad_pfizer_uhongkong	pfg130T	pfg130T	67	NA	NA	NA	NA	NA	NA	NA	NA	Esophagogastric Cancer	Stomach Adenocarcinoma	NA	NA	NA	NA	NA	NA	NA	NA	NA	NA	NA	NA	NA	NA	0	NA	NA	NA	NA	NA	NA	NA	NA	NA	NA	1	NA	NA	NA	NA	NA	NA	NA	NA	NA	NA	NA	NA	NA	NA	microsatellite stable or low-level microsatellite instability	93	0	0	NA	NA	NA	1	NA	STAD	NA	NA	NA	NA	NA	intestinal	NA	NA	NA	NA	NA	NA	NA	NA	NA	NA	NA	NA	NA	1	NA	NA	NA	Male	NA	NA	Matched	NA	NA	NA	NA	NA	NA	NA	NA	NA	NA	NA	NA	3.16666666667	NA	NA	NA	85	moderate	NA	body	NA	NA	T3	IIIA	NA	NA	NA	NA	NA	NA	NA	NA	NA	NA	NA	NA	NA	NA	NA	NA	NA	NA	NA	NA	NA	NA	NA	NA	NA	NA	NA	NA	NA	NA	NA	NA	NA	NA	NA	NA	NA	NA	NA	NA	NA	NA	NA	NA	NA	NA	NA	NA	NA	NA	NA	NA	NA	NA	NA	NA	NA	NA	NA	NA	NA	NA	NA	NA	NA	NA	NA	NA	NA
stad_pfizer_uhongkong	pfg132T	pfg132T	45	NA	NA	NA	NA	NA	NA	NA	NA	Esophagogastric Cancer	Stomach Adenocarcinoma	NA	NA	NA	NA	NA	NA	NA	NA	NA	NA	NA	NA	NA	NA	0	NA	NA	NA	NA	NA	NA	NA	NA	NA	NA	1	NA	NA	NA	NA	NA	NA	NA	NA	NA	NA	NA	NA	NA	NA	microsatellite stable or low-level microsatellite instability	18	0	0	NA	NA	NA	1	NA	STAD	NA	NA	NA	NA	NA	intestinal	NA	NA	NA	NA	NA	NA	NA	NA	NA	NA	NA	NA	NA	1	NA	NA	NA	Male	NA	NA	Matched	NA	NA	NA	NA	NA	NA	NA	NA	NA	NA	NA	NA	0.633333333333	NA	NA	NA	80	moderate	NA	cardia	NA	NA	T3	IIIA	NA	NA	NA	NA	NA	NA	NA	NA	NA	NA	NA	NA	NA	NA	NA	NA	NA	NA	NA	NA	NA	NA	NA	NA	NA	NA	NA	NA	NA	NA	NA	NA	NA	NA	NA	NA	NA	NA	NA	NA	NA	NA	NA	NA	NA	NA	NA	NA	NA	NA	NA	NA	NA	NA	NA	NA	NA	NA	NA	NA	NA	NA	NA	NA	NA	NA	NA	NA	NA
stad_pfizer_uhongkong	pfg135T	pfg135T	64	NA	NA	NA	NA	NA	NA	NA	NA	Esophagogastric Cancer	Stomach Adenocarcinoma	NA	NA	NA	NA	NA	NA	NA	NA	NA	NA	NA	NA	NA	NA	0	NA	NA	NA	NA	NA	NA	NA	NA	NA	NA	0	NA	NA	NA	NA	NA	NA	NA	NA	NA	NA	NA	NA	NA	NA	microsatellite stable or low-level microsatellite instability	41	0	0	NA	NA	NA	1	NA	STAD	NA	NA	NA	NA	NA	intestinal	NA	NA	NA	NA	NA	NA	NA	NA	NA	NA	NA	NA	NA	1	NA	NA	NA	Male	NA	NA	Matched	NA	NA	NA	NA	NA	NA	NA	NA	NA	NA	NA	NA	1.4	NA	NA	NA	70	moderate	NA	cardia	NA	NA	T4	IV	NA	NA	NA	NA	NA	NA	NA	NA	NA	NA	NA	NA	NA	NA	NA	NA	NA	NA	NA	NA	NA	NA	NA	NA	NA	NA	NA	NA	NA	NA	NA	NA	NA	NA	NA	NA	NA	NA	NA	NA	NA	NA	NA	NA	NA	NA	NA	NA	NA	NA	NA	NA	NA	NA	NA	NA	NA	NA	NA	NA	NA	NA	NA	NA	NA	NA	NA	NA	NA
stad_pfizer_uhongkong	pfg136T	pfg136T	45	NA	NA	NA	NA	NA	NA	NA	NA	Esophagogastric Cancer	Stomach Adenocarcinoma	NA	NA	NA	NA	NA	NA	NA	NA	NA	NA	NA	NA	NA	NA	0	NA	NA	NA	NA	NA	NA	NA	NA	NA	NA	0	NA	NA	NA	NA	NA	NA	NA	NA	NA	NA	NA	NA	NA	NA	microsatellite stable or low-level microsatellite instability	40	1	0	NA	NA	NA	2	NA	STAD	NA	NA	NA	NA	NA	diffuse	NA	NA	NA	NA	NA	NA	NA	NA	NA	NA	NA	NA	NA	1	NA	NA	NA	Male	NA	NA	Matched	NA	NA	NA	NA	NA	NA	NA	NA	NA	NA	NA	NA	1.36666666667	NA	NA	NA	95	poor	NA	cardia	NA	NA	T3	IV	NA	NA	NA	NA	NA	NA	NA	NA	NA	NA	NA	NA	NA	NA	NA	NA	NA	NA	NA	NA	NA	NA	NA	NA	NA	NA	NA	NA	NA	NA	NA	NA	NA	NA	NA	NA	NA	NA	NA	NA	NA	NA	NA	NA	NA	NA	NA	NA	NA	NA	NA	NA	NA	NA	NA	NA	NA	NA	NA	NA	NA	NA	NA	NA	NA	NA	NA	NA	NA
stad_pfizer_uhongkong	pfg138T	pfg138T	32	NA	NA	NA	NA	NA	NA	NA	NA	Esophagogastric Cancer	Stomach Adenocarcinoma	NA	NA	NA	NA	NA	NA	NA	NA	NA	NA	NA	NA	NA	NA	0	NA	NA	NA	NA	NA	NA	NA	NA	NA	NA	1	NA	NA	NA	NA	NA	NA	NA	NA	NA	NA	NA	NA	NA	NA	microsatellite stable or low-level microsatellite instability	11	0	0	NA	NA	NA	3	NA	STAD	NA	NA	NA	NA	NA	diffuse	NA	NA	NA	NA	NA	NA	NA	NA	NA	NA	NA	NA	NA	1	NA	NA	NA	Female	NA	NA	Matched	NA	NA	NA	NA	NA	NA	NA	NA	NA	NA	NA	NA	0.366666666667	NA	NA	NA	70	poor	NA	body	NA	NA	T3	IV	NA	NA	NA	NA	NA	NA	NA	NA	NA	NA	NA	NA	NA	NA	NA	NA	NA	NA	NA	NA	NA	NA	NA	NA	NA	NA	NA	NA	NA	NA	NA	NA	NA	NA	NA	NA	NA	NA	NA	NA	NA	NA	NA	NA	NA	NA	NA	NA	NA	NA	NA	NA	NA	NA	NA	NA	NA	NA	NA	NA	NA	NA	NA	NA	NA	NA	NA	NA	NA
stad_pfizer_uhongkong	pfg142T	pfg142T	64	NA	NA	NA	NA	NA	NA	NA	NA	Esophagogastric Cancer	Stomach Adenocarcinoma	NA	NA	NA	NA	NA	NA	NA	NA	NA	NA	NA	NA	NA	NA	0	NA	NA	NA	NA	NA	NA	NA	NA	NA	NA	1	NA	NA	NA	NA	NA	NA	NA	NA	NA	NA	NA	NA	NA	NA	microsatellite stable or low-level microsatellite instability	12	0	0	NA	NA	NA	2	NA	STAD	NA	NA	NA	NA	NA	diffuse	NA	NA	NA	NA	NA	NA	NA	NA	NA	NA	NA	NA	NA	1	NA	NA	NA	Male	NA	NA	Matched	NA	NA	NA	NA	NA	NA	NA	NA	NA	NA	NA	NA	0.466666666667	NA	NA	NA	75	poor	NA	antrum	NA	NA	T4	IV	NA	NA	NA	NA	NA	NA	NA	NA	NA	NA	NA	NA	NA	NA	NA	NA	NA	NA	NA	NA	NA	NA	NA	NA	NA	NA	NA	NA	NA	NA	NA	NA	NA	NA	NA	NA	NA	NA	NA	NA	NA	NA	NA	NA	NA	NA	NA	NA	NA	NA	NA	NA	NA	NA	NA	NA	NA	NA	NA	NA	NA	NA	NA	NA	NA	NA	NA	NA	NA
stad_pfizer_uhongkong	pfg143T	pfg143T	79	NA	NA	NA	NA	NA	NA	NA	NA	Esophagogastric Cancer	Stomach Adenocarcinoma	NA	NA	NA	NA	NA	NA	NA	NA	NA	NA	NA	NA	NA	NA	0	NA	NA	NA	NA	NA	NA	NA	NA	NA	NA	1	NA	NA	NA	NA	NA	NA	NA	NA	NA	NA	NA	NA	NA	NA	high-level microsatellite instabiliy	844	0	0	NA	NA	NA	3	NA	STAD	NA	NA	NA	NA	NA	intestinal	NA	NA	NA	NA	NA	NA	NA	NA	NA	NA	NA	NA	NA	1	NA	NA	NA	Female	NA	NA	Matched	NA	NA	NA	NA	NA	NA	NA	NA	NA	NA	NA	NA	28.5333333333	NA	NA	NA	95	moderate	NA	antrum	NA	NA	T4	IV	NA	NA	NA	NA	NA	NA	NA	NA	NA	NA	NA	NA	NA	NA	NA	NA	NA	NA	NA	NA	NA	NA	NA	NA	NA	NA	NA	NA	NA	NA	NA	NA	NA	NA	NA	NA	NA	NA	NA	NA	NA	NA	NA	NA	NA	NA	NA	NA	NA	NA	NA	NA	NA	NA	NA	NA	NA	NA	NA	NA	NA	NA	NA	NA	NA	NA	NA	NA	NA
stad_pfizer_uhongkong	pfg144T	pfg144T	77	NA	NA	NA	NA	NA	NA	NA	NA	Esophagogastric Cancer	Stomach Adenocarcinoma	NA	NA	NA	NA	NA	NA	NA	NA	NA	NA	NA	NA	NA	NA	0	NA	NA	NA	NA	NA	NA	NA	NA	NA	NA	0	NA	NA	NA	NA	NA	NA	NA	NA	NA	NA	NA	NA	NA	NA	microsatellite stable or low-level microsatellite instability	176	0	0	NA	NA	NA	2	NA	STAD	NA	NA	NA	NA	NA	intestinal	NA	NA	NA	NA	NA	NA	NA	NA	NA	NA	NA	NA	NA	1	NA	NA	NA	Male	NA	NA	Matched	NA	NA	NA	NA	NA	NA	NA	NA	NA	NA	NA	NA	5.86666666667	NA	NA	NA	90	moderate	NA	body	NA	NA	T2b	IIIA	NA	NA	NA	NA	NA	NA	NA	NA	NA	NA	NA	NA	NA	NA	NA	NA	NA	NA	NA	NA	NA	NA	NA	NA	NA	NA	NA	NA	NA	NA	NA	NA	NA	NA	NA	NA	NA	NA	NA	NA	NA	NA	NA	NA	NA	NA	NA	NA	NA	NA	NA	NA	NA	NA	NA	NA	NA	NA	NA	NA	NA	NA	NA	NA	NA	NA	NA	NA	NA
stad_pfizer_uhongkong	pfg145T	pfg145T	49	NA	NA	NA	NA	NA	NA	NA	NA	Esophagogastric Cancer	Stomach Adenocarcinoma	NA	NA	NA	NA	NA	NA	NA	NA	NA	NA	NA	NA	NA	NA	0	NA	NA	NA	NA	NA	NA	NA	NA	NA	NA	1	NA	NA	NA	NA	NA	NA	NA	NA	NA	NA	NA	NA	NA	NA	microsatellite stable or low-level microsatellite instability	131	0	0	NA	NA	NA	2	NA	STAD	NA	NA	NA	NA	NA	diffuse	NA	NA	NA	NA	NA	NA	NA	NA	NA	NA	NA	NA	NA	1	NA	NA	NA	Male	NA	NA	Matched	NA	NA	NA	NA	NA	NA	NA	NA	NA	NA	NA	NA	4.4	NA	NA	NA	70	poor	NA	body	NA	NA	T1	II	NA	NA	NA	NA	NA	NA	NA	NA	NA	NA	NA	NA	NA	NA	NA	NA	NA	NA	NA	NA	NA	NA	NA	NA	NA	NA	NA	NA	NA	NA	NA	NA	NA	NA	NA	NA	NA	NA	NA	NA	NA	NA	NA	NA	NA	NA	NA	NA	NA	NA	NA	NA	NA	NA	NA	NA	NA	NA	NA	NA	NA	NA	NA	NA	NA	NA	NA	NA	NA
stad_pfizer_uhongkong	pfg146T	pfg146T	63	NA	NA	NA	NA	NA	NA	NA	NA	Esophagogastric Cancer	Stomach Adenocarcinoma	NA	NA	NA	NA	NA	NA	NA	NA	NA	NA	NA	NA	NA	NA	0	NA	NA	NA	NA	NA	NA	NA	NA	NA	NA	1	NA	NA	NA	NA	NA	NA	NA	NA	NA	NA	NA	NA	NA	NA	microsatellite stable or low-level microsatellite instability	123	0	0	NA	NA	NA	2	NA	STAD	NA	NA	NA	NA	NA	intestinal	NA	NA	NA	NA	NA	NA	NA	NA	NA	NA	NA	NA	NA	1	NA	NA	NA	Male	NA	NA	Matched	NA	NA	NA	NA	NA	NA	NA	NA	NA	NA	NA	NA	4.26666666667	NA	NA	NA	90	moderate	NA	antrum	NA	NA	T2b	IIIA	NA	NA	NA	NA	NA	NA	NA	NA	NA	NA	NA	NA	NA	NA	NA	NA	NA	NA	NA	NA	NA	NA	NA	NA	NA	NA	NA	NA	NA	NA	NA	NA	NA	NA	NA	NA	NA	NA	NA	NA	NA	NA	NA	NA	NA	NA	NA	NA	NA	NA	NA	NA	NA	NA	NA	NA	NA	NA	NA	NA	NA	NA	NA	NA	NA	NA	NA	NA	NA
stad_pfizer_uhongkong	pfg151T	pfg151T	41	NA	NA	NA	NA	NA	NA	NA	NA	Esophagogastric Cancer	Stomach Adenocarcinoma	NA	NA	NA	NA	NA	NA	NA	NA	NA	NA	NA	NA	NA	NA	0	NA	NA	NA	NA	NA	NA	NA	NA	NA	NA	0	NA	NA	NA	NA	NA	NA	NA	NA	NA	NA	NA	NA	NA	NA	microsatellite stable or low-level microsatellite instability	34	1	0	NA	NA	NA	1	NA	STAD	NA	NA	NA	NA	NA	diffuse	NA	NA	NA	NA	NA	NA	NA	NA	NA	NA	NA	NA	NA	1	NA	NA	NA	Female	NA	NA	Matched	NA	NA	NA	NA	NA	NA	NA	NA	NA	NA	NA	NA	1.13333333333	NA	NA	NA	80	poor	NA	body	NA	NA	T3	IV	NA	NA	NA	NA	NA	NA	NA	NA	NA	NA	NA	NA	NA	NA	NA	NA	NA	NA	NA	NA	NA	NA	NA	NA	NA	NA	NA	NA	NA	NA	NA	NA	NA	NA	NA	NA	NA	NA	NA	NA	NA	NA	NA	NA	NA	NA	NA	NA	NA	NA	NA	NA	NA	NA	NA	NA	NA	NA	NA	NA	NA	NA	NA	NA	NA	NA	NA	NA	NA
stad_pfizer_uhongkong	pfg156T	pfg156T	59	NA	NA	NA	NA	NA	NA	NA	NA	Esophagogastric Cancer	Stomach Adenocarcinoma	NA	NA	NA	NA	NA	NA	NA	NA	NA	NA	NA	NA	NA	NA	0	NA	NA	NA	NA	NA	NA	NA	NA	NA	NA	0	NA	NA	NA	NA	NA	NA	NA	NA	NA	NA	NA	NA	NA	NA	microsatellite stable or low-level microsatellite instability	35	0	0	NA	NA	NA	3	NA	STAD	NA	NA	NA	NA	NA	diffuse	NA	NA	NA	NA	NA	NA	NA	NA	NA	NA	NA	NA	NA	1	NA	NA	NA	Female	NA	NA	Matched	NA	NA	NA	NA	NA	NA	NA	NA	NA	NA	NA	NA	1.2	NA	NA	NA	80	poor	NA	body	NA	NA	T3	IV	NA	NA	NA	NA	NA	NA	NA	NA	NA	NA	NA	NA	NA	NA	NA	NA	NA	NA	NA	NA	NA	NA	NA	NA	NA	NA	NA	NA	NA	NA	NA	NA	NA	NA	NA	NA	NA	NA	NA	NA	NA	NA	NA	NA	NA	NA	NA	NA	NA	NA	NA	NA	NA	NA	NA	NA	NA	NA	NA	NA	NA	NA	NA	NA	NA	NA	NA	NA	NA
stad_pfizer_uhongkong	pfg157T	pfg157T	76	NA	NA	NA	NA	NA	NA	NA	NA	Esophagogastric Cancer	Stomach Adenocarcinoma	NA	NA	NA	NA	NA	NA	NA	NA	NA	NA	NA	NA	NA	NA	0	NA	NA	NA	NA	NA	NA	NA	NA	NA	NA	0	NA	NA	NA	NA	NA	NA	NA	NA	NA	NA	NA	NA	NA	NA	microsatellite stable or low-level microsatellite instability	50	0	0	NA	NA	NA	1	NA	STAD	NA	NA	NA	NA	NA	mixed	NA	NA	NA	NA	NA	NA	NA	NA	NA	NA	NA	NA	NA	1	NA	NA	NA	Male	NA	NA	Matched	NA	NA	NA	NA	NA	NA	NA	NA	NA	NA	NA	NA	1.63333333333	NA	NA	NA	60	poor	NA	body	NA	NA	T3	IIIA	NA	NA	NA	NA	NA	NA	NA	NA	NA	NA	NA	NA	NA	NA	NA	NA	NA	NA	NA	NA	NA	NA	NA	NA	NA	NA	NA	NA	NA	NA	NA	NA	NA	NA	NA	NA	NA	NA	NA	NA	NA	NA	NA	NA	NA	NA	NA	NA	NA	NA	NA	NA	NA	NA	NA	NA	NA	NA	NA	NA	NA	NA	NA	NA	NA	NA	NA	NA	NA
stad_pfizer_uhongkong	pfg160T	pfg160T	82	NA	NA	NA	NA	NA	NA	NA	NA	Esophagogastric Cancer	Stomach Adenocarcinoma	NA	NA	NA	NA	NA	NA	NA	NA	NA	NA	NA	NA	NA	NA	0	NA	NA	NA	NA	NA	NA	NA	NA	NA	NA	0	NA	NA	NA	NA	NA	NA	NA	NA	NA	NA	NA	NA	NA	NA	microsatellite stable or low-level microsatellite instability	203	0	0	NA	NA	NA	0	NA	STAD	NA	NA	NA	NA	NA	intestinal	NA	NA	NA	NA	NA	NA	NA	NA	NA	NA	NA	NA	NA	1	NA	NA	NA	Male	NA	NA	Matched	NA	NA	NA	NA	NA	NA	NA	NA	NA	NA	NA	NA	6.83333333333	NA	NA	NA	99	poor	NA	antrum	NA	NA	T2b	IB	NA	NA	NA	NA	NA	NA	NA	NA	NA	NA	NA	NA	NA	NA	NA	NA	NA	NA	NA	NA	NA	NA	NA	NA	NA	NA	NA	NA	NA	NA	NA	NA	NA	NA	NA	NA	NA	NA	NA	NA	NA	NA	NA	NA	NA	NA	NA	NA	NA	NA	NA	NA	NA	NA	NA	NA	NA	NA	NA	NA	NA	NA	NA	NA	NA	NA	NA	NA	NA
stad_pfizer_uhongkong	pfg164T	pfg164T	48	NA	NA	NA	NA	NA	NA	NA	NA	Esophagogastric Cancer	Stomach Adenocarcinoma	NA	NA	NA	NA	NA	NA	NA	NA	NA	NA	NA	NA	NA	NA	0	NA	NA	NA	NA	NA	NA	NA	NA	NA	NA	1	NA	NA	NA	NA	NA	NA	NA	NA	NA	NA	NA	NA	NA	NA	microsatellite stable or low-level microsatellite instability	41	0	0	NA	NA	NA	2	NA	STAD	NA	NA	NA	NA	NA	diffuse	NA	NA	NA	NA	NA	NA	NA	NA	NA	NA	NA	NA	NA	1	NA	NA	NA	Female	NA	NA	Matched	NA	NA	NA	NA	NA	NA	NA	NA	NA	NA	NA	NA	1.4	NA	NA	NA	80	poor	NA	antrum	NA	NA	T3	IIIB	NA	NA	NA	NA	NA	NA	NA	NA	NA	NA	NA	NA	NA	NA	NA	NA	NA	NA	NA	NA	NA	NA	NA	NA	NA	NA	NA	NA	NA	NA	NA	NA	NA	NA	NA	NA	NA	NA	NA	NA	NA	NA	NA	NA	NA	NA	NA	NA	NA	NA	NA	NA	NA	NA	NA	NA	NA	NA	NA	NA	NA	NA	NA	NA	NA	NA	NA	NA	NA
stad_pfizer_uhongkong	pfg166T	pfg166T	72	NA	NA	NA	NA	NA	NA	NA	NA	Esophagogastric Cancer	Stomach Adenocarcinoma	NA	NA	NA	NA	NA	NA	NA	NA	NA	NA	NA	NA	NA	NA	0	NA	NA	NA	NA	NA	NA	NA	NA	NA	NA	0	NA	NA	NA	NA	NA	NA	NA	NA	NA	NA	NA	NA	NA	NA	microsatellite stable or low-level microsatellite instability	51	0	0	NA	NA	NA	3	NA	STAD	NA	NA	NA	NA	NA	intestinal	NA	NA	NA	NA	NA	NA	NA	NA	NA	NA	NA	NA	NA	1	NA	NA	NA	Female	NA	NA	Matched	NA	NA	NA	NA	NA	NA	NA	NA	NA	NA	NA	NA	1.73333333333	NA	NA	NA	90	well	NA	cardia	NA	NA	T2b	IV	NA	NA	NA	NA	NA	NA	NA	NA	NA	NA	NA	NA	NA	NA	NA	NA	NA	NA	NA	NA	NA	NA	NA	NA	NA	NA	NA	NA	NA	NA	NA	NA	NA	NA	NA	NA	NA	NA	NA	NA	NA	NA	NA	NA	NA	NA	NA	NA	NA	NA	NA	NA	NA	NA	NA	NA	NA	NA	NA	NA	NA	NA	NA	NA	NA	NA	NA	NA	NA
stad_pfizer_uhongkong	pfg167T	pfg167T	73	NA	NA	NA	NA	NA	NA	NA	NA	Esophagogastric Cancer	Stomach Adenocarcinoma	NA	NA	NA	NA	NA	NA	NA	NA	NA	NA	NA	NA	NA	NA	0	NA	NA	NA	NA	NA	NA	NA	NA	NA	NA	1	NA	NA	NA	NA	NA	NA	NA	NA	NA	NA	NA	NA	NA	NA	microsatellite stable or low-level microsatellite instability	69	1	0	NA	NA	NA	3	NA	STAD	NA	NA	NA	NA	NA	intestinal	NA	NA	NA	NA	NA	NA	NA	NA	NA	NA	NA	NA	NA	1	NA	NA	NA	Male	NA	NA	Matched	NA	NA	NA	NA	NA	NA	NA	NA	NA	NA	NA	NA	2.26666666667	NA	NA	NA	90	poor	NA	cardia	NA	NA	T4	IV	NA	NA	NA	NA	NA	NA	NA	NA	NA	NA	NA	NA	NA	NA	NA	NA	NA	NA	NA	NA	NA	NA	NA	NA	NA	NA	NA	NA	NA	NA	NA	NA	NA	NA	NA	NA	NA	NA	NA	NA	NA	NA	NA	NA	NA	NA	NA	NA	NA	NA	NA	NA	NA	NA	NA	NA	NA	NA	NA	NA	NA	NA	NA	NA	NA	NA	NA	NA	NA
stad_pfizer_uhongkong	pfg173T	pfg173T	61	NA	NA	NA	NA	NA	NA	NA	NA	Esophagogastric Cancer	Stomach Adenocarcinoma	NA	NA	NA	NA	NA	NA	NA	NA	NA	NA	NA	NA	NA	NA	0	NA	NA	NA	NA	NA	NA	NA	NA	NA	NA	1	NA	NA	NA	NA	NA	NA	NA	NA	NA	NA	NA	NA	NA	NA	microsatellite stable or low-level microsatellite instability	100	0	0	NA	NA	NA	1	NA	STAD	NA	NA	NA	NA	NA	intestinal	NA	NA	NA	NA	NA	NA	NA	NA	NA	NA	NA	NA	NA	1	NA	NA	NA	Male	NA	NA	Matched	NA	NA	NA	NA	NA	NA	NA	NA	NA	NA	NA	NA	3.36666666667	NA	NA	NA	90	moderate	NA	cardia	NA	NA	T4	IV	NA	NA	NA	NA	NA	NA	NA	NA	NA	NA	NA	NA	NA	NA	NA	NA	NA	NA	NA	NA	NA	NA	NA	NA	NA	NA	NA	NA	NA	NA	NA	NA	NA	NA	NA	NA	NA	NA	NA	NA	NA	NA	NA	NA	NA	NA	NA	NA	NA	NA	NA	NA	NA	NA	NA	NA	NA	NA	NA	NA	NA	NA	NA	NA	NA	NA	NA	NA	NA
stad_pfizer_uhongkong	pfg180T	pfg180T	75	NA	NA	NA	NA	NA	NA	NA	NA	Esophagogastric Cancer	Stomach Adenocarcinoma	NA	NA	NA	NA	NA	NA	NA	NA	NA	NA	NA	NA	NA	NA	0	NA	NA	NA	NA	NA	NA	NA	NA	NA	NA	0	NA	NA	NA	NA	NA	NA	NA	NA	NA	NA	NA	NA	NA	NA	microsatellite stable or low-level microsatellite instability	154	1	0	NA	NA	NA	3	NA	STAD	NA	NA	NA	NA	NA	diffuse	NA	NA	NA	NA	NA	NA	NA	NA	NA	NA	NA	NA	NA	1	NA	NA	NA	Male	NA	NA	Matched	NA	NA	NA	NA	NA	NA	NA	NA	NA	NA	NA	NA	5.2	NA	NA	NA	70	poor	NA	antrum	NA	NA	T4	IV	NA	NA	NA	NA	NA	NA	NA	NA	NA	NA	NA	NA	NA	NA	NA	NA	NA	NA	NA	NA	NA	NA	NA	NA	NA	NA	NA	NA	NA	NA	NA	NA	NA	NA	NA	NA	NA	NA	NA	NA	NA	NA	NA	NA	NA	NA	NA	NA	NA	NA	NA	NA	NA	NA	NA	NA	NA	NA	NA	NA	NA	NA	NA	NA	NA	NA	NA	NA	NA
stad_pfizer_uhongkong	pfg181T	pfg181T	77	NA	NA	NA	NA	NA	NA	NA	NA	Esophagogastric Cancer	Stomach Adenocarcinoma	NA	NA	NA	NA	NA	NA	NA	NA	NA	NA	NA	NA	NA	NA	0	NA	NA	NA	NA	NA	NA	NA	NA	NA	NA	0	NA	NA	NA	NA	NA	NA	NA	NA	NA	NA	NA	NA	NA	NA	high-level microsatellite instabiliy	1621	1	0	NA	NA	NA	3	NA	STAD	NA	NA	NA	NA	NA	intestinal	NA	NA	NA	NA	NA	NA	NA	NA	NA	NA	NA	NA	NA	1	NA	NA	NA	Female	NA	NA	Matched	NA	NA	NA	NA	NA	NA	NA	NA	NA	NA	NA	NA	54.7	NA	NA	NA	95	poor	NA	antrum	NA	NA	T4	IV	NA	NA	NA	NA	NA	NA	NA	NA	NA	NA	NA	NA	NA	NA	NA	NA	NA	NA	NA	NA	NA	NA	NA	NA	NA	NA	NA	NA	NA	NA	NA	NA	NA	NA	NA	NA	NA	NA	NA	NA	NA	NA	NA	NA	NA	NA	NA	NA	NA	NA	NA	NA	NA	NA	NA	NA	NA	NA	NA	NA	NA	NA	NA	NA	NA	NA	NA	NA	NA
stad_pfizer_uhongkong	pfg182T	pfg182T	39	NA	NA	NA	NA	NA	NA	NA	NA	Esophagogastric Cancer	Stomach Adenocarcinoma	NA	NA	NA	NA	NA	NA	NA	NA	NA	NA	NA	NA	NA	NA	0	NA	NA	NA	NA	NA	NA	NA	NA	NA	NA	0	NA	NA	NA	NA	NA	NA	NA	NA	NA	NA	NA	NA	NA	NA	microsatellite stable or low-level microsatellite instability	86	1	0	NA	NA	NA	3	NA	STAD	NA	NA	NA	NA	NA	diffuse	NA	NA	NA	NA	NA	NA	NA	NA	NA	NA	NA	NA	NA	1	NA	NA	NA	Female	NA	NA	Matched	NA	NA	NA	NA	NA	NA	NA	NA	NA	NA	NA	NA	2.93333333333	NA	NA	NA	80	poor	NA	antrum	NA	NA	T4	IV	NA	NA	NA	NA	NA	NA	NA	NA	NA	NA	NA	NA	NA	NA	NA	NA	NA	NA	NA	NA	NA	NA	NA	NA	NA	NA	NA	NA	NA	NA	NA	NA	NA	NA	NA	NA	NA	NA	NA	NA	NA	NA	NA	NA	NA	NA	NA	NA	NA	NA	NA	NA	NA	NA	NA	NA	NA	NA	NA	NA	NA	NA	NA	NA	NA	NA	NA	NA	NA
stad_pfizer_uhongkong	pfg205T	pfg205T	89	NA	NA	NA	NA	NA	NA	NA	NA	Esophagogastric Cancer	Stomach Adenocarcinoma	NA	NA	NA	NA	NA	NA	NA	NA	NA	NA	NA	NA	NA	NA	0	NA	NA	NA	NA	NA	NA	NA	NA	NA	NA	0	NA	NA	NA	NA	NA	NA	NA	NA	NA	NA	NA	NA	NA	NA	microsatellite stable or low-level microsatellite instability	93	0	0	NA	NA	NA	1	NA	STAD	NA	NA	NA	NA	NA	diffuse	NA	NA	NA	NA	NA	NA	NA	NA	NA	NA	NA	NA	NA	1	NA	NA	NA	Female	NA	NA	Matched	NA	NA	NA	NA	NA	NA	NA	NA	NA	NA	NA	NA	3.1	NA	NA	NA	85	moderate	NA	antrum	NA	NA	T4	IV	NA	NA	NA	NA	NA	NA	NA	NA	NA	NA	NA	NA	NA	NA	NA	NA	NA	NA	NA	NA	NA	NA	NA	NA	NA	NA	NA	NA	NA	NA	NA	NA	NA	NA	NA	NA	NA	NA	NA	NA	NA	NA	NA	NA	NA	NA	NA	NA	NA	NA	NA	NA	NA	NA	NA	NA	NA	NA	NA	NA	NA	NA	NA	NA	NA	NA	NA	NA	NA
stad_pfizer_uhongkong	pfg212T	pfg212T	81	NA	NA	NA	NA	NA	NA	NA	NA	Esophagogastric Cancer	Stomach Adenocarcinoma	NA	NA	NA	NA	NA	NA	NA	NA	NA	NA	NA	NA	NA	NA	0	NA	NA	NA	NA	NA	NA	NA	NA	NA	NA	0	NA	NA	NA	NA	NA	NA	NA	NA	NA	NA	NA	NA	NA	NA	high-level microsatellite instabiliy	651	0	0	NA	NA	NA	0	NA	STAD	NA	NA	NA	NA	NA	intestinal	NA	NA	NA	NA	NA	NA	NA	NA	NA	NA	NA	NA	NA	1	NA	NA	NA	Male	NA	NA	Matched	NA	NA	NA	NA	NA	NA	NA	NA	NA	NA	NA	NA	22.0333333333	NA	NA	NA	80	moderate	NA	antrum	NA	NA	T1	IA	NA	NA	NA	NA	NA	NA	NA	NA	NA	NA	NA	NA	NA	NA	NA	NA	NA	NA	NA	NA	NA	NA	NA	NA	NA	NA	NA	NA	NA	NA	NA	NA	NA	NA	NA	NA	NA	NA	NA	NA	NA	NA	NA	NA	NA	NA	NA	NA	NA	NA	NA	NA	NA	NA	NA	NA	NA	NA	NA	NA	NA	NA	NA	NA	NA	NA	NA	NA	NA
stad_pfizer_uhongkong	pfg213T	pfg213T	79	NA	NA	NA	NA	NA	NA	NA	NA	Esophagogastric Cancer	Stomach Adenocarcinoma	NA	NA	NA	NA	NA	NA	NA	NA	NA	NA	NA	NA	NA	NA	0	NA	NA	NA	NA	NA	NA	NA	NA	NA	NA	1	NA	NA	NA	NA	NA	NA	NA	NA	NA	NA	NA	NA	NA	NA	microsatellite stable or low-level microsatellite instability	42	0	0	NA	NA	NA	1	NA	STAD	NA	NA	NA	NA	NA	diffuse	NA	NA	NA	NA	NA	NA	NA	NA	NA	NA	NA	NA	NA	1	NA	NA	NA	Female	NA	NA	Matched	NA	NA	NA	NA	NA	NA	NA	NA	NA	NA	NA	NA	1.46666666667	NA	NA	NA	70	poor	NA	antrum	NA	NA	T2a	II	NA	NA	NA	NA	NA	NA	NA	NA	NA	NA	NA	NA	NA	NA	NA	NA	NA	NA	NA	NA	NA	NA	NA	NA	NA	NA	NA	NA	NA	NA	NA	NA	NA	NA	NA	NA	NA	NA	NA	NA	NA	NA	NA	NA	NA	NA	NA	NA	NA	NA	NA	NA	NA	NA	NA	NA	NA	NA	NA	NA	NA	NA	NA	NA	NA	NA	NA	NA	NA
stad_pfizer_uhongkong	pfg217T	pfg217T	85	NA	NA	NA	NA	NA	NA	NA	NA	Esophagogastric Cancer	Stomach Adenocarcinoma	NA	NA	NA	NA	NA	NA	NA	NA	NA	NA	NA	NA	NA	NA	0	NA	NA	NA	NA	NA	NA	NA	NA	NA	NA	0	NA	NA	NA	NA	NA	NA	NA	NA	NA	NA	NA	NA	NA	NA	microsatellite stable or low-level microsatellite instability	95	1	0	NA	NA	NA	2	NA	STAD	NA	NA	NA	NA	NA	intestinal	NA	NA	NA	NA	NA	NA	NA	NA	NA	NA	NA	NA	NA	1	NA	NA	NA	Male	NA	NA	Matched	NA	NA	NA	NA	NA	NA	NA	NA	NA	NA	NA	NA	3.26666666667	NA	NA	NA	80	poor	NA	cardia	NA	NA	T3	IV	NA	NA	NA	NA	NA	NA	NA	NA	NA	NA	NA	NA	NA	NA	NA	NA	NA	NA	NA	NA	NA	NA	NA	NA	NA	NA	NA	NA	NA	NA	NA	NA	NA	NA	NA	NA	NA	NA	NA	NA	NA	NA	NA	NA	NA	NA	NA	NA	NA	NA	NA	NA	NA	NA	NA	NA	NA	NA	NA	NA	NA	NA	NA	NA	NA	NA	NA	NA	NA
stad_pfizer_uhongkong	pfg220T	pfg220T	41	NA	NA	NA	NA	NA	NA	NA	NA	Esophagogastric Cancer	Stomach Adenocarcinoma	NA	NA	NA	NA	NA	NA	NA	NA	NA	NA	NA	NA	NA	NA	0	NA	NA	NA	NA	NA	NA	NA	NA	NA	NA	1	NA	NA	NA	NA	NA	NA	NA	NA	NA	NA	NA	NA	NA	NA	microsatellite stable or low-level microsatellite instability	41	0	0	NA	NA	NA	0	NA	STAD	NA	NA	NA	NA	NA	diffuse	NA	NA	NA	NA	NA	NA	NA	NA	NA	NA	NA	NA	NA	1	NA	NA	NA	Female	NA	NA	Matched	NA	NA	NA	NA	NA	NA	NA	NA	NA	NA	NA	NA	1.4	NA	NA	NA	90	poor	NA	antrum	NA	NA	T3	II	NA	NA	NA	NA	NA	NA	NA	NA	NA	NA	NA	NA	NA	NA	NA	NA	NA	NA	NA	NA	NA	NA	NA	NA	NA	NA	NA	NA	NA	NA	NA	NA	NA	NA	NA	NA	NA	NA	NA	NA	NA	NA	NA	NA	NA	NA	NA	NA	NA	NA	NA	NA	NA	NA	NA	NA	NA	NA	NA	NA	NA	NA	NA	NA	NA	NA	NA	NA	NA
stad_pfizer_uhongkong	pfg222T	pfg222T	85	NA	NA	NA	NA	NA	NA	NA	NA	Esophagogastric Cancer	Stomach Adenocarcinoma	NA	NA	NA	NA	NA	NA	NA	NA	NA	NA	NA	NA	NA	NA	0	NA	NA	NA	NA	NA	NA	NA	NA	NA	NA	0	NA	NA	NA	NA	NA	NA	NA	NA	NA	NA	NA	NA	NA	NA	microsatellite stable or low-level microsatellite instability	131	0	0	NA	NA	NA	3	NA	STAD	NA	NA	NA	NA	NA	diffuse	NA	NA	NA	NA	NA	NA	NA	NA	NA	NA	NA	NA	NA	1	NA	NA	NA	Female	NA	NA	Matched	NA	NA	NA	NA	NA	NA	NA	NA	NA	NA	NA	NA	4.43333333333	NA	NA	NA	90	poor	NA	antrum	NA	NA	T3	IV	NA	NA	NA	NA	NA	NA	NA	NA	NA	NA	NA	NA	NA	NA	NA	NA	NA	NA	NA	NA	NA	NA	NA	NA	NA	NA	NA	NA	NA	NA	NA	NA	NA	NA	NA	NA	NA	NA	NA	NA	NA	NA	NA	NA	NA	NA	NA	NA	NA	NA	NA	NA	NA	NA	NA	NA	NA	NA	NA	NA	NA	NA	NA	NA	NA	NA	NA	NA	NA
stad_pfizer_uhongkong	pfg228T	pfg228T	58	NA	NA	NA	NA	NA	NA	NA	NA	Esophagogastric Cancer	Stomach Adenocarcinoma	NA	NA	NA	NA	NA	NA	NA	NA	NA	NA	NA	NA	NA	NA	0	NA	NA	NA	NA	NA	NA	NA	NA	NA	NA	0	NA	NA	NA	NA	NA	NA	NA	NA	NA	NA	NA	NA	NA	NA	microsatellite stable or low-level microsatellite instability	38	0	0	NA	NA	NA	2	NA	STAD	NA	NA	NA	NA	NA	diffuse	NA	NA	NA	NA	NA	NA	NA	NA	NA	NA	NA	NA	NA	1	NA	NA	NA	Female	NA	NA	Matched	NA	NA	NA	NA	NA	NA	NA	NA	NA	NA	NA	NA	1.26666666667	NA	NA	NA	70	poor	NA	body	NA	NA	T4	IV	NA	NA	NA	NA	NA	NA	NA	NA	NA	NA	NA	NA	NA	NA	NA	NA	NA	NA	NA	NA	NA	NA	NA	NA	NA	NA	NA	NA	NA	NA	NA	NA	NA	NA	NA	NA	NA	NA	NA	NA	NA	NA	NA	NA	NA	NA	NA	NA	NA	NA	NA	NA	NA	NA	NA	NA	NA	NA	NA	NA	NA	NA	NA	NA	NA	NA	NA	NA	NA
stad_pfizer_uhongkong	pfg258T	pfg258T	78	NA	NA	NA	NA	NA	NA	NA	NA	Esophagogastric Cancer	Stomach Adenocarcinoma	NA	NA	NA	NA	NA	NA	NA	NA	NA	NA	NA	NA	NA	NA	0	NA	NA	NA	NA	NA	NA	NA	NA	NA	NA	0	NA	NA	NA	NA	NA	NA	NA	NA	NA	NA	NA	NA	NA	NA	microsatellite stable or low-level microsatellite instability	93	0	0	NA	NA	NA	0	NA	STAD	NA	NA	NA	NA	NA	diffuse	NA	NA	NA	NA	NA	NA	NA	NA	NA	NA	NA	NA	NA	1	NA	NA	NA	Male	NA	NA	Matched	NA	NA	NA	NA	NA	NA	NA	NA	NA	NA	NA	NA	3.26666666667	NA	NA	NA	80	poor	NA	cardia	NA	NA	T1	IA	NA	NA	NA	NA	NA	NA	NA	NA	NA	NA	NA	NA	NA	NA	NA	NA	NA	NA	NA	NA	NA	NA	NA	NA	NA	NA	NA	NA	NA	NA	NA	NA	NA	NA	NA	NA	NA	NA	NA	NA	NA	NA	NA	NA	NA	NA	NA	NA	NA	NA	NA	NA	NA	NA	NA	NA	NA	NA	NA	NA	NA	NA	NA	NA	NA	NA	NA	NA	NA
stad_pfizer_uhongkong	pfg272T	pfg272T	47	NA	NA	NA	NA	NA	NA	NA	NA	Esophagogastric Cancer	Stomach Adenocarcinoma	NA	NA	NA	NA	NA	NA	NA	NA	NA	NA	NA	NA	NA	NA	0	NA	NA	NA	NA	NA	NA	NA	NA	NA	NA	1	NA	NA	NA	NA	NA	NA	NA	NA	NA	NA	NA	NA	NA	NA	microsatellite stable or low-level microsatellite instability	113	0	0	NA	NA	NA	2	NA	STAD	NA	NA	NA	NA	NA	diffuse	NA	NA	NA	NA	NA	NA	NA	NA	NA	NA	NA	NA	NA	1	NA	NA	NA	Male	NA	NA	Matched	NA	NA	NA	NA	NA	NA	NA	NA	NA	NA	NA	NA	3.8	NA	NA	NA	80	poor	NA	antrum	NA	NA	T2b	IIIA	NA	NA	NA	NA	NA	NA	NA	NA	NA	NA	NA	NA	NA	NA	NA	NA	NA	NA	NA	NA	NA	NA	NA	NA	NA	NA	NA	NA	NA	NA	NA	NA	NA	NA	NA	NA	NA	NA	NA	NA	NA	NA	NA	NA	NA	NA	NA	NA	NA	NA	NA	NA	NA	NA	NA	NA	NA	NA	NA	NA	NA	NA	NA	NA	NA	NA	NA	NA	NA
stad_pfizer_uhongkong	pfg277T	pfg277T	77	NA	NA	NA	NA	NA	NA	NA	NA	Esophagogastric Cancer	Stomach Adenocarcinoma	NA	NA	NA	NA	NA	NA	NA	NA	NA	NA	NA	NA	NA	NA	0	NA	NA	NA	NA	NA	NA	NA	NA	NA	NA	1	NA	NA	NA	NA	NA	NA	NA	NA	NA	NA	NA	NA	NA	NA	microsatellite stable or low-level microsatellite instability	113	0	0	NA	NA	NA	2	NA	STAD	NA	NA	NA	NA	NA	mixed	NA	NA	NA	NA	NA	NA	NA	NA	NA	NA	NA	NA	NA	1	NA	NA	NA	Male	NA	NA	Matched	NA	NA	NA	NA	NA	NA	NA	NA	NA	NA	NA	NA	3.9	NA	NA	NA	90	poor	NA	cardia	NA	NA	T4	IV	NA	NA	NA	NA	NA	NA	NA	NA	NA	NA	NA	NA	NA	NA	NA	NA	NA	NA	NA	NA	NA	NA	NA	NA	NA	NA	NA	NA	NA	NA	NA	NA	NA	NA	NA	NA	NA	NA	NA	NA	NA	NA	NA	NA	NA	NA	NA	NA	NA	NA	NA	NA	NA	NA	NA	NA	NA	NA	NA	NA	NA	NA	NA	NA	NA	NA	NA	NA	NA
stad_pfizer_uhongkong	pfg282T	pfg282T	71	NA	NA	NA	NA	NA	NA	NA	NA	Esophagogastric Cancer	Stomach Adenocarcinoma	NA	NA	NA	NA	NA	NA	NA	NA	NA	NA	NA	NA	NA	NA	0	NA	NA	NA	NA	NA	NA	NA	NA	NA	NA	0	NA	NA	NA	NA	NA	NA	NA	NA	NA	NA	NA	NA	NA	NA	microsatellite stable or low-level microsatellite instability	63	0	0	NA	NA	NA	0	NA	STAD	NA	NA	NA	NA	NA	intestinal	NA	NA	NA	NA	NA	NA	NA	NA	NA	NA	NA	NA	NA	1	NA	NA	NA	Male	NA	NA	Matched	NA	NA	NA	NA	NA	NA	NA	NA	NA	NA	NA	NA	2.1	NA	NA	NA	70	moderate	NA	antrum	NA	NA	Tis	0	NA	NA	NA	NA	NA	NA	NA	NA	NA	NA	NA	NA	NA	NA	NA	NA	NA	NA	NA	NA	NA	NA	NA	NA	NA	NA	NA	NA	NA	NA	NA	NA	NA	NA	NA	NA	NA	NA	NA	NA	NA	NA	NA	NA	NA	NA	NA	NA	NA	NA	NA	NA	NA	NA	NA	NA	NA	NA	NA	NA	NA	NA	NA	NA	NA	NA	NA	NA	NA
stad_pfizer_uhongkong	pfg311T	pfg311T	43	NA	NA	NA	NA	NA	NA	NA	NA	Esophagogastric Cancer	Stomach Adenocarcinoma	NA	NA	NA	NA	NA	NA	NA	NA	NA	NA	NA	NA	NA	NA	0	NA	NA	NA	NA	NA	NA	NA	NA	NA	NA	0	NA	NA	NA	NA	NA	NA	NA	NA	NA	NA	NA	NA	NA	NA	microsatellite stable or low-level microsatellite instability	97	0	0	NA	NA	NA	2	NA	STAD	NA	NA	NA	NA	NA	mixed	NA	NA	NA	NA	NA	NA	NA	NA	NA	NA	NA	NA	NA	1	NA	NA	NA	Male	NA	NA	Matched	NA	NA	NA	NA	NA	NA	NA	NA	NA	NA	NA	NA	3.36666666667	NA	NA	NA	75	poor	NA	antrum	NA	NA	T3	IIIB	NA	NA	NA	NA	NA	NA	NA	NA	NA	NA	NA	NA	NA	NA	NA	NA	NA	NA	NA	NA	NA	NA	NA	NA	NA	NA	NA	NA	NA	NA	NA	NA	NA	NA	NA	NA	NA	NA	NA	NA	NA	NA	NA	NA	NA	NA	NA	NA	NA	NA	NA	NA	NA	NA	NA	NA	NA	NA	NA	NA	NA	NA	NA	NA	NA	NA	NA	NA	NA
stad_pfizer_uhongkong	pfg316T	pfg316T	56	NA	NA	NA	NA	NA	NA	NA	NA	Esophagogastric Cancer	Stomach Adenocarcinoma	NA	NA	NA	NA	NA	NA	NA	NA	NA	NA	NA	NA	NA	NA	0	NA	NA	NA	NA	NA	NA	NA	NA	NA	NA	1	NA	NA	NA	NA	NA	NA	NA	NA	NA	NA	NA	NA	NA	NA	microsatellite stable or low-level microsatellite instability	66	0	0	NA	NA	NA	1	NA	STAD	NA	NA	NA	NA	NA	diffuse	NA	NA	NA	NA	NA	NA	NA	NA	NA	NA	NA	NA	NA	1	NA	NA	NA	Male	NA	NA	Matched	NA	NA	NA	NA	NA	NA	NA	NA	NA	NA	NA	NA	2.2	NA	NA	NA	85	poor	NA	antrum	NA	NA	T3	IIIA	NA	NA	NA	NA	NA	NA	NA	NA	NA	NA	NA	NA	NA	NA	NA	NA	NA	NA	NA	NA	NA	NA	NA	NA	NA	NA	NA	NA	NA	NA	NA	NA	NA	NA	NA	NA	NA	NA	NA	NA	NA	NA	NA	NA	NA	NA	NA	NA	NA	NA	NA	NA	NA	NA	NA	NA	NA	NA	NA	NA	NA	NA	NA	NA	NA	NA	NA	NA	NA
stad_pfizer_uhongkong	pfg317T	pfg317T	43	NA	NA	NA	NA	NA	NA	NA	NA	Esophagogastric Cancer	Stomach Adenocarcinoma	NA	NA	NA	NA	NA	NA	NA	NA	NA	NA	NA	NA	NA	NA	0	NA	NA	NA	NA	NA	NA	NA	NA	NA	NA	0	NA	NA	NA	NA	NA	NA	NA	NA	NA	NA	NA	NA	NA	NA	microsatellite stable or low-level microsatellite instability	74	0	0	NA	NA	NA	2	NA	STAD	NA	NA	NA	NA	NA	diffuse	NA	NA	NA	NA	NA	NA	NA	NA	NA	NA	NA	NA	NA	1	NA	NA	NA	Female	NA	NA	Matched	NA	NA	NA	NA	NA	NA	NA	NA	NA	NA	NA	NA	2.46666666667	NA	NA	NA	65	poor	NA	body	NA	NA	T3	IIIB	NA	NA	NA	NA	NA	NA	NA	NA	NA	NA	NA	NA	NA	NA	NA	NA	NA	NA	NA	NA	NA	NA	NA	NA	NA	NA	NA	NA	NA	NA	NA	NA	NA	NA	NA	NA	NA	NA	NA	NA	NA	NA	NA	NA	NA	NA	NA	NA	NA	NA	NA	NA	NA	NA	NA	NA	NA	NA	NA	NA	NA	NA	NA	NA	NA	NA	NA	NA	NA
stad_pfizer_uhongkong	pfg344T	pfg344T	78	NA	NA	NA	NA	NA	NA	NA	NA	Esophagogastric Cancer	Stomach Adenocarcinoma	NA	NA	NA	NA	NA	NA	NA	NA	NA	NA	NA	NA	NA	NA	0	NA	NA	NA	NA	NA	NA	NA	NA	NA	NA	1	NA	NA	NA	NA	NA	NA	NA	NA	NA	NA	NA	NA	NA	NA	microsatellite stable or low-level microsatellite instability	90	0	0	NA	NA	NA	3	NA	STAD	NA	NA	NA	NA	NA	diffuse	NA	NA	NA	NA	NA	NA	NA	NA	NA	NA	NA	NA	NA	1	NA	NA	NA	Male	NA	NA	Matched	NA	NA	NA	NA	NA	NA	NA	NA	NA	NA	NA	NA	3.03333333333	NA	NA	NA	85	poor	NA	antrum	NA	NA	T4	IV	NA	NA	NA	NA	NA	NA	NA	NA	NA	NA	NA	NA	NA	NA	NA	NA	NA	NA	NA	NA	NA	NA	NA	NA	NA	NA	NA	NA	NA	NA	NA	NA	NA	NA	NA	NA	NA	NA	NA	NA	NA	NA	NA	NA	NA	NA	NA	NA	NA	NA	NA	NA	NA	NA	NA	NA	NA	NA	NA	NA	NA	NA	NA	NA	NA	NA	NA	NA	NA
stad_pfizer_uhongkong	pfg373T	pfg373T	56	NA	NA	NA	NA	NA	NA	NA	NA	Esophagogastric Cancer	Stomach Adenocarcinoma	NA	NA	NA	NA	NA	NA	NA	NA	NA	NA	NA	NA	NA	NA	0	NA	NA	NA	NA	NA	NA	NA	NA	NA	NA	0	NA	NA	NA	NA	NA	NA	NA	NA	NA	NA	NA	NA	NA	NA	microsatellite stable or low-level microsatellite instability	56	0	0	NA	NA	NA	2	NA	STAD	NA	NA	NA	NA	NA	mixed	NA	NA	NA	NA	NA	NA	NA	NA	NA	NA	NA	NA	NA	1	NA	NA	NA	Male	NA	NA	Matched	NA	NA	NA	NA	NA	NA	NA	NA	NA	NA	NA	NA	1.9	NA	NA	NA	70	poor	NA	body	NA	NA	T3	IIIB	NA	NA	NA	NA	NA	NA	NA	NA	NA	NA	NA	NA	NA	NA	NA	NA	NA	NA	NA	NA	NA	NA	NA	NA	NA	NA	NA	NA	NA	NA	NA	NA	NA	NA	NA	NA	NA	NA	NA	NA	NA	NA	NA	NA	NA	NA	NA	NA	NA	NA	NA	NA	NA	NA	NA	NA	NA	NA	NA	NA	NA	NA	NA	NA	NA	NA	NA	NA	NA
stad_pfizer_uhongkong	pfg375T	pfg375T	45	NA	NA	NA	NA	NA	NA	NA	NA	Esophagogastric Cancer	Stomach Adenocarcinoma	NA	NA	NA	NA	NA	NA	NA	NA	NA	NA	NA	NA	NA	NA	0	NA	NA	NA	NA	NA	NA	NA	NA	NA	NA	0	NA	NA	NA	NA	NA	NA	NA	NA	NA	NA	NA	NA	NA	NA	microsatellite stable or low-level microsatellite instability	39	0	0	NA	NA	NA	1	NA	STAD	NA	NA	NA	NA	NA	diffuse	NA	NA	NA	NA	NA	NA	NA	NA	NA	NA	NA	NA	NA	1	NA	NA	NA	Female	NA	NA	Matched	NA	NA	NA	NA	NA	NA	NA	NA	NA	NA	NA	NA	1.33333333333	NA	NA	NA	70	poor	NA	antrum	NA	NA	T3	IIIA	NA	NA	NA	NA	NA	NA	NA	NA	NA	NA	NA	NA	NA	NA	NA	NA	NA	NA	NA	NA	NA	NA	NA	NA	NA	NA	NA	NA	NA	NA	NA	NA	NA	NA	NA	NA	NA	NA	NA	NA	NA	NA	NA	NA	NA	NA	NA	NA	NA	NA	NA	NA	NA	NA	NA	NA	NA	NA	NA	NA	NA	NA	NA	NA	NA	NA	NA	NA	NA
stad_pfizer_uhongkong	pfg378T	pfg378T	48	NA	NA	NA	NA	NA	NA	NA	NA	Esophagogastric Cancer	Stomach Adenocarcinoma	NA	NA	NA	NA	NA	NA	NA	NA	NA	NA	NA	NA	NA	NA	0	NA	NA	NA	NA	NA	NA	NA	NA	NA	NA	1	NA	NA	NA	NA	NA	NA	NA	NA	NA	NA	NA	NA	NA	NA	microsatellite stable or low-level microsatellite instability	40	0	0	NA	NA	NA	0	NA	STAD	NA	NA	NA	NA	NA	mixed	NA	NA	NA	NA	NA	NA	NA	NA	NA	NA	NA	NA	NA	1	NA	NA	NA	Male	NA	NA	Matched	NA	NA	NA	NA	NA	NA	NA	NA	NA	NA	NA	NA	1.33333333333	NA	NA	NA	70	moderate	NA	antrum	NA	NA	T1	IA	NA	NA	NA	NA	NA	NA	NA	NA	NA	NA	NA	NA	NA	NA	NA	NA	NA	NA	NA	NA	NA	NA	NA	NA	NA	NA	NA	NA	NA	NA	NA	NA	NA	NA	NA	NA	NA	NA	NA	NA	NA	NA	NA	NA	NA	NA	NA	NA	NA	NA	NA	NA	NA	NA	NA	NA	NA	NA	NA	NA	NA	NA	NA	NA	NA	NA	NA	NA	NA
stad_pfizer_uhongkong	pfg398T	pfg398T	44	NA	NA	NA	NA	NA	NA	NA	NA	Esophagogastric Cancer	Stomach Adenocarcinoma	NA	NA	NA	NA	NA	NA	NA	NA	NA	NA	NA	NA	NA	NA	0	NA	NA	NA	NA	NA	NA	NA	NA	NA	NA	1	NA	NA	NA	NA	NA	NA	NA	NA	NA	NA	NA	NA	NA	NA	microsatellite stable or low-level microsatellite instability	21	0	0	NA	NA	NA	0	NA	STAD	NA	NA	NA	NA	NA	diffuse	NA	NA	NA	NA	NA	NA	NA	NA	NA	NA	NA	NA	NA	1	NA	NA	NA	Female	NA	NA	Matched	NA	NA	NA	NA	NA	NA	NA	NA	NA	NA	NA	NA	0.733333333333	NA	NA	NA	70	poor	NA	body	NA	NA	T1	IA	NA	NA	NA	NA	NA	NA	NA	NA	NA	NA	NA	NA	NA	NA	NA	NA	NA	NA	NA	NA	NA	NA	NA	NA	NA	NA	NA	NA	NA	NA	NA	NA	NA	NA	NA	NA	NA	NA	NA	NA	NA	NA	NA	NA	NA	NA	NA	NA	NA	NA	NA	NA	NA	NA	NA	NA	NA	NA	NA	NA	NA	NA	NA	NA	NA	NA	NA	NA	NA
stad_pfizer_uhongkong	pfg413T	pfg413T	65	NA	NA	NA	NA	NA	NA	NA	NA	Esophagogastric Cancer	Stomach Adenocarcinoma	NA	NA	NA	NA	NA	NA	NA	NA	NA	NA	NA	NA	NA	NA	0	NA	NA	NA	NA	NA	NA	NA	NA	NA	NA	1	NA	NA	NA	NA	NA	NA	NA	NA	NA	NA	NA	NA	NA	NA	microsatellite stable or low-level microsatellite instability	113	0	0	NA	NA	NA	1	NA	STAD	NA	NA	NA	NA	NA	intestinal	NA	NA	NA	NA	NA	NA	NA	NA	NA	NA	NA	NA	NA	1	NA	NA	NA	Male	NA	NA	Matched	NA	NA	NA	NA	NA	NA	NA	NA	NA	NA	NA	NA	3.8	NA	NA	NA	70	moderate	NA	body	NA	NA	T1	IB	NA	NA	NA	NA	NA	NA	NA	NA	NA	NA	NA	NA	NA	NA	NA	NA	NA	NA	NA	NA	NA	NA	NA	NA	NA	NA	NA	NA	NA	NA	NA	NA	NA	NA	NA	NA	NA	NA	NA	NA	NA	NA	NA	NA	NA	NA	NA	NA	NA	NA	NA	NA	NA	NA	NA	NA	NA	NA	NA	NA	NA	NA	NA	NA	NA	NA	NA	NA	NA
stad_pfizer_uhongkong	pfg416T	pfg416T	43	NA	NA	NA	NA	NA	NA	NA	NA	Esophagogastric Cancer	Stomach Adenocarcinoma	NA	NA	NA	NA	NA	NA	NA	NA	NA	NA	NA	NA	NA	NA	0	NA	NA	NA	NA	NA	NA	NA	NA	NA	NA	1	NA	NA	NA	NA	NA	NA	NA	NA	NA	NA	NA	NA	NA	NA	microsatellite stable or low-level microsatellite instability	48	0	0	NA	NA	NA	2	NA	STAD	NA	NA	NA	NA	NA	diffuse	NA	NA	NA	NA	NA	NA	NA	NA	NA	NA	NA	NA	NA	1	NA	NA	NA	Male	NA	NA	Matched	NA	NA	NA	NA	NA	NA	NA	NA	NA	NA	NA	NA	1.6	NA	NA	NA	70	poor	NA	body	NA	NA	T3	IIIB	NA	NA	NA	NA	NA	NA	NA	NA	NA	NA	NA	NA	NA	NA	NA	NA	NA	NA	NA	NA	NA	NA	NA	NA	NA	NA	NA	NA	NA	NA	NA	NA	NA	NA	NA	NA	NA	NA	NA	NA	NA	NA	NA	NA	NA	NA	NA	NA	NA	NA	NA	NA	NA	NA	NA	NA	NA	NA	NA	NA	NA	NA	NA	NA	NA	NA	NA	NA	NA
stad_pfizer_uhongkong	pfg424T	pfg424T	70	NA	NA	NA	NA	NA	NA	NA	NA	Esophagogastric Cancer	Stomach Adenocarcinoma	NA	NA	NA	NA	NA	NA	NA	NA	NA	NA	NA	NA	NA	NA	0	NA	NA	NA	NA	NA	NA	NA	NA	NA	NA	1	NA	NA	NA	NA	NA	NA	NA	NA	NA	NA	NA	NA	NA	NA	microsatellite stable or low-level microsatellite instability	38	1	0	NA	NA	NA	3	NA	STAD	NA	NA	NA	NA	NA	intestinal	NA	NA	NA	NA	NA	NA	NA	NA	NA	NA	NA	NA	NA	1	NA	NA	NA	Male	NA	NA	Matched	NA	NA	NA	NA	NA	NA	NA	NA	NA	NA	NA	NA	1.36666666667	NA	NA	NA	80	poor	NA	body	NA	NA	T3	IV	NA	NA	NA	NA	NA	NA	NA	NA	NA	NA	NA	NA	NA	NA	NA	NA	NA	NA	NA	NA	NA	NA	NA	NA	NA	NA	NA	NA	NA	NA	NA	NA	NA	NA	NA	NA	NA	NA	NA	NA	NA	NA	NA	NA	NA	NA	NA	NA	NA	NA	NA	NA	NA	NA	NA	NA	NA	NA	NA	NA	NA	NA	NA	NA	NA	NA	NA	NA	NA